2026-07-07 21:29:03 | ERROR    | aiogram.dispatcher | Failed to fetch updates - TelegramNetworkError: HTTP Client says - ClientOSError: [WinError 121] Превышен таймаут семафора
2026-07-07 21:52:53 | ERROR    | aiogram.dispatcher | Failed to fetch updates - TelegramNetworkError: HTTP Client says - ServerDisconnectedError: Server disconnected
2026-07-07 21:58:59 | ERROR    | aiogram.dispatcher | Failed to fetch updates - TelegramNetworkError: HTTP Client says - ServerDisconnectedError: Server disconnected
2026-07-07 22:02:40 | ERROR    | aiogram.dispatcher | Failed to fetch updates - TelegramNetworkError: HTTP Client says - ServerDisconnectedError: Server disconnected
2026-07-07 22:05:22 | ERROR    | aiogram.dispatcher | Failed to fetch updates - TelegramNetworkError: HTTP Client says - ServerDisconnectedError: Server disconnected
2026-07-07 22:15:05 | ERROR    | aiogram.dispatcher | Failed to fetch updates - TelegramNetworkError: HTTP Client says - ServerDisconnectedError: Server disconnected
2026-07-07 22:16:50 | ERROR    | aiogram.dispatcher | Failed to fetch updates - TelegramNetworkError: HTTP Client says - ServerDisconnectedError: Server disconnected
2026-07-07 23:25:11 | ERROR    | aiogram.dispatcher | Failed to fetch updates - TelegramNetworkError: HTTP Client says - Request timeout error
2026-07-07 23:32:50 | ERROR    | aiogram.dispatcher | Failed to fetch updates - TelegramNetworkError: HTTP Client says - Request timeout error
2026-07-07 23:38:43 | ERROR    | aiogram.dispatcher | Failed to fetch updates - TelegramNetworkError: HTTP Client says - ClientOSError: [WinError 64] Указанное сетевое имя более недоступно
2026-07-08 14:04:17 | ERROR    | aiogram.dispatcher | Failed to fetch updates - TelegramNetworkError: HTTP Client says - ServerDisconnectedError: Server disconnected
2026-07-08 14:05:39 | ERROR    | __main__ | Update ishlov berishda xatolik: 'Update' object has no attribute 'answer' | update=update_id=905840349 message=Message(message_id=1287, date=datetime.datetime(2026, 7, 8, 9, 5, 39, tzinfo=TzInfo(UTC)), chat=Chat(id=5041903465, type='private', title=None, username='maftunaaa_012', first_name='Maftuna', last_name=None, is_forum=None, is_direct_messages=None, accent_color_id=None, active_usernames=None, available_reactions=None, background_custom_emoji_id=None, bio=None, birthdate=None, business_intro=None, business_location=None, business_opening_hours=None, can_set_sticker_set=None, custom_emoji_sticker_set_name=None, description=None, emoji_status_custom_emoji_id=None, emoji_status_expiration_date=None, has_aggressive_anti_spam_enabled=None, has_hidden_members=None, has_private_forwards=None, has_protected_content=None, has_restricted_voice_and_video_messages=None, has_visible_history=None, invite_link=None, join_by_request=None, join_to_send_messages=None, linked_chat_id=None, location=None, message_auto_delete_time=None, permissions=None, personal_chat=None, photo=None, pinned_message=None, profile_accent_color_id=None, profile_background_custom_emoji_id=None, slow_mode_delay=None, sticker_set_name=None, unrestrict_boost_count=None), message_thread_id=None, direct_messages_topic=None, from_user=User(id=5041903465, is_bot=False, first_name='Maftuna', last_name=None, username='maftunaaa_012', language_code='uz', is_premium=None, added_to_attachment_menu=None, can_join_groups=None, can_read_all_group_messages=None, supports_guest_queries=None, supports_inline_queries=None, can_connect_to_business=None, has_main_web_app=None, has_topics_enabled=None, allows_users_to_create_topics=None, can_manage_bots=None, supports_join_request_queries=None), sender_chat=None, sender_boost_count=None, sender_business_bot=None, sender_tag=None, guest_query_id=None, business_connection_id=None, forward_origin=None, is_topic_message=None, is_automatic_forward=None, reply_to_message=None, external_reply=None, quote=None, reply_to_story=None, reply_to_checklist_task_id=None, reply_to_poll_option_id=None, via_bot=None, guest_bot_caller_user=None, guest_bot_caller_chat=None, edit_date=None, has_protected_content=None, is_from_offline=None, is_paid_post=None, media_group_id=None, author_signature=None, paid_star_count=None, text='/start', entities=[MessageEntity(type='bot_command', offset=0, length=6, url=None, user=None, language=None, custom_emoji_id=None, unix_time=None, date_time_format=None)], link_preview_options=None, suggested_post_info=None, effect_id=None, animation=None, audio=None, document=None, live_photo=None, paid_media=None, photo=None, sticker=None, story=None, video=None, video_note=None, voice=None, caption=None, caption_entities=None, show_caption_above_media=None, has_media_spoiler=None, checklist=None, contact=None, dice=None, game=None, poll=None, venue=None, location=None, new_chat_members=None, left_chat_member=None, chat_owner_left=None, chat_owner_changed=None, new_chat_title=None, new_chat_photo=None, delete_chat_photo=None, group_chat_created=None, supergroup_chat_created=None, channel_chat_created=None, message_auto_delete_timer_changed=None, migrate_to_chat_id=None, migrate_from_chat_id=None, pinned_message=None, invoice=None, successful_payment=None, refunded_payment=None, users_shared=None, chat_shared=None, gift=None, unique_gift=None, gift_upgrade_sent=None, connected_website=None, write_access_allowed=None, passport_data=None, proximity_alert_triggered=None, boost_added=None, chat_background_set=None, checklist_tasks_done=None, checklist_tasks_added=None, direct_message_price_changed=None, forum_topic_created=None, forum_topic_edited=None, forum_topic_closed=None, forum_topic_reopened=None, general_forum_topic_hidden=None, general_forum_topic_unhidden=None, giveaway_created=None, giveaway=None, giveaway_winners=None, giveaway_completed=None, managed_bot_created=None, paid_message_price_changed=None, poll_option_added=None, poll_option_deleted=None, suggested_post_approved=None, suggested_post_approval_failed=None, suggested_post_declined=None, suggested_post_paid=None, suggested_post_refunded=None, video_chat_scheduled=None, video_chat_started=None, video_chat_ended=None, video_chat_participants_invited=None, web_app_data=None, reply_markup=None, rich_message=None, forward_date=None, forward_from=None, forward_from_chat=None, forward_from_message_id=None, forward_sender_name=None, forward_signature=None, user_shared=None) edited_message=None channel_post=None edited_channel_post=None business_connection=None business_message=None edited_business_message=None deleted_business_messages=None guest_message=None message_reaction=None message_reaction_count=None inline_query=None chosen_inline_result=None callback_query=None shipping_query=None pre_checkout_query=None purchased_paid_media=None poll=None poll_answer=None my_chat_member=None chat_member=None chat_join_request=None chat_boost=None removed_chat_boost=None managed_bot=None
Traceback (most recent call last):
  File "C:\Users\PC.UZ\AppData\Local\Programs\Python\Python313\Lib\site-packages\aiogram\dispatcher\middlewares\error.py", line 27, in __call__
    return await handler(event, data)
           ^^^^^^^^^^^^^^^^^^^^^^^^^^
  File "C:\Users\PC.UZ\AppData\Local\Programs\Python\Python313\Lib\site-packages\aiogram\dispatcher\middlewares\user_context.py", line 58, in __call__
    return await handler(event, data)
           ^^^^^^^^^^^^^^^^^^^^^^^^^^
  File "C:\Users\PC.UZ\AppData\Local\Programs\Python\Python313\Lib\site-packages\aiogram\fsm\middleware.py", line 43, in __call__
    return await handler(event, data)
           ^^^^^^^^^^^^^^^^^^^^^^^^^^
  File "C:\Users\PC.UZ\AppData\Local\Programs\Python\Python313\Lib\site-packages\aiogram\dispatcher\event\telegram.py", line 126, in trigger
    return await wrapped_inner(event, kwargs)
           ^^^^^^^^^^^^^^^^^^^^^^^^^^^^^^^^^^
  File "c:\Users\PC.UZ\Desktop\cinema_bot\middlewares\db.py", line 23, in __call__
    return await handler(event, data)
           ^^^^^^^^^^^^^^^^^^^^^^^^^^
  File "c:\Users\PC.UZ\Desktop\cinema_bot\middlewares\i18n.py", line 42, in __call__
    return await handler(event, data)
           ^^^^^^^^^^^^^^^^^^^^^^^^^^
  File "c:\Users\PC.UZ\Desktop\cinema_bot\middlewares\block.py", line 33, in __call__
    await event.answer(text)
          ^^^^^^^^^^^^
  File "C:\Users\PC.UZ\AppData\Roaming\Python\Python313\site-packages\pydantic\main.py", line 991, in __getattr__
    raise AttributeError(f'{type(self).__name__!r} object has no attribute {item!r}')
AttributeError: 'Update' object has no attribute 'answer'
2026-07-08 14:05:41 | ERROR    | __main__ | Update ishlov berishda xatolik: 'Update' object has no attribute 'answer' | update=update_id=905840350 message=Message(message_id=1288, date=datetime.datetime(2026, 7, 8, 9, 5, 41, tzinfo=TzInfo(UTC)), chat=Chat(id=5041903465, type='private', title=None, username='maftunaaa_012', first_name='Maftuna', last_name=None, is_forum=None, is_direct_messages=None, accent_color_id=None, active_usernames=None, available_reactions=None, background_custom_emoji_id=None, bio=None, birthdate=None, business_intro=None, business_location=None, business_opening_hours=None, can_set_sticker_set=None, custom_emoji_sticker_set_name=None, description=None, emoji_status_custom_emoji_id=None, emoji_status_expiration_date=None, has_aggressive_anti_spam_enabled=None, has_hidden_members=None, has_private_forwards=None, has_protected_content=None, has_restricted_voice_and_video_messages=None, has_visible_history=None, invite_link=None, join_by_request=None, join_to_send_messages=None, linked_chat_id=None, location=None, message_auto_delete_time=None, permissions=None, personal_chat=None, photo=None, pinned_message=None, profile_accent_color_id=None, profile_background_custom_emoji_id=None, slow_mode_delay=None, sticker_set_name=None, unrestrict_boost_count=None), message_thread_id=None, direct_messages_topic=None, from_user=User(id=5041903465, is_bot=False, first_name='Maftuna', last_name=None, username='maftunaaa_012', language_code='uz', is_premium=None, added_to_attachment_menu=None, can_join_groups=None, can_read_all_group_messages=None, supports_guest_queries=None, supports_inline_queries=None, can_connect_to_business=None, has_main_web_app=None, has_topics_enabled=None, allows_users_to_create_topics=None, can_manage_bots=None, supports_join_request_queries=None), sender_chat=None, sender_boost_count=None, sender_business_bot=None, sender_tag=None, guest_query_id=None, business_connection_id=None, forward_origin=None, is_topic_message=None, is_automatic_forward=None, reply_to_message=None, external_reply=None, quote=None, reply_to_story=None, reply_to_checklist_task_id=None, reply_to_poll_option_id=None, via_bot=None, guest_bot_caller_user=None, guest_bot_caller_chat=None, edit_date=None, has_protected_content=None, is_from_offline=None, is_paid_post=None, media_group_id=None, author_signature=None, paid_star_count=None, text='/start', entities=[MessageEntity(type='bot_command', offset=0, length=6, url=None, user=None, language=None, custom_emoji_id=None, unix_time=None, date_time_format=None)], link_preview_options=None, suggested_post_info=None, effect_id=None, animation=None, audio=None, document=None, live_photo=None, paid_media=None, photo=None, sticker=None, story=None, video=None, video_note=None, voice=None, caption=None, caption_entities=None, show_caption_above_media=None, has_media_spoiler=None, checklist=None, contact=None, dice=None, game=None, poll=None, venue=None, location=None, new_chat_members=None, left_chat_member=None, chat_owner_left=None, chat_owner_changed=None, new_chat_title=None, new_chat_photo=None, delete_chat_photo=None, group_chat_created=None, supergroup_chat_created=None, channel_chat_created=None, message_auto_delete_timer_changed=None, migrate_to_chat_id=None, migrate_from_chat_id=None, pinned_message=None, invoice=None, successful_payment=None, refunded_payment=None, users_shared=None, chat_shared=None, gift=None, unique_gift=None, gift_upgrade_sent=None, connected_website=None, write_access_allowed=None, passport_data=None, proximity_alert_triggered=None, boost_added=None, chat_background_set=None, checklist_tasks_done=None, checklist_tasks_added=None, direct_message_price_changed=None, forum_topic_created=None, forum_topic_edited=None, forum_topic_closed=None, forum_topic_reopened=None, general_forum_topic_hidden=None, general_forum_topic_unhidden=None, giveaway_created=None, giveaway=None, giveaway_winners=None, giveaway_completed=None, managed_bot_created=None, paid_message_price_changed=None, poll_option_added=None, poll_option_deleted=None, suggested_post_approved=None, suggested_post_approval_failed=None, suggested_post_declined=None, suggested_post_paid=None, suggested_post_refunded=None, video_chat_scheduled=None, video_chat_started=None, video_chat_ended=None, video_chat_participants_invited=None, web_app_data=None, reply_markup=None, rich_message=None, forward_date=None, forward_from=None, forward_from_chat=None, forward_from_message_id=None, forward_sender_name=None, forward_signature=None, user_shared=None) edited_message=None channel_post=None edited_channel_post=None business_connection=None business_message=None edited_business_message=None deleted_business_messages=None guest_message=None message_reaction=None message_reaction_count=None inline_query=None chosen_inline_result=None callback_query=None shipping_query=None pre_checkout_query=None purchased_paid_media=None poll=None poll_answer=None my_chat_member=None chat_member=None chat_join_request=None chat_boost=None removed_chat_boost=None managed_bot=None
Traceback (most recent call last):
  File "C:\Users\PC.UZ\AppData\Local\Programs\Python\Python313\Lib\site-packages\aiogram\dispatcher\middlewares\error.py", line 27, in __call__
    return await handler(event, data)
           ^^^^^^^^^^^^^^^^^^^^^^^^^^
  File "C:\Users\PC.UZ\AppData\Local\Programs\Python\Python313\Lib\site-packages\aiogram\dispatcher\middlewares\user_context.py", line 58, in __call__
    return await handler(event, data)
           ^^^^^^^^^^^^^^^^^^^^^^^^^^
  File "C:\Users\PC.UZ\AppData\Local\Programs\Python\Python313\Lib\site-packages\aiogram\fsm\middleware.py", line 43, in __call__
    return await handler(event, data)
           ^^^^^^^^^^^^^^^^^^^^^^^^^^
  File "C:\Users\PC.UZ\AppData\Local\Programs\Python\Python313\Lib\site-packages\aiogram\dispatcher\event\telegram.py", line 126, in trigger
    return await wrapped_inner(event, kwargs)
           ^^^^^^^^^^^^^^^^^^^^^^^^^^^^^^^^^^
  File "c:\Users\PC.UZ\Desktop\cinema_bot\middlewares\db.py", line 23, in __call__
    return await handler(event, data)
           ^^^^^^^^^^^^^^^^^^^^^^^^^^
  File "c:\Users\PC.UZ\Desktop\cinema_bot\middlewares\i18n.py", line 42, in __call__
    return await handler(event, data)
           ^^^^^^^^^^^^^^^^^^^^^^^^^^
  File "c:\Users\PC.UZ\Desktop\cinema_bot\middlewares\block.py", line 33, in __call__
    await event.answer(text)
          ^^^^^^^^^^^^
  File "C:\Users\PC.UZ\AppData\Roaming\Python\Python313\site-packages\pydantic\main.py", line 991, in __getattr__
    raise AttributeError(f'{type(self).__name__!r} object has no attribute {item!r}')
AttributeError: 'Update' object has no attribute 'answer'
2026-07-08 14:05:42 | ERROR    | __main__ | Update ishlov berishda xatolik: 'Update' object has no attribute 'answer' | update=update_id=905840351 message=Message(message_id=1289, date=datetime.datetime(2026, 7, 8, 9, 5, 42, tzinfo=TzInfo(UTC)), chat=Chat(id=5041903465, type='private', title=None, username='maftunaaa_012', first_name='Maftuna', last_name=None, is_forum=None, is_direct_messages=None, accent_color_id=None, active_usernames=None, available_reactions=None, background_custom_emoji_id=None, bio=None, birthdate=None, business_intro=None, business_location=None, business_opening_hours=None, can_set_sticker_set=None, custom_emoji_sticker_set_name=None, description=None, emoji_status_custom_emoji_id=None, emoji_status_expiration_date=None, has_aggressive_anti_spam_enabled=None, has_hidden_members=None, has_private_forwards=None, has_protected_content=None, has_restricted_voice_and_video_messages=None, has_visible_history=None, invite_link=None, join_by_request=None, join_to_send_messages=None, linked_chat_id=None, location=None, message_auto_delete_time=None, permissions=None, personal_chat=None, photo=None, pinned_message=None, profile_accent_color_id=None, profile_background_custom_emoji_id=None, slow_mode_delay=None, sticker_set_name=None, unrestrict_boost_count=None), message_thread_id=None, direct_messages_topic=None, from_user=User(id=5041903465, is_bot=False, first_name='Maftuna', last_name=None, username='maftunaaa_012', language_code='uz', is_premium=None, added_to_attachment_menu=None, can_join_groups=None, can_read_all_group_messages=None, supports_guest_queries=None, supports_inline_queries=None, can_connect_to_business=None, has_main_web_app=None, has_topics_enabled=None, allows_users_to_create_topics=None, can_manage_bots=None, supports_join_request_queries=None), sender_chat=None, sender_boost_count=None, sender_business_bot=None, sender_tag=None, guest_query_id=None, business_connection_id=None, forward_origin=None, is_topic_message=None, is_automatic_forward=None, reply_to_message=None, external_reply=None, quote=None, reply_to_story=None, reply_to_checklist_task_id=None, reply_to_poll_option_id=None, via_bot=None, guest_bot_caller_user=None, guest_bot_caller_chat=None, edit_date=None, has_protected_content=None, is_from_offline=None, is_paid_post=None, media_group_id=None, author_signature=None, paid_star_count=None, text='/start', entities=[MessageEntity(type='bot_command', offset=0, length=6, url=None, user=None, language=None, custom_emoji_id=None, unix_time=None, date_time_format=None)], link_preview_options=None, suggested_post_info=None, effect_id=None, animation=None, audio=None, document=None, live_photo=None, paid_media=None, photo=None, sticker=None, story=None, video=None, video_note=None, voice=None, caption=None, caption_entities=None, show_caption_above_media=None, has_media_spoiler=None, checklist=None, contact=None, dice=None, game=None, poll=None, venue=None, location=None, new_chat_members=None, left_chat_member=None, chat_owner_left=None, chat_owner_changed=None, new_chat_title=None, new_chat_photo=None, delete_chat_photo=None, group_chat_created=None, supergroup_chat_created=None, channel_chat_created=None, message_auto_delete_timer_changed=None, migrate_to_chat_id=None, migrate_from_chat_id=None, pinned_message=None, invoice=None, successful_payment=None, refunded_payment=None, users_shared=None, chat_shared=None, gift=None, unique_gift=None, gift_upgrade_sent=None, connected_website=None, write_access_allowed=None, passport_data=None, proximity_alert_triggered=None, boost_added=None, chat_background_set=None, checklist_tasks_done=None, checklist_tasks_added=None, direct_message_price_changed=None, forum_topic_created=None, forum_topic_edited=None, forum_topic_closed=None, forum_topic_reopened=None, general_forum_topic_hidden=None, general_forum_topic_unhidden=None, giveaway_created=None, giveaway=None, giveaway_winners=None, giveaway_completed=None, managed_bot_created=None, paid_message_price_changed=None, poll_option_added=None, poll_option_deleted=None, suggested_post_approved=None, suggested_post_approval_failed=None, suggested_post_declined=None, suggested_post_paid=None, suggested_post_refunded=None, video_chat_scheduled=None, video_chat_started=None, video_chat_ended=None, video_chat_participants_invited=None, web_app_data=None, reply_markup=None, rich_message=None, forward_date=None, forward_from=None, forward_from_chat=None, forward_from_message_id=None, forward_sender_name=None, forward_signature=None, user_shared=None) edited_message=None channel_post=None edited_channel_post=None business_connection=None business_message=None edited_business_message=None deleted_business_messages=None guest_message=None message_reaction=None message_reaction_count=None inline_query=None chosen_inline_result=None callback_query=None shipping_query=None pre_checkout_query=None purchased_paid_media=None poll=None poll_answer=None my_chat_member=None chat_member=None chat_join_request=None chat_boost=None removed_chat_boost=None managed_bot=None
Traceback (most recent call last):
  File "C:\Users\PC.UZ\AppData\Local\Programs\Python\Python313\Lib\site-packages\aiogram\dispatcher\middlewares\error.py", line 27, in __call__
    return await handler(event, data)
           ^^^^^^^^^^^^^^^^^^^^^^^^^^
  File "C:\Users\PC.UZ\AppData\Local\Programs\Python\Python313\Lib\site-packages\aiogram\dispatcher\middlewares\user_context.py", line 58, in __call__
    return await handler(event, data)
           ^^^^^^^^^^^^^^^^^^^^^^^^^^
  File "C:\Users\PC.UZ\AppData\Local\Programs\Python\Python313\Lib\site-packages\aiogram\fsm\middleware.py", line 43, in __call__
    return await handler(event, data)
           ^^^^^^^^^^^^^^^^^^^^^^^^^^
  File "C:\Users\PC.UZ\AppData\Local\Programs\Python\Python313\Lib\site-packages\aiogram\dispatcher\event\telegram.py", line 126, in trigger
    return await wrapped_inner(event, kwargs)
           ^^^^^^^^^^^^^^^^^^^^^^^^^^^^^^^^^^
  File "c:\Users\PC.UZ\Desktop\cinema_bot\middlewares\db.py", line 23, in __call__
    return await handler(event, data)
           ^^^^^^^^^^^^^^^^^^^^^^^^^^
  File "c:\Users\PC.UZ\Desktop\cinema_bot\middlewares\i18n.py", line 42, in __call__
    return await handler(event, data)
           ^^^^^^^^^^^^^^^^^^^^^^^^^^
  File "c:\Users\PC.UZ\Desktop\cinema_bot\middlewares\block.py", line 33, in __call__
    await event.answer(text)
          ^^^^^^^^^^^^
  File "C:\Users\PC.UZ\AppData\Roaming\Python\Python313\site-packages\pydantic\main.py", line 991, in __getattr__
    raise AttributeError(f'{type(self).__name__!r} object has no attribute {item!r}')
AttributeError: 'Update' object has no attribute 'answer'
2026-07-08 14:05:43 | ERROR    | __main__ | Update ishlov berishda xatolik: 'Update' object has no attribute 'answer' | update=update_id=905840352 message=Message(message_id=1290, date=datetime.datetime(2026, 7, 8, 9, 5, 43, tzinfo=TzInfo(UTC)), chat=Chat(id=5041903465, type='private', title=None, username='maftunaaa_012', first_name='Maftuna', last_name=None, is_forum=None, is_direct_messages=None, accent_color_id=None, active_usernames=None, available_reactions=None, background_custom_emoji_id=None, bio=None, birthdate=None, business_intro=None, business_location=None, business_opening_hours=None, can_set_sticker_set=None, custom_emoji_sticker_set_name=None, description=None, emoji_status_custom_emoji_id=None, emoji_status_expiration_date=None, has_aggressive_anti_spam_enabled=None, has_hidden_members=None, has_private_forwards=None, has_protected_content=None, has_restricted_voice_and_video_messages=None, has_visible_history=None, invite_link=None, join_by_request=None, join_to_send_messages=None, linked_chat_id=None, location=None, message_auto_delete_time=None, permissions=None, personal_chat=None, photo=None, pinned_message=None, profile_accent_color_id=None, profile_background_custom_emoji_id=None, slow_mode_delay=None, sticker_set_name=None, unrestrict_boost_count=None), message_thread_id=None, direct_messages_topic=None, from_user=User(id=5041903465, is_bot=False, first_name='Maftuna', last_name=None, username='maftunaaa_012', language_code='uz', is_premium=None, added_to_attachment_menu=None, can_join_groups=None, can_read_all_group_messages=None, supports_guest_queries=None, supports_inline_queries=None, can_connect_to_business=None, has_main_web_app=None, has_topics_enabled=None, allows_users_to_create_topics=None, can_manage_bots=None, supports_join_request_queries=None), sender_chat=None, sender_boost_count=None, sender_business_bot=None, sender_tag=None, guest_query_id=None, business_connection_id=None, forward_origin=None, is_topic_message=None, is_automatic_forward=None, reply_to_message=None, external_reply=None, quote=None, reply_to_story=None, reply_to_checklist_task_id=None, reply_to_poll_option_id=None, via_bot=None, guest_bot_caller_user=None, guest_bot_caller_chat=None, edit_date=None, has_protected_content=None, is_from_offline=None, is_paid_post=None, media_group_id=None, author_signature=None, paid_star_count=None, text='/start', entities=[MessageEntity(type='bot_command', offset=0, length=6, url=None, user=None, language=None, custom_emoji_id=None, unix_time=None, date_time_format=None)], link_preview_options=None, suggested_post_info=None, effect_id=None, animation=None, audio=None, document=None, live_photo=None, paid_media=None, photo=None, sticker=None, story=None, video=None, video_note=None, voice=None, caption=None, caption_entities=None, show_caption_above_media=None, has_media_spoiler=None, checklist=None, contact=None, dice=None, game=None, poll=None, venue=None, location=None, new_chat_members=None, left_chat_member=None, chat_owner_left=None, chat_owner_changed=None, new_chat_title=None, new_chat_photo=None, delete_chat_photo=None, group_chat_created=None, supergroup_chat_created=None, channel_chat_created=None, message_auto_delete_timer_changed=None, migrate_to_chat_id=None, migrate_from_chat_id=None, pinned_message=None, invoice=None, successful_payment=None, refunded_payment=None, users_shared=None, chat_shared=None, gift=None, unique_gift=None, gift_upgrade_sent=None, connected_website=None, write_access_allowed=None, passport_data=None, proximity_alert_triggered=None, boost_added=None, chat_background_set=None, checklist_tasks_done=None, checklist_tasks_added=None, direct_message_price_changed=None, forum_topic_created=None, forum_topic_edited=None, forum_topic_closed=None, forum_topic_reopened=None, general_forum_topic_hidden=None, general_forum_topic_unhidden=None, giveaway_created=None, giveaway=None, giveaway_winners=None, giveaway_completed=None, managed_bot_created=None, paid_message_price_changed=None, poll_option_added=None, poll_option_deleted=None, suggested_post_approved=None, suggested_post_approval_failed=None, suggested_post_declined=None, suggested_post_paid=None, suggested_post_refunded=None, video_chat_scheduled=None, video_chat_started=None, video_chat_ended=None, video_chat_participants_invited=None, web_app_data=None, reply_markup=None, rich_message=None, forward_date=None, forward_from=None, forward_from_chat=None, forward_from_message_id=None, forward_sender_name=None, forward_signature=None, user_shared=None) edited_message=None channel_post=None edited_channel_post=None business_connection=None business_message=None edited_business_message=None deleted_business_messages=None guest_message=None message_reaction=None message_reaction_count=None inline_query=None chosen_inline_result=None callback_query=None shipping_query=None pre_checkout_query=None purchased_paid_media=None poll=None poll_answer=None my_chat_member=None chat_member=None chat_join_request=None chat_boost=None removed_chat_boost=None managed_bot=None
Traceback (most recent call last):
  File "C:\Users\PC.UZ\AppData\Local\Programs\Python\Python313\Lib\site-packages\aiogram\dispatcher\middlewares\error.py", line 27, in __call__
    return await handler(event, data)
           ^^^^^^^^^^^^^^^^^^^^^^^^^^
  File "C:\Users\PC.UZ\AppData\Local\Programs\Python\Python313\Lib\site-packages\aiogram\dispatcher\middlewares\user_context.py", line 58, in __call__
    return await handler(event, data)
           ^^^^^^^^^^^^^^^^^^^^^^^^^^
  File "C:\Users\PC.UZ\AppData\Local\Programs\Python\Python313\Lib\site-packages\aiogram\fsm\middleware.py", line 43, in __call__
    return await handler(event, data)
           ^^^^^^^^^^^^^^^^^^^^^^^^^^
  File "C:\Users\PC.UZ\AppData\Local\Programs\Python\Python313\Lib\site-packages\aiogram\dispatcher\event\telegram.py", line 126, in trigger
    return await wrapped_inner(event, kwargs)
           ^^^^^^^^^^^^^^^^^^^^^^^^^^^^^^^^^^
  File "c:\Users\PC.UZ\Desktop\cinema_bot\middlewares\db.py", line 23, in __call__
    return await handler(event, data)
           ^^^^^^^^^^^^^^^^^^^^^^^^^^
  File "c:\Users\PC.UZ\Desktop\cinema_bot\middlewares\i18n.py", line 42, in __call__
    return await handler(event, data)
           ^^^^^^^^^^^^^^^^^^^^^^^^^^
  File "c:\Users\PC.UZ\Desktop\cinema_bot\middlewares\block.py", line 33, in __call__
    await event.answer(text)
          ^^^^^^^^^^^^
  File "C:\Users\PC.UZ\AppData\Roaming\Python\Python313\site-packages\pydantic\main.py", line 991, in __getattr__
    raise AttributeError(f'{type(self).__name__!r} object has no attribute {item!r}')
AttributeError: 'Update' object has no attribute 'answer'
2026-07-08 14:05:43 | ERROR    | __main__ | Update ishlov berishda xatolik: 'Update' object has no attribute 'answer' | update=update_id=905840353 message=Message(message_id=1291, date=datetime.datetime(2026, 7, 8, 9, 5, 44, tzinfo=TzInfo(UTC)), chat=Chat(id=5041903465, type='private', title=None, username='maftunaaa_012', first_name='Maftuna', last_name=None, is_forum=None, is_direct_messages=None, accent_color_id=None, active_usernames=None, available_reactions=None, background_custom_emoji_id=None, bio=None, birthdate=None, business_intro=None, business_location=None, business_opening_hours=None, can_set_sticker_set=None, custom_emoji_sticker_set_name=None, description=None, emoji_status_custom_emoji_id=None, emoji_status_expiration_date=None, has_aggressive_anti_spam_enabled=None, has_hidden_members=None, has_private_forwards=None, has_protected_content=None, has_restricted_voice_and_video_messages=None, has_visible_history=None, invite_link=None, join_by_request=None, join_to_send_messages=None, linked_chat_id=None, location=None, message_auto_delete_time=None, permissions=None, personal_chat=None, photo=None, pinned_message=None, profile_accent_color_id=None, profile_background_custom_emoji_id=None, slow_mode_delay=None, sticker_set_name=None, unrestrict_boost_count=None), message_thread_id=None, direct_messages_topic=None, from_user=User(id=5041903465, is_bot=False, first_name='Maftuna', last_name=None, username='maftunaaa_012', language_code='uz', is_premium=None, added_to_attachment_menu=None, can_join_groups=None, can_read_all_group_messages=None, supports_guest_queries=None, supports_inline_queries=None, can_connect_to_business=None, has_main_web_app=None, has_topics_enabled=None, allows_users_to_create_topics=None, can_manage_bots=None, supports_join_request_queries=None), sender_chat=None, sender_boost_count=None, sender_business_bot=None, sender_tag=None, guest_query_id=None, business_connection_id=None, forward_origin=None, is_topic_message=None, is_automatic_forward=None, reply_to_message=None, external_reply=None, quote=None, reply_to_story=None, reply_to_checklist_task_id=None, reply_to_poll_option_id=None, via_bot=None, guest_bot_caller_user=None, guest_bot_caller_chat=None, edit_date=None, has_protected_content=None, is_from_offline=None, is_paid_post=None, media_group_id=None, author_signature=None, paid_star_count=None, text='/start', entities=[MessageEntity(type='bot_command', offset=0, length=6, url=None, user=None, language=None, custom_emoji_id=None, unix_time=None, date_time_format=None)], link_preview_options=None, suggested_post_info=None, effect_id=None, animation=None, audio=None, document=None, live_photo=None, paid_media=None, photo=None, sticker=None, story=None, video=None, video_note=None, voice=None, caption=None, caption_entities=None, show_caption_above_media=None, has_media_spoiler=None, checklist=None, contact=None, dice=None, game=None, poll=None, venue=None, location=None, new_chat_members=None, left_chat_member=None, chat_owner_left=None, chat_owner_changed=None, new_chat_title=None, new_chat_photo=None, delete_chat_photo=None, group_chat_created=None, supergroup_chat_created=None, channel_chat_created=None, message_auto_delete_timer_changed=None, migrate_to_chat_id=None, migrate_from_chat_id=None, pinned_message=None, invoice=None, successful_payment=None, refunded_payment=None, users_shared=None, chat_shared=None, gift=None, unique_gift=None, gift_upgrade_sent=None, connected_website=None, write_access_allowed=None, passport_data=None, proximity_alert_triggered=None, boost_added=None, chat_background_set=None, checklist_tasks_done=None, checklist_tasks_added=None, direct_message_price_changed=None, forum_topic_created=None, forum_topic_edited=None, forum_topic_closed=None, forum_topic_reopened=None, general_forum_topic_hidden=None, general_forum_topic_unhidden=None, giveaway_created=None, giveaway=None, giveaway_winners=None, giveaway_completed=None, managed_bot_created=None, paid_message_price_changed=None, poll_option_added=None, poll_option_deleted=None, suggested_post_approved=None, suggested_post_approval_failed=None, suggested_post_declined=None, suggested_post_paid=None, suggested_post_refunded=None, video_chat_scheduled=None, video_chat_started=None, video_chat_ended=None, video_chat_participants_invited=None, web_app_data=None, reply_markup=None, rich_message=None, forward_date=None, forward_from=None, forward_from_chat=None, forward_from_message_id=None, forward_sender_name=None, forward_signature=None, user_shared=None) edited_message=None channel_post=None edited_channel_post=None business_connection=None business_message=None edited_business_message=None deleted_business_messages=None guest_message=None message_reaction=None message_reaction_count=None inline_query=None chosen_inline_result=None callback_query=None shipping_query=None pre_checkout_query=None purchased_paid_media=None poll=None poll_answer=None my_chat_member=None chat_member=None chat_join_request=None chat_boost=None removed_chat_boost=None managed_bot=None
Traceback (most recent call last):
  File "C:\Users\PC.UZ\AppData\Local\Programs\Python\Python313\Lib\site-packages\aiogram\dispatcher\middlewares\error.py", line 27, in __call__
    return await handler(event, data)
           ^^^^^^^^^^^^^^^^^^^^^^^^^^
  File "C:\Users\PC.UZ\AppData\Local\Programs\Python\Python313\Lib\site-packages\aiogram\dispatcher\middlewares\user_context.py", line 58, in __call__
    return await handler(event, data)
           ^^^^^^^^^^^^^^^^^^^^^^^^^^
  File "C:\Users\PC.UZ\AppData\Local\Programs\Python\Python313\Lib\site-packages\aiogram\fsm\middleware.py", line 43, in __call__
    return await handler(event, data)
           ^^^^^^^^^^^^^^^^^^^^^^^^^^
  File "C:\Users\PC.UZ\AppData\Local\Programs\Python\Python313\Lib\site-packages\aiogram\dispatcher\event\telegram.py", line 126, in trigger
    return await wrapped_inner(event, kwargs)
           ^^^^^^^^^^^^^^^^^^^^^^^^^^^^^^^^^^
  File "c:\Users\PC.UZ\Desktop\cinema_bot\middlewares\db.py", line 23, in __call__
    return await handler(event, data)
           ^^^^^^^^^^^^^^^^^^^^^^^^^^
  File "c:\Users\PC.UZ\Desktop\cinema_bot\middlewares\i18n.py", line 42, in __call__
    return await handler(event, data)
           ^^^^^^^^^^^^^^^^^^^^^^^^^^
  File "c:\Users\PC.UZ\Desktop\cinema_bot\middlewares\block.py", line 33, in __call__
    await event.answer(text)
          ^^^^^^^^^^^^
  File "C:\Users\PC.UZ\AppData\Roaming\Python\Python313\site-packages\pydantic\main.py", line 991, in __getattr__
    raise AttributeError(f'{type(self).__name__!r} object has no attribute {item!r}')
AttributeError: 'Update' object has no attribute 'answer'
2026-07-08 14:05:44 | ERROR    | __main__ | Update ishlov berishda xatolik: 'Update' object has no attribute 'answer' | update=update_id=905840354 message=Message(message_id=1292, date=datetime.datetime(2026, 7, 8, 9, 5, 44, tzinfo=TzInfo(UTC)), chat=Chat(id=5041903465, type='private', title=None, username='maftunaaa_012', first_name='Maftuna', last_name=None, is_forum=None, is_direct_messages=None, accent_color_id=None, active_usernames=None, available_reactions=None, background_custom_emoji_id=None, bio=None, birthdate=None, business_intro=None, business_location=None, business_opening_hours=None, can_set_sticker_set=None, custom_emoji_sticker_set_name=None, description=None, emoji_status_custom_emoji_id=None, emoji_status_expiration_date=None, has_aggressive_anti_spam_enabled=None, has_hidden_members=None, has_private_forwards=None, has_protected_content=None, has_restricted_voice_and_video_messages=None, has_visible_history=None, invite_link=None, join_by_request=None, join_to_send_messages=None, linked_chat_id=None, location=None, message_auto_delete_time=None, permissions=None, personal_chat=None, photo=None, pinned_message=None, profile_accent_color_id=None, profile_background_custom_emoji_id=None, slow_mode_delay=None, sticker_set_name=None, unrestrict_boost_count=None), message_thread_id=None, direct_messages_topic=None, from_user=User(id=5041903465, is_bot=False, first_name='Maftuna', last_name=None, username='maftunaaa_012', language_code='uz', is_premium=None, added_to_attachment_menu=None, can_join_groups=None, can_read_all_group_messages=None, supports_guest_queries=None, supports_inline_queries=None, can_connect_to_business=None, has_main_web_app=None, has_topics_enabled=None, allows_users_to_create_topics=None, can_manage_bots=None, supports_join_request_queries=None), sender_chat=None, sender_boost_count=None, sender_business_bot=None, sender_tag=None, guest_query_id=None, business_connection_id=None, forward_origin=None, is_topic_message=None, is_automatic_forward=None, reply_to_message=None, external_reply=None, quote=None, reply_to_story=None, reply_to_checklist_task_id=None, reply_to_poll_option_id=None, via_bot=None, guest_bot_caller_user=None, guest_bot_caller_chat=None, edit_date=None, has_protected_content=None, is_from_offline=None, is_paid_post=None, media_group_id=None, author_signature=None, paid_star_count=None, text='/start', entities=[MessageEntity(type='bot_command', offset=0, length=6, url=None, user=None, language=None, custom_emoji_id=None, unix_time=None, date_time_format=None)], link_preview_options=None, suggested_post_info=None, effect_id=None, animation=None, audio=None, document=None, live_photo=None, paid_media=None, photo=None, sticker=None, story=None, video=None, video_note=None, voice=None, caption=None, caption_entities=None, show_caption_above_media=None, has_media_spoiler=None, checklist=None, contact=None, dice=None, game=None, poll=None, venue=None, location=None, new_chat_members=None, left_chat_member=None, chat_owner_left=None, chat_owner_changed=None, new_chat_title=None, new_chat_photo=None, delete_chat_photo=None, group_chat_created=None, supergroup_chat_created=None, channel_chat_created=None, message_auto_delete_timer_changed=None, migrate_to_chat_id=None, migrate_from_chat_id=None, pinned_message=None, invoice=None, successful_payment=None, refunded_payment=None, users_shared=None, chat_shared=None, gift=None, unique_gift=None, gift_upgrade_sent=None, connected_website=None, write_access_allowed=None, passport_data=None, proximity_alert_triggered=None, boost_added=None, chat_background_set=None, checklist_tasks_done=None, checklist_tasks_added=None, direct_message_price_changed=None, forum_topic_created=None, forum_topic_edited=None, forum_topic_closed=None, forum_topic_reopened=None, general_forum_topic_hidden=None, general_forum_topic_unhidden=None, giveaway_created=None, giveaway=None, giveaway_winners=None, giveaway_completed=None, managed_bot_created=None, paid_message_price_changed=None, poll_option_added=None, poll_option_deleted=None, suggested_post_approved=None, suggested_post_approval_failed=None, suggested_post_declined=None, suggested_post_paid=None, suggested_post_refunded=None, video_chat_scheduled=None, video_chat_started=None, video_chat_ended=None, video_chat_participants_invited=None, web_app_data=None, reply_markup=None, rich_message=None, forward_date=None, forward_from=None, forward_from_chat=None, forward_from_message_id=None, forward_sender_name=None, forward_signature=None, user_shared=None) edited_message=None channel_post=None edited_channel_post=None business_connection=None business_message=None edited_business_message=None deleted_business_messages=None guest_message=None message_reaction=None message_reaction_count=None inline_query=None chosen_inline_result=None callback_query=None shipping_query=None pre_checkout_query=None purchased_paid_media=None poll=None poll_answer=None my_chat_member=None chat_member=None chat_join_request=None chat_boost=None removed_chat_boost=None managed_bot=None
Traceback (most recent call last):
  File "C:\Users\PC.UZ\AppData\Local\Programs\Python\Python313\Lib\site-packages\aiogram\dispatcher\middlewares\error.py", line 27, in __call__
    return await handler(event, data)
           ^^^^^^^^^^^^^^^^^^^^^^^^^^
  File "C:\Users\PC.UZ\AppData\Local\Programs\Python\Python313\Lib\site-packages\aiogram\dispatcher\middlewares\user_context.py", line 58, in __call__
    return await handler(event, data)
           ^^^^^^^^^^^^^^^^^^^^^^^^^^
  File "C:\Users\PC.UZ\AppData\Local\Programs\Python\Python313\Lib\site-packages\aiogram\fsm\middleware.py", line 43, in __call__
    return await handler(event, data)
           ^^^^^^^^^^^^^^^^^^^^^^^^^^
  File "C:\Users\PC.UZ\AppData\Local\Programs\Python\Python313\Lib\site-packages\aiogram\dispatcher\event\telegram.py", line 126, in trigger
    return await wrapped_inner(event, kwargs)
           ^^^^^^^^^^^^^^^^^^^^^^^^^^^^^^^^^^
  File "c:\Users\PC.UZ\Desktop\cinema_bot\middlewares\db.py", line 23, in __call__
    return await handler(event, data)
           ^^^^^^^^^^^^^^^^^^^^^^^^^^
  File "c:\Users\PC.UZ\Desktop\cinema_bot\middlewares\i18n.py", line 42, in __call__
    return await handler(event, data)
           ^^^^^^^^^^^^^^^^^^^^^^^^^^
  File "c:\Users\PC.UZ\Desktop\cinema_bot\middlewares\block.py", line 33, in __call__
    await event.answer(text)
          ^^^^^^^^^^^^
  File "C:\Users\PC.UZ\AppData\Roaming\Python\Python313\site-packages\pydantic\main.py", line 991, in __getattr__
    raise AttributeError(f'{type(self).__name__!r} object has no attribute {item!r}')
AttributeError: 'Update' object has no attribute 'answer'
2026-07-08 14:05:45 | ERROR    | __main__ | Update ishlov berishda xatolik: 'Update' object has no attribute 'answer' | update=update_id=905840355 message=Message(message_id=1293, date=datetime.datetime(2026, 7, 8, 9, 5, 45, tzinfo=TzInfo(UTC)), chat=Chat(id=5041903465, type='private', title=None, username='maftunaaa_012', first_name='Maftuna', last_name=None, is_forum=None, is_direct_messages=None, accent_color_id=None, active_usernames=None, available_reactions=None, background_custom_emoji_id=None, bio=None, birthdate=None, business_intro=None, business_location=None, business_opening_hours=None, can_set_sticker_set=None, custom_emoji_sticker_set_name=None, description=None, emoji_status_custom_emoji_id=None, emoji_status_expiration_date=None, has_aggressive_anti_spam_enabled=None, has_hidden_members=None, has_private_forwards=None, has_protected_content=None, has_restricted_voice_and_video_messages=None, has_visible_history=None, invite_link=None, join_by_request=None, join_to_send_messages=None, linked_chat_id=None, location=None, message_auto_delete_time=None, permissions=None, personal_chat=None, photo=None, pinned_message=None, profile_accent_color_id=None, profile_background_custom_emoji_id=None, slow_mode_delay=None, sticker_set_name=None, unrestrict_boost_count=None), message_thread_id=None, direct_messages_topic=None, from_user=User(id=5041903465, is_bot=False, first_name='Maftuna', last_name=None, username='maftunaaa_012', language_code='uz', is_premium=None, added_to_attachment_menu=None, can_join_groups=None, can_read_all_group_messages=None, supports_guest_queries=None, supports_inline_queries=None, can_connect_to_business=None, has_main_web_app=None, has_topics_enabled=None, allows_users_to_create_topics=None, can_manage_bots=None, supports_join_request_queries=None), sender_chat=None, sender_boost_count=None, sender_business_bot=None, sender_tag=None, guest_query_id=None, business_connection_id=None, forward_origin=None, is_topic_message=None, is_automatic_forward=None, reply_to_message=None, external_reply=None, quote=None, reply_to_story=None, reply_to_checklist_task_id=None, reply_to_poll_option_id=None, via_bot=None, guest_bot_caller_user=None, guest_bot_caller_chat=None, edit_date=None, has_protected_content=None, is_from_offline=None, is_paid_post=None, media_group_id=None, author_signature=None, paid_star_count=None, text='/start', entities=[MessageEntity(type='bot_command', offset=0, length=6, url=None, user=None, language=None, custom_emoji_id=None, unix_time=None, date_time_format=None)], link_preview_options=None, suggested_post_info=None, effect_id=None, animation=None, audio=None, document=None, live_photo=None, paid_media=None, photo=None, sticker=None, story=None, video=None, video_note=None, voice=None, caption=None, caption_entities=None, show_caption_above_media=None, has_media_spoiler=None, checklist=None, contact=None, dice=None, game=None, poll=None, venue=None, location=None, new_chat_members=None, left_chat_member=None, chat_owner_left=None, chat_owner_changed=None, new_chat_title=None, new_chat_photo=None, delete_chat_photo=None, group_chat_created=None, supergroup_chat_created=None, channel_chat_created=None, message_auto_delete_timer_changed=None, migrate_to_chat_id=None, migrate_from_chat_id=None, pinned_message=None, invoice=None, successful_payment=None, refunded_payment=None, users_shared=None, chat_shared=None, gift=None, unique_gift=None, gift_upgrade_sent=None, connected_website=None, write_access_allowed=None, passport_data=None, proximity_alert_triggered=None, boost_added=None, chat_background_set=None, checklist_tasks_done=None, checklist_tasks_added=None, direct_message_price_changed=None, forum_topic_created=None, forum_topic_edited=None, forum_topic_closed=None, forum_topic_reopened=None, general_forum_topic_hidden=None, general_forum_topic_unhidden=None, giveaway_created=None, giveaway=None, giveaway_winners=None, giveaway_completed=None, managed_bot_created=None, paid_message_price_changed=None, poll_option_added=None, poll_option_deleted=None, suggested_post_approved=None, suggested_post_approval_failed=None, suggested_post_declined=None, suggested_post_paid=None, suggested_post_refunded=None, video_chat_scheduled=None, video_chat_started=None, video_chat_ended=None, video_chat_participants_invited=None, web_app_data=None, reply_markup=None, rich_message=None, forward_date=None, forward_from=None, forward_from_chat=None, forward_from_message_id=None, forward_sender_name=None, forward_signature=None, user_shared=None) edited_message=None channel_post=None edited_channel_post=None business_connection=None business_message=None edited_business_message=None deleted_business_messages=None guest_message=None message_reaction=None message_reaction_count=None inline_query=None chosen_inline_result=None callback_query=None shipping_query=None pre_checkout_query=None purchased_paid_media=None poll=None poll_answer=None my_chat_member=None chat_member=None chat_join_request=None chat_boost=None removed_chat_boost=None managed_bot=None
Traceback (most recent call last):
  File "C:\Users\PC.UZ\AppData\Local\Programs\Python\Python313\Lib\site-packages\aiogram\dispatcher\middlewares\error.py", line 27, in __call__
    return await handler(event, data)
           ^^^^^^^^^^^^^^^^^^^^^^^^^^
  File "C:\Users\PC.UZ\AppData\Local\Programs\Python\Python313\Lib\site-packages\aiogram\dispatcher\middlewares\user_context.py", line 58, in __call__
    return await handler(event, data)
           ^^^^^^^^^^^^^^^^^^^^^^^^^^
  File "C:\Users\PC.UZ\AppData\Local\Programs\Python\Python313\Lib\site-packages\aiogram\fsm\middleware.py", line 43, in __call__
    return await handler(event, data)
           ^^^^^^^^^^^^^^^^^^^^^^^^^^
  File "C:\Users\PC.UZ\AppData\Local\Programs\Python\Python313\Lib\site-packages\aiogram\dispatcher\event\telegram.py", line 126, in trigger
    return await wrapped_inner(event, kwargs)
           ^^^^^^^^^^^^^^^^^^^^^^^^^^^^^^^^^^
  File "c:\Users\PC.UZ\Desktop\cinema_bot\middlewares\db.py", line 23, in __call__
    return await handler(event, data)
           ^^^^^^^^^^^^^^^^^^^^^^^^^^
  File "c:\Users\PC.UZ\Desktop\cinema_bot\middlewares\i18n.py", line 42, in __call__
    return await handler(event, data)
           ^^^^^^^^^^^^^^^^^^^^^^^^^^
  File "c:\Users\PC.UZ\Desktop\cinema_bot\middlewares\block.py", line 33, in __call__
    await event.answer(text)
          ^^^^^^^^^^^^
  File "C:\Users\PC.UZ\AppData\Roaming\Python\Python313\site-packages\pydantic\main.py", line 991, in __getattr__
    raise AttributeError(f'{type(self).__name__!r} object has no attribute {item!r}')
AttributeError: 'Update' object has no attribute 'answer'
2026-07-08 14:05:45 | ERROR    | __main__ | Update ishlov berishda xatolik: 'Update' object has no attribute 'answer' | update=update_id=905840356 message=Message(message_id=1294, date=datetime.datetime(2026, 7, 8, 9, 5, 45, tzinfo=TzInfo(UTC)), chat=Chat(id=5041903465, type='private', title=None, username='maftunaaa_012', first_name='Maftuna', last_name=None, is_forum=None, is_direct_messages=None, accent_color_id=None, active_usernames=None, available_reactions=None, background_custom_emoji_id=None, bio=None, birthdate=None, business_intro=None, business_location=None, business_opening_hours=None, can_set_sticker_set=None, custom_emoji_sticker_set_name=None, description=None, emoji_status_custom_emoji_id=None, emoji_status_expiration_date=None, has_aggressive_anti_spam_enabled=None, has_hidden_members=None, has_private_forwards=None, has_protected_content=None, has_restricted_voice_and_video_messages=None, has_visible_history=None, invite_link=None, join_by_request=None, join_to_send_messages=None, linked_chat_id=None, location=None, message_auto_delete_time=None, permissions=None, personal_chat=None, photo=None, pinned_message=None, profile_accent_color_id=None, profile_background_custom_emoji_id=None, slow_mode_delay=None, sticker_set_name=None, unrestrict_boost_count=None), message_thread_id=None, direct_messages_topic=None, from_user=User(id=5041903465, is_bot=False, first_name='Maftuna', last_name=None, username='maftunaaa_012', language_code='uz', is_premium=None, added_to_attachment_menu=None, can_join_groups=None, can_read_all_group_messages=None, supports_guest_queries=None, supports_inline_queries=None, can_connect_to_business=None, has_main_web_app=None, has_topics_enabled=None, allows_users_to_create_topics=None, can_manage_bots=None, supports_join_request_queries=None), sender_chat=None, sender_boost_count=None, sender_business_bot=None, sender_tag=None, guest_query_id=None, business_connection_id=None, forward_origin=None, is_topic_message=None, is_automatic_forward=None, reply_to_message=None, external_reply=None, quote=None, reply_to_story=None, reply_to_checklist_task_id=None, reply_to_poll_option_id=None, via_bot=None, guest_bot_caller_user=None, guest_bot_caller_chat=None, edit_date=None, has_protected_content=None, is_from_offline=None, is_paid_post=None, media_group_id=None, author_signature=None, paid_star_count=None, text='/start', entities=[MessageEntity(type='bot_command', offset=0, length=6, url=None, user=None, language=None, custom_emoji_id=None, unix_time=None, date_time_format=None)], link_preview_options=None, suggested_post_info=None, effect_id=None, animation=None, audio=None, document=None, live_photo=None, paid_media=None, photo=None, sticker=None, story=None, video=None, video_note=None, voice=None, caption=None, caption_entities=None, show_caption_above_media=None, has_media_spoiler=None, checklist=None, contact=None, dice=None, game=None, poll=None, venue=None, location=None, new_chat_members=None, left_chat_member=None, chat_owner_left=None, chat_owner_changed=None, new_chat_title=None, new_chat_photo=None, delete_chat_photo=None, group_chat_created=None, supergroup_chat_created=None, channel_chat_created=None, message_auto_delete_timer_changed=None, migrate_to_chat_id=None, migrate_from_chat_id=None, pinned_message=None, invoice=None, successful_payment=None, refunded_payment=None, users_shared=None, chat_shared=None, gift=None, unique_gift=None, gift_upgrade_sent=None, connected_website=None, write_access_allowed=None, passport_data=None, proximity_alert_triggered=None, boost_added=None, chat_background_set=None, checklist_tasks_done=None, checklist_tasks_added=None, direct_message_price_changed=None, forum_topic_created=None, forum_topic_edited=None, forum_topic_closed=None, forum_topic_reopened=None, general_forum_topic_hidden=None, general_forum_topic_unhidden=None, giveaway_created=None, giveaway=None, giveaway_winners=None, giveaway_completed=None, managed_bot_created=None, paid_message_price_changed=None, poll_option_added=None, poll_option_deleted=None, suggested_post_approved=None, suggested_post_approval_failed=None, suggested_post_declined=None, suggested_post_paid=None, suggested_post_refunded=None, video_chat_scheduled=None, video_chat_started=None, video_chat_ended=None, video_chat_participants_invited=None, web_app_data=None, reply_markup=None, rich_message=None, forward_date=None, forward_from=None, forward_from_chat=None, forward_from_message_id=None, forward_sender_name=None, forward_signature=None, user_shared=None) edited_message=None channel_post=None edited_channel_post=None business_connection=None business_message=None edited_business_message=None deleted_business_messages=None guest_message=None message_reaction=None message_reaction_count=None inline_query=None chosen_inline_result=None callback_query=None shipping_query=None pre_checkout_query=None purchased_paid_media=None poll=None poll_answer=None my_chat_member=None chat_member=None chat_join_request=None chat_boost=None removed_chat_boost=None managed_bot=None
Traceback (most recent call last):
  File "C:\Users\PC.UZ\AppData\Local\Programs\Python\Python313\Lib\site-packages\aiogram\dispatcher\middlewares\error.py", line 27, in __call__
    return await handler(event, data)
           ^^^^^^^^^^^^^^^^^^^^^^^^^^
  File "C:\Users\PC.UZ\AppData\Local\Programs\Python\Python313\Lib\site-packages\aiogram\dispatcher\middlewares\user_context.py", line 58, in __call__
    return await handler(event, data)
           ^^^^^^^^^^^^^^^^^^^^^^^^^^
  File "C:\Users\PC.UZ\AppData\Local\Programs\Python\Python313\Lib\site-packages\aiogram\fsm\middleware.py", line 43, in __call__
    return await handler(event, data)
           ^^^^^^^^^^^^^^^^^^^^^^^^^^
  File "C:\Users\PC.UZ\AppData\Local\Programs\Python\Python313\Lib\site-packages\aiogram\dispatcher\event\telegram.py", line 126, in trigger
    return await wrapped_inner(event, kwargs)
           ^^^^^^^^^^^^^^^^^^^^^^^^^^^^^^^^^^
  File "c:\Users\PC.UZ\Desktop\cinema_bot\middlewares\db.py", line 23, in __call__
    return await handler(event, data)
           ^^^^^^^^^^^^^^^^^^^^^^^^^^
  File "c:\Users\PC.UZ\Desktop\cinema_bot\middlewares\i18n.py", line 42, in __call__
    return await handler(event, data)
           ^^^^^^^^^^^^^^^^^^^^^^^^^^
  File "c:\Users\PC.UZ\Desktop\cinema_bot\middlewares\block.py", line 33, in __call__
    await event.answer(text)
          ^^^^^^^^^^^^
  File "C:\Users\PC.UZ\AppData\Roaming\Python\Python313\site-packages\pydantic\main.py", line 991, in __getattr__
    raise AttributeError(f'{type(self).__name__!r} object has no attribute {item!r}')
AttributeError: 'Update' object has no attribute 'answer'
2026-07-08 15:16:36 | ERROR    | aiogram.dispatcher | Failed to fetch updates - TelegramNetworkError: HTTP Client says - ServerDisconnectedError: Server disconnected
2026-07-08 15:16:48 | ERROR    | aiogram.dispatcher | Failed to fetch updates - TelegramConflictError: Telegram server says - Conflict: terminated by other getUpdates request; make sure that only one bot instance is running
2026-07-08 15:16:54 | ERROR    | aiogram.dispatcher | Failed to fetch updates - TelegramConflictError: Telegram server says - Conflict: terminated by other getUpdates request; make sure that only one bot instance is running
2026-07-08 15:17:01 | ERROR    | aiogram.dispatcher | Failed to fetch updates - TelegramConflictError: Telegram server says - Conflict: terminated by other getUpdates request; make sure that only one bot instance is running
2026-07-08 15:17:06 | ERROR    | aiogram.dispatcher | Failed to fetch updates - TelegramConflictError: Telegram server says - Conflict: terminated by other getUpdates request; make sure that only one bot instance is running
2026-07-08 15:17:15 | ERROR    | aiogram.dispatcher | Failed to fetch updates - TelegramConflictError: Telegram server says - Conflict: terminated by other getUpdates request; make sure that only one bot instance is running
2026-07-08 15:17:26 | ERROR    | aiogram.dispatcher | Failed to fetch updates - TelegramConflictError: Telegram server says - Conflict: terminated by other getUpdates request; make sure that only one bot instance is running
2026-07-08 15:17:35 | ERROR    | aiogram.dispatcher | Failed to fetch updates - TelegramNetworkError: HTTP Client says - ServerDisconnectedError: Server disconnected
2026-07-08 15:17:48 | ERROR    | aiogram.dispatcher | Failed to fetch updates - TelegramConflictError: Telegram server says - Conflict: terminated by other getUpdates request; make sure that only one bot instance is running
2026-07-08 15:17:57 | ERROR    | aiogram.dispatcher | Failed to fetch updates - TelegramConflictError: Telegram server says - Conflict: terminated by other getUpdates request; make sure that only one bot instance is running
2026-07-08 15:18:07 | ERROR    | aiogram.dispatcher | Failed to fetch updates - TelegramConflictError: Telegram server says - Conflict: terminated by other getUpdates request; make sure that only one bot instance is running
2026-07-08 15:18:16 | ERROR    | aiogram.dispatcher | Failed to fetch updates - TelegramConflictError: Telegram server says - Conflict: terminated by other getUpdates request; make sure that only one bot instance is running
2026-07-08 15:18:25 | ERROR    | aiogram.dispatcher | Failed to fetch updates - TelegramConflictError: Telegram server says - Conflict: terminated by other getUpdates request; make sure that only one bot instance is running
2026-07-08 15:18:35 | ERROR    | aiogram.dispatcher | Failed to fetch updates - TelegramConflictError: Telegram server says - Conflict: terminated by other getUpdates request; make sure that only one bot instance is running
2026-07-08 15:18:44 | ERROR    | aiogram.dispatcher | Failed to fetch updates - TelegramConflictError: Telegram server says - Conflict: terminated by other getUpdates request; make sure that only one bot instance is running
2026-07-08 15:18:53 | ERROR    | aiogram.dispatcher | Failed to fetch updates - TelegramConflictError: Telegram server says - Conflict: terminated by other getUpdates request; make sure that only one bot instance is running
2026-07-08 15:18:59 | ERROR    | aiogram.dispatcher | Failed to fetch updates - TelegramConflictError: Telegram server says - Conflict: terminated by other getUpdates request; make sure that only one bot instance is running
2026-07-08 15:19:06 | ERROR    | aiogram.dispatcher | Failed to fetch updates - TelegramConflictError: Telegram server says - Conflict: terminated by other getUpdates request; make sure that only one bot instance is running
2026-07-08 15:19:14 | ERROR    | aiogram.dispatcher | Failed to fetch updates - TelegramConflictError: Telegram server says - Conflict: terminated by other getUpdates request; make sure that only one bot instance is running
2026-07-08 15:19:23 | ERROR    | aiogram.dispatcher | Failed to fetch updates - TelegramConflictError: Telegram server says - Conflict: terminated by other getUpdates request; make sure that only one bot instance is running
2026-07-08 15:19:31 | ERROR    | aiogram.dispatcher | Failed to fetch updates - TelegramConflictError: Telegram server says - Conflict: terminated by other getUpdates request; make sure that only one bot instance is running
2026-07-08 15:19:41 | ERROR    | aiogram.dispatcher | Failed to fetch updates - TelegramConflictError: Telegram server says - Conflict: terminated by other getUpdates request; make sure that only one bot instance is running
2026-07-08 15:19:51 | ERROR    | aiogram.dispatcher | Failed to fetch updates - TelegramConflictError: Telegram server says - Conflict: terminated by other getUpdates request; make sure that only one bot instance is running
2026-07-08 15:20:01 | ERROR    | aiogram.dispatcher | Failed to fetch updates - TelegramConflictError: Telegram server says - Conflict: terminated by other getUpdates request; make sure that only one bot instance is running
2026-07-08 15:20:12 | ERROR    | aiogram.dispatcher | Failed to fetch updates - TelegramConflictError: Telegram server says - Conflict: terminated by other getUpdates request; make sure that only one bot instance is running
2026-07-08 15:20:22 | ERROR    | aiogram.dispatcher | Failed to fetch updates - TelegramConflictError: Telegram server says - Conflict: terminated by other getUpdates request; make sure that only one bot instance is running
2026-07-08 15:20:32 | ERROR    | aiogram.dispatcher | Failed to fetch updates - TelegramConflictError: Telegram server says - Conflict: terminated by other getUpdates request; make sure that only one bot instance is running
2026-07-08 15:20:43 | ERROR    | aiogram.dispatcher | Failed to fetch updates - TelegramConflictError: Telegram server says - Conflict: terminated by other getUpdates request; make sure that only one bot instance is running
2026-07-08 15:20:53 | ERROR    | aiogram.dispatcher | Failed to fetch updates - TelegramConflictError: Telegram server says - Conflict: terminated by other getUpdates request; make sure that only one bot instance is running
2026-07-08 15:21:03 | ERROR    | aiogram.dispatcher | Failed to fetch updates - TelegramConflictError: Telegram server says - Conflict: terminated by other getUpdates request; make sure that only one bot instance is running
2026-07-08 15:21:14 | ERROR    | aiogram.dispatcher | Failed to fetch updates - TelegramConflictError: Telegram server says - Conflict: terminated by other getUpdates request; make sure that only one bot instance is running
2026-07-08 15:21:24 | ERROR    | aiogram.dispatcher | Failed to fetch updates - TelegramConflictError: Telegram server says - Conflict: terminated by other getUpdates request; make sure that only one bot instance is running
2026-07-08 15:21:34 | ERROR    | aiogram.dispatcher | Failed to fetch updates - TelegramConflictError: Telegram server says - Conflict: terminated by other getUpdates request; make sure that only one bot instance is running
2026-07-08 15:21:44 | ERROR    | aiogram.dispatcher | Failed to fetch updates - TelegramConflictError: Telegram server says - Conflict: terminated by other getUpdates request; make sure that only one bot instance is running
2026-07-08 15:21:54 | ERROR    | aiogram.dispatcher | Failed to fetch updates - TelegramConflictError: Telegram server says - Conflict: terminated by other getUpdates request; make sure that only one bot instance is running
2026-07-08 15:22:05 | ERROR    | aiogram.dispatcher | Failed to fetch updates - TelegramConflictError: Telegram server says - Conflict: terminated by other getUpdates request; make sure that only one bot instance is running
2026-07-08 15:22:15 | ERROR    | aiogram.dispatcher | Failed to fetch updates - TelegramConflictError: Telegram server says - Conflict: terminated by other getUpdates request; make sure that only one bot instance is running
2026-07-08 15:22:25 | ERROR    | aiogram.dispatcher | Failed to fetch updates - TelegramConflictError: Telegram server says - Conflict: terminated by other getUpdates request; make sure that only one bot instance is running
2026-07-08 15:22:36 | ERROR    | aiogram.dispatcher | Failed to fetch updates - TelegramConflictError: Telegram server says - Conflict: terminated by other getUpdates request; make sure that only one bot instance is running
2026-07-08 15:22:46 | ERROR    | aiogram.dispatcher | Failed to fetch updates - TelegramConflictError: Telegram server says - Conflict: terminated by other getUpdates request; make sure that only one bot instance is running
2026-07-08 15:22:57 | ERROR    | aiogram.dispatcher | Failed to fetch updates - TelegramConflictError: Telegram server says - Conflict: terminated by other getUpdates request; make sure that only one bot instance is running
2026-07-08 15:23:07 | ERROR    | aiogram.dispatcher | Failed to fetch updates - TelegramConflictError: Telegram server says - Conflict: terminated by other getUpdates request; make sure that only one bot instance is running
2026-07-08 15:23:18 | ERROR    | aiogram.dispatcher | Failed to fetch updates - TelegramConflictError: Telegram server says - Conflict: terminated by other getUpdates request; make sure that only one bot instance is running
2026-07-08 15:23:28 | ERROR    | aiogram.dispatcher | Failed to fetch updates - TelegramConflictError: Telegram server says - Conflict: terminated by other getUpdates request; make sure that only one bot instance is running
2026-07-08 15:23:38 | ERROR    | aiogram.dispatcher | Failed to fetch updates - TelegramConflictError: Telegram server says - Conflict: terminated by other getUpdates request; make sure that only one bot instance is running
2026-07-08 15:23:49 | ERROR    | aiogram.dispatcher | Failed to fetch updates - TelegramConflictError: Telegram server says - Conflict: terminated by other getUpdates request; make sure that only one bot instance is running
2026-07-08 15:23:59 | ERROR    | aiogram.dispatcher | Failed to fetch updates - TelegramConflictError: Telegram server says - Conflict: terminated by other getUpdates request; make sure that only one bot instance is running
2026-07-08 15:24:09 | ERROR    | aiogram.dispatcher | Failed to fetch updates - TelegramConflictError: Telegram server says - Conflict: terminated by other getUpdates request; make sure that only one bot instance is running
2026-07-08 15:24:20 | ERROR    | aiogram.dispatcher | Failed to fetch updates - TelegramConflictError: Telegram server says - Conflict: terminated by other getUpdates request; make sure that only one bot instance is running
2026-07-08 15:24:30 | ERROR    | aiogram.dispatcher | Failed to fetch updates - TelegramConflictError: Telegram server says - Conflict: terminated by other getUpdates request; make sure that only one bot instance is running
2026-07-08 15:24:40 | ERROR    | aiogram.dispatcher | Failed to fetch updates - TelegramConflictError: Telegram server says - Conflict: terminated by other getUpdates request; make sure that only one bot instance is running
2026-07-08 15:24:51 | ERROR    | aiogram.dispatcher | Failed to fetch updates - TelegramConflictError: Telegram server says - Conflict: terminated by other getUpdates request; make sure that only one bot instance is running
2026-07-08 15:25:01 | ERROR    | aiogram.dispatcher | Failed to fetch updates - TelegramConflictError: Telegram server says - Conflict: terminated by other getUpdates request; make sure that only one bot instance is running
2026-07-08 15:25:11 | ERROR    | aiogram.dispatcher | Failed to fetch updates - TelegramConflictError: Telegram server says - Conflict: terminated by other getUpdates request; make sure that only one bot instance is running
2026-07-08 15:25:21 | ERROR    | aiogram.dispatcher | Failed to fetch updates - TelegramConflictError: Telegram server says - Conflict: terminated by other getUpdates request; make sure that only one bot instance is running
2026-07-08 15:25:32 | ERROR    | aiogram.dispatcher | Failed to fetch updates - TelegramConflictError: Telegram server says - Conflict: terminated by other getUpdates request; make sure that only one bot instance is running
2026-07-08 15:25:42 | ERROR    | aiogram.dispatcher | Failed to fetch updates - TelegramConflictError: Telegram server says - Conflict: terminated by other getUpdates request; make sure that only one bot instance is running
2026-07-08 15:25:52 | ERROR    | aiogram.dispatcher | Failed to fetch updates - TelegramConflictError: Telegram server says - Conflict: terminated by other getUpdates request; make sure that only one bot instance is running
2026-07-08 15:26:02 | ERROR    | aiogram.dispatcher | Failed to fetch updates - TelegramConflictError: Telegram server says - Conflict: terminated by other getUpdates request; make sure that only one bot instance is running
2026-07-08 15:26:12 | ERROR    | aiogram.dispatcher | Failed to fetch updates - TelegramConflictError: Telegram server says - Conflict: terminated by other getUpdates request; make sure that only one bot instance is running
2026-07-08 15:26:23 | ERROR    | aiogram.dispatcher | Failed to fetch updates - TelegramConflictError: Telegram server says - Conflict: terminated by other getUpdates request; make sure that only one bot instance is running
2026-07-08 15:26:33 | ERROR    | aiogram.dispatcher | Failed to fetch updates - TelegramConflictError: Telegram server says - Conflict: terminated by other getUpdates request; make sure that only one bot instance is running
2026-07-08 15:26:43 | ERROR    | aiogram.dispatcher | Failed to fetch updates - TelegramConflictError: Telegram server says - Conflict: terminated by other getUpdates request; make sure that only one bot instance is running
2026-07-08 15:26:53 | ERROR    | aiogram.dispatcher | Failed to fetch updates - TelegramConflictError: Telegram server says - Conflict: terminated by other getUpdates request; make sure that only one bot instance is running
2026-07-08 15:27:04 | ERROR    | aiogram.dispatcher | Failed to fetch updates - TelegramConflictError: Telegram server says - Conflict: terminated by other getUpdates request; make sure that only one bot instance is running
2026-07-08 15:27:14 | ERROR    | aiogram.dispatcher | Failed to fetch updates - TelegramConflictError: Telegram server says - Conflict: terminated by other getUpdates request; make sure that only one bot instance is running
2026-07-08 15:27:25 | ERROR    | aiogram.dispatcher | Failed to fetch updates - TelegramConflictError: Telegram server says - Conflict: terminated by other getUpdates request; make sure that only one bot instance is running
2026-07-08 15:27:35 | ERROR    | aiogram.dispatcher | Failed to fetch updates - TelegramConflictError: Telegram server says - Conflict: terminated by other getUpdates request; make sure that only one bot instance is running
2026-07-08 15:27:45 | ERROR    | aiogram.dispatcher | Failed to fetch updates - TelegramConflictError: Telegram server says - Conflict: terminated by other getUpdates request; make sure that only one bot instance is running
2026-07-08 15:27:55 | ERROR    | aiogram.dispatcher | Failed to fetch updates - TelegramConflictError: Telegram server says - Conflict: terminated by other getUpdates request; make sure that only one bot instance is running
2026-07-08 15:28:06 | ERROR    | aiogram.dispatcher | Failed to fetch updates - TelegramConflictError: Telegram server says - Conflict: terminated by other getUpdates request; make sure that only one bot instance is running
2026-07-08 15:28:16 | ERROR    | aiogram.dispatcher | Failed to fetch updates - TelegramConflictError: Telegram server says - Conflict: terminated by other getUpdates request; make sure that only one bot instance is running
2026-07-08 15:28:26 | ERROR    | aiogram.dispatcher | Failed to fetch updates - TelegramConflictError: Telegram server says - Conflict: terminated by other getUpdates request; make sure that only one bot instance is running
2026-07-08 15:28:37 | ERROR    | aiogram.dispatcher | Failed to fetch updates - TelegramConflictError: Telegram server says - Conflict: terminated by other getUpdates request; make sure that only one bot instance is running
2026-07-08 15:28:47 | ERROR    | aiogram.dispatcher | Failed to fetch updates - TelegramConflictError: Telegram server says - Conflict: terminated by other getUpdates request; make sure that only one bot instance is running
2026-07-08 15:28:57 | ERROR    | aiogram.dispatcher | Failed to fetch updates - TelegramConflictError: Telegram server says - Conflict: terminated by other getUpdates request; make sure that only one bot instance is running
2026-07-08 15:29:08 | ERROR    | aiogram.dispatcher | Failed to fetch updates - TelegramConflictError: Telegram server says - Conflict: terminated by other getUpdates request; make sure that only one bot instance is running
2026-07-08 15:29:18 | ERROR    | aiogram.dispatcher | Failed to fetch updates - TelegramConflictError: Telegram server says - Conflict: terminated by other getUpdates request; make sure that only one bot instance is running
2026-07-08 15:29:28 | ERROR    | aiogram.dispatcher | Failed to fetch updates - TelegramConflictError: Telegram server says - Conflict: terminated by other getUpdates request; make sure that only one bot instance is running
2026-07-08 15:29:39 | ERROR    | aiogram.dispatcher | Failed to fetch updates - TelegramConflictError: Telegram server says - Conflict: terminated by other getUpdates request; make sure that only one bot instance is running
2026-07-08 15:29:49 | ERROR    | aiogram.dispatcher | Failed to fetch updates - TelegramConflictError: Telegram server says - Conflict: terminated by other getUpdates request; make sure that only one bot instance is running
2026-07-08 15:29:59 | ERROR    | aiogram.dispatcher | Failed to fetch updates - TelegramConflictError: Telegram server says - Conflict: terminated by other getUpdates request; make sure that only one bot instance is running
2026-07-08 15:30:09 | ERROR    | aiogram.dispatcher | Failed to fetch updates - TelegramConflictError: Telegram server says - Conflict: terminated by other getUpdates request; make sure that only one bot instance is running
2026-07-08 15:30:19 | ERROR    | aiogram.dispatcher | Failed to fetch updates - TelegramConflictError: Telegram server says - Conflict: terminated by other getUpdates request; make sure that only one bot instance is running
2026-07-08 15:30:30 | ERROR    | aiogram.dispatcher | Failed to fetch updates - TelegramConflictError: Telegram server says - Conflict: terminated by other getUpdates request; make sure that only one bot instance is running
2026-07-08 15:30:40 | ERROR    | aiogram.dispatcher | Failed to fetch updates - TelegramConflictError: Telegram server says - Conflict: terminated by other getUpdates request; make sure that only one bot instance is running
2026-07-08 15:30:50 | ERROR    | aiogram.dispatcher | Failed to fetch updates - TelegramConflictError: Telegram server says - Conflict: terminated by other getUpdates request; make sure that only one bot instance is running
2026-07-08 15:31:00 | ERROR    | aiogram.dispatcher | Failed to fetch updates - TelegramConflictError: Telegram server says - Conflict: terminated by other getUpdates request; make sure that only one bot instance is running
2026-07-08 15:31:11 | ERROR    | aiogram.dispatcher | Failed to fetch updates - TelegramConflictError: Telegram server says - Conflict: terminated by other getUpdates request; make sure that only one bot instance is running
2026-07-08 15:31:21 | ERROR    | aiogram.dispatcher | Failed to fetch updates - TelegramConflictError: Telegram server says - Conflict: terminated by other getUpdates request; make sure that only one bot instance is running
2026-07-08 15:31:31 | ERROR    | aiogram.dispatcher | Failed to fetch updates - TelegramConflictError: Telegram server says - Conflict: terminated by other getUpdates request; make sure that only one bot instance is running
2026-07-08 15:31:41 | ERROR    | aiogram.dispatcher | Failed to fetch updates - TelegramConflictError: Telegram server says - Conflict: terminated by other getUpdates request; make sure that only one bot instance is running
2026-07-08 15:31:52 | ERROR    | aiogram.dispatcher | Failed to fetch updates - TelegramConflictError: Telegram server says - Conflict: terminated by other getUpdates request; make sure that only one bot instance is running
2026-07-08 15:32:02 | ERROR    | aiogram.dispatcher | Failed to fetch updates - TelegramConflictError: Telegram server says - Conflict: terminated by other getUpdates request; make sure that only one bot instance is running
2026-07-08 15:32:12 | ERROR    | aiogram.dispatcher | Failed to fetch updates - TelegramConflictError: Telegram server says - Conflict: terminated by other getUpdates request; make sure that only one bot instance is running
2026-07-08 15:32:23 | ERROR    | aiogram.dispatcher | Failed to fetch updates - TelegramConflictError: Telegram server says - Conflict: terminated by other getUpdates request; make sure that only one bot instance is running
2026-07-08 15:32:33 | ERROR    | aiogram.dispatcher | Failed to fetch updates - TelegramConflictError: Telegram server says - Conflict: terminated by other getUpdates request; make sure that only one bot instance is running
2026-07-08 15:32:43 | ERROR    | aiogram.dispatcher | Failed to fetch updates - TelegramConflictError: Telegram server says - Conflict: terminated by other getUpdates request; make sure that only one bot instance is running
2026-07-08 15:32:53 | ERROR    | aiogram.dispatcher | Failed to fetch updates - TelegramConflictError: Telegram server says - Conflict: terminated by other getUpdates request; make sure that only one bot instance is running
2026-07-08 15:33:04 | ERROR    | aiogram.dispatcher | Failed to fetch updates - TelegramConflictError: Telegram server says - Conflict: terminated by other getUpdates request; make sure that only one bot instance is running
2026-07-08 15:33:14 | ERROR    | aiogram.dispatcher | Failed to fetch updates - TelegramConflictError: Telegram server says - Conflict: terminated by other getUpdates request; make sure that only one bot instance is running
2026-07-08 15:33:24 | ERROR    | aiogram.dispatcher | Failed to fetch updates - TelegramConflictError: Telegram server says - Conflict: terminated by other getUpdates request; make sure that only one bot instance is running
2026-07-08 15:33:35 | ERROR    | aiogram.dispatcher | Failed to fetch updates - TelegramConflictError: Telegram server says - Conflict: terminated by other getUpdates request; make sure that only one bot instance is running
2026-07-08 15:33:45 | ERROR    | aiogram.dispatcher | Failed to fetch updates - TelegramConflictError: Telegram server says - Conflict: terminated by other getUpdates request; make sure that only one bot instance is running
2026-07-08 15:33:55 | ERROR    | aiogram.dispatcher | Failed to fetch updates - TelegramConflictError: Telegram server says - Conflict: terminated by other getUpdates request; make sure that only one bot instance is running
2026-07-08 15:34:05 | ERROR    | aiogram.dispatcher | Failed to fetch updates - TelegramConflictError: Telegram server says - Conflict: terminated by other getUpdates request; make sure that only one bot instance is running
2026-07-08 15:34:16 | ERROR    | aiogram.dispatcher | Failed to fetch updates - TelegramConflictError: Telegram server says - Conflict: terminated by other getUpdates request; make sure that only one bot instance is running
2026-07-08 15:34:26 | ERROR    | aiogram.dispatcher | Failed to fetch updates - TelegramConflictError: Telegram server says - Conflict: terminated by other getUpdates request; make sure that only one bot instance is running
2026-07-08 15:34:36 | ERROR    | aiogram.dispatcher | Failed to fetch updates - TelegramConflictError: Telegram server says - Conflict: terminated by other getUpdates request; make sure that only one bot instance is running
2026-07-08 15:34:46 | ERROR    | aiogram.dispatcher | Failed to fetch updates - TelegramConflictError: Telegram server says - Conflict: terminated by other getUpdates request; make sure that only one bot instance is running
2026-07-08 15:34:57 | ERROR    | aiogram.dispatcher | Failed to fetch updates - TelegramConflictError: Telegram server says - Conflict: terminated by other getUpdates request; make sure that only one bot instance is running
2026-07-08 15:35:07 | ERROR    | aiogram.dispatcher | Failed to fetch updates - TelegramConflictError: Telegram server says - Conflict: terminated by other getUpdates request; make sure that only one bot instance is running
2026-07-08 15:35:17 | ERROR    | aiogram.dispatcher | Failed to fetch updates - TelegramConflictError: Telegram server says - Conflict: terminated by other getUpdates request; make sure that only one bot instance is running
2026-07-08 15:35:27 | ERROR    | aiogram.dispatcher | Failed to fetch updates - TelegramConflictError: Telegram server says - Conflict: terminated by other getUpdates request; make sure that only one bot instance is running
2026-07-08 15:35:38 | ERROR    | aiogram.dispatcher | Failed to fetch updates - TelegramConflictError: Telegram server says - Conflict: terminated by other getUpdates request; make sure that only one bot instance is running
2026-07-08 15:35:48 | ERROR    | aiogram.dispatcher | Failed to fetch updates - TelegramConflictError: Telegram server says - Conflict: terminated by other getUpdates request; make sure that only one bot instance is running
2026-07-08 15:35:58 | ERROR    | aiogram.dispatcher | Failed to fetch updates - TelegramConflictError: Telegram server says - Conflict: terminated by other getUpdates request; make sure that only one bot instance is running
2026-07-08 15:36:08 | ERROR    | aiogram.dispatcher | Failed to fetch updates - TelegramConflictError: Telegram server says - Conflict: terminated by other getUpdates request; make sure that only one bot instance is running
2026-07-08 15:36:19 | ERROR    | aiogram.dispatcher | Failed to fetch updates - TelegramConflictError: Telegram server says - Conflict: terminated by other getUpdates request; make sure that only one bot instance is running
2026-07-08 15:36:29 | ERROR    | aiogram.dispatcher | Failed to fetch updates - TelegramConflictError: Telegram server says - Conflict: terminated by other getUpdates request; make sure that only one bot instance is running
2026-07-08 15:36:39 | ERROR    | aiogram.dispatcher | Failed to fetch updates - TelegramConflictError: Telegram server says - Conflict: terminated by other getUpdates request; make sure that only one bot instance is running
2026-07-08 15:36:49 | ERROR    | aiogram.dispatcher | Failed to fetch updates - TelegramConflictError: Telegram server says - Conflict: terminated by other getUpdates request; make sure that only one bot instance is running
2026-07-08 15:37:00 | ERROR    | aiogram.dispatcher | Failed to fetch updates - TelegramConflictError: Telegram server says - Conflict: terminated by other getUpdates request; make sure that only one bot instance is running
2026-07-08 15:37:10 | ERROR    | aiogram.dispatcher | Failed to fetch updates - TelegramConflictError: Telegram server says - Conflict: terminated by other getUpdates request; make sure that only one bot instance is running
2026-07-08 15:37:20 | ERROR    | aiogram.dispatcher | Failed to fetch updates - TelegramConflictError: Telegram server says - Conflict: terminated by other getUpdates request; make sure that only one bot instance is running
2026-07-08 15:37:31 | ERROR    | aiogram.dispatcher | Failed to fetch updates - TelegramConflictError: Telegram server says - Conflict: terminated by other getUpdates request; make sure that only one bot instance is running
2026-07-08 15:37:41 | ERROR    | aiogram.dispatcher | Failed to fetch updates - TelegramConflictError: Telegram server says - Conflict: terminated by other getUpdates request; make sure that only one bot instance is running
2026-07-08 15:37:51 | ERROR    | aiogram.dispatcher | Failed to fetch updates - TelegramConflictError: Telegram server says - Conflict: terminated by other getUpdates request; make sure that only one bot instance is running
2026-07-08 15:38:02 | ERROR    | aiogram.dispatcher | Failed to fetch updates - TelegramConflictError: Telegram server says - Conflict: terminated by other getUpdates request; make sure that only one bot instance is running
2026-07-08 15:38:12 | ERROR    | aiogram.dispatcher | Failed to fetch updates - TelegramConflictError: Telegram server says - Conflict: terminated by other getUpdates request; make sure that only one bot instance is running
2026-07-08 15:38:22 | ERROR    | aiogram.dispatcher | Failed to fetch updates - TelegramConflictError: Telegram server says - Conflict: terminated by other getUpdates request; make sure that only one bot instance is running
2026-07-08 15:38:32 | ERROR    | aiogram.dispatcher | Failed to fetch updates - TelegramConflictError: Telegram server says - Conflict: terminated by other getUpdates request; make sure that only one bot instance is running
2026-07-08 15:38:43 | ERROR    | aiogram.dispatcher | Failed to fetch updates - TelegramConflictError: Telegram server says - Conflict: terminated by other getUpdates request; make sure that only one bot instance is running
2026-07-08 15:38:53 | ERROR    | aiogram.dispatcher | Failed to fetch updates - TelegramConflictError: Telegram server says - Conflict: terminated by other getUpdates request; make sure that only one bot instance is running
2026-07-08 15:39:03 | ERROR    | aiogram.dispatcher | Failed to fetch updates - TelegramConflictError: Telegram server says - Conflict: terminated by other getUpdates request; make sure that only one bot instance is running
2026-07-08 15:39:14 | ERROR    | aiogram.dispatcher | Failed to fetch updates - TelegramConflictError: Telegram server says - Conflict: terminated by other getUpdates request; make sure that only one bot instance is running
2026-07-08 15:39:24 | ERROR    | aiogram.dispatcher | Failed to fetch updates - TelegramConflictError: Telegram server says - Conflict: terminated by other getUpdates request; make sure that only one bot instance is running
2026-07-08 15:39:35 | ERROR    | aiogram.dispatcher | Failed to fetch updates - TelegramConflictError: Telegram server says - Conflict: terminated by other getUpdates request; make sure that only one bot instance is running
2026-07-08 15:39:45 | ERROR    | aiogram.dispatcher | Failed to fetch updates - TelegramConflictError: Telegram server says - Conflict: terminated by other getUpdates request; make sure that only one bot instance is running
2026-07-08 15:39:55 | ERROR    | aiogram.dispatcher | Failed to fetch updates - TelegramConflictError: Telegram server says - Conflict: terminated by other getUpdates request; make sure that only one bot instance is running
2026-07-08 15:40:06 | ERROR    | aiogram.dispatcher | Failed to fetch updates - TelegramConflictError: Telegram server says - Conflict: terminated by other getUpdates request; make sure that only one bot instance is running
2026-07-08 15:40:16 | ERROR    | aiogram.dispatcher | Failed to fetch updates - TelegramConflictError: Telegram server says - Conflict: terminated by other getUpdates request; make sure that only one bot instance is running
2026-07-08 15:40:26 | ERROR    | aiogram.dispatcher | Failed to fetch updates - TelegramConflictError: Telegram server says - Conflict: terminated by other getUpdates request; make sure that only one bot instance is running
2026-07-08 15:40:36 | ERROR    | aiogram.dispatcher | Failed to fetch updates - TelegramConflictError: Telegram server says - Conflict: terminated by other getUpdates request; make sure that only one bot instance is running
2026-07-08 15:40:47 | ERROR    | aiogram.dispatcher | Failed to fetch updates - TelegramConflictError: Telegram server says - Conflict: terminated by other getUpdates request; make sure that only one bot instance is running
2026-07-08 15:40:57 | ERROR    | aiogram.dispatcher | Failed to fetch updates - TelegramConflictError: Telegram server says - Conflict: terminated by other getUpdates request; make sure that only one bot instance is running
2026-07-08 15:41:07 | ERROR    | aiogram.dispatcher | Failed to fetch updates - TelegramConflictError: Telegram server says - Conflict: terminated by other getUpdates request; make sure that only one bot instance is running
2026-07-08 15:41:18 | ERROR    | aiogram.dispatcher | Failed to fetch updates - TelegramConflictError: Telegram server says - Conflict: terminated by other getUpdates request; make sure that only one bot instance is running
2026-07-08 15:41:28 | ERROR    | aiogram.dispatcher | Failed to fetch updates - TelegramConflictError: Telegram server says - Conflict: terminated by other getUpdates request; make sure that only one bot instance is running
2026-07-08 15:41:38 | ERROR    | aiogram.dispatcher | Failed to fetch updates - TelegramConflictError: Telegram server says - Conflict: terminated by other getUpdates request; make sure that only one bot instance is running
2026-07-08 15:41:49 | ERROR    | aiogram.dispatcher | Failed to fetch updates - TelegramConflictError: Telegram server says - Conflict: terminated by other getUpdates request; make sure that only one bot instance is running
2026-07-08 15:41:59 | ERROR    | aiogram.dispatcher | Failed to fetch updates - TelegramConflictError: Telegram server says - Conflict: terminated by other getUpdates request; make sure that only one bot instance is running
2026-07-08 15:42:09 | ERROR    | aiogram.dispatcher | Failed to fetch updates - TelegramConflictError: Telegram server says - Conflict: terminated by other getUpdates request; make sure that only one bot instance is running
2026-07-08 15:42:19 | ERROR    | aiogram.dispatcher | Failed to fetch updates - TelegramConflictError: Telegram server says - Conflict: terminated by other getUpdates request; make sure that only one bot instance is running
2026-07-08 15:42:29 | ERROR    | aiogram.dispatcher | Failed to fetch updates - TelegramConflictError: Telegram server says - Conflict: terminated by other getUpdates request; make sure that only one bot instance is running
2026-07-08 15:42:40 | ERROR    | aiogram.dispatcher | Failed to fetch updates - TelegramConflictError: Telegram server says - Conflict: terminated by other getUpdates request; make sure that only one bot instance is running
2026-07-08 15:42:50 | ERROR    | aiogram.dispatcher | Failed to fetch updates - TelegramConflictError: Telegram server says - Conflict: terminated by other getUpdates request; make sure that only one bot instance is running
2026-07-08 15:43:00 | ERROR    | aiogram.dispatcher | Failed to fetch updates - TelegramConflictError: Telegram server says - Conflict: terminated by other getUpdates request; make sure that only one bot instance is running
2026-07-08 15:43:10 | ERROR    | aiogram.dispatcher | Failed to fetch updates - TelegramConflictError: Telegram server says - Conflict: terminated by other getUpdates request; make sure that only one bot instance is running
2026-07-08 15:43:20 | ERROR    | aiogram.dispatcher | Failed to fetch updates - TelegramConflictError: Telegram server says - Conflict: terminated by other getUpdates request; make sure that only one bot instance is running
2026-07-08 15:43:30 | ERROR    | aiogram.dispatcher | Failed to fetch updates - TelegramConflictError: Telegram server says - Conflict: terminated by other getUpdates request; make sure that only one bot instance is running
2026-07-08 15:43:41 | ERROR    | aiogram.dispatcher | Failed to fetch updates - TelegramConflictError: Telegram server says - Conflict: terminated by other getUpdates request; make sure that only one bot instance is running
2026-07-08 15:43:51 | ERROR    | aiogram.dispatcher | Failed to fetch updates - TelegramConflictError: Telegram server says - Conflict: terminated by other getUpdates request; make sure that only one bot instance is running
2026-07-08 15:44:01 | ERROR    | aiogram.dispatcher | Failed to fetch updates - TelegramConflictError: Telegram server says - Conflict: terminated by other getUpdates request; make sure that only one bot instance is running
2026-07-08 15:44:12 | ERROR    | aiogram.dispatcher | Failed to fetch updates - TelegramConflictError: Telegram server says - Conflict: terminated by other getUpdates request; make sure that only one bot instance is running
2026-07-08 15:44:22 | ERROR    | aiogram.dispatcher | Failed to fetch updates - TelegramConflictError: Telegram server says - Conflict: terminated by other getUpdates request; make sure that only one bot instance is running
2026-07-08 15:44:32 | ERROR    | aiogram.dispatcher | Failed to fetch updates - TelegramConflictError: Telegram server says - Conflict: terminated by other getUpdates request; make sure that only one bot instance is running
2026-07-08 15:44:42 | ERROR    | aiogram.dispatcher | Failed to fetch updates - TelegramConflictError: Telegram server says - Conflict: terminated by other getUpdates request; make sure that only one bot instance is running
2026-07-08 15:44:53 | ERROR    | aiogram.dispatcher | Failed to fetch updates - TelegramConflictError: Telegram server says - Conflict: terminated by other getUpdates request; make sure that only one bot instance is running
2026-07-08 15:45:03 | ERROR    | aiogram.dispatcher | Failed to fetch updates - TelegramConflictError: Telegram server says - Conflict: terminated by other getUpdates request; make sure that only one bot instance is running
2026-07-08 15:45:14 | ERROR    | aiogram.dispatcher | Failed to fetch updates - TelegramConflictError: Telegram server says - Conflict: terminated by other getUpdates request; make sure that only one bot instance is running
2026-07-08 15:45:24 | ERROR    | aiogram.dispatcher | Failed to fetch updates - TelegramConflictError: Telegram server says - Conflict: terminated by other getUpdates request; make sure that only one bot instance is running
2026-07-08 15:45:34 | ERROR    | aiogram.dispatcher | Failed to fetch updates - TelegramConflictError: Telegram server says - Conflict: terminated by other getUpdates request; make sure that only one bot instance is running
2026-07-08 15:45:45 | ERROR    | aiogram.dispatcher | Failed to fetch updates - TelegramConflictError: Telegram server says - Conflict: terminated by other getUpdates request; make sure that only one bot instance is running
2026-07-08 15:45:55 | ERROR    | aiogram.dispatcher | Failed to fetch updates - TelegramConflictError: Telegram server says - Conflict: terminated by other getUpdates request; make sure that only one bot instance is running
2026-07-08 15:46:05 | ERROR    | aiogram.dispatcher | Failed to fetch updates - TelegramConflictError: Telegram server says - Conflict: terminated by other getUpdates request; make sure that only one bot instance is running
2026-07-08 15:46:15 | ERROR    | aiogram.dispatcher | Failed to fetch updates - TelegramConflictError: Telegram server says - Conflict: terminated by other getUpdates request; make sure that only one bot instance is running
2026-07-08 15:46:26 | ERROR    | aiogram.dispatcher | Failed to fetch updates - TelegramConflictError: Telegram server says - Conflict: terminated by other getUpdates request; make sure that only one bot instance is running
2026-07-08 15:46:36 | ERROR    | aiogram.dispatcher | Failed to fetch updates - TelegramConflictError: Telegram server says - Conflict: terminated by other getUpdates request; make sure that only one bot instance is running
2026-07-08 15:46:46 | ERROR    | aiogram.dispatcher | Failed to fetch updates - TelegramConflictError: Telegram server says - Conflict: terminated by other getUpdates request; make sure that only one bot instance is running
2026-07-08 15:46:57 | ERROR    | aiogram.dispatcher | Failed to fetch updates - TelegramConflictError: Telegram server says - Conflict: terminated by other getUpdates request; make sure that only one bot instance is running
2026-07-08 15:47:07 | ERROR    | aiogram.dispatcher | Failed to fetch updates - TelegramConflictError: Telegram server says - Conflict: terminated by other getUpdates request; make sure that only one bot instance is running
2026-07-08 15:47:17 | ERROR    | aiogram.dispatcher | Failed to fetch updates - TelegramConflictError: Telegram server says - Conflict: terminated by other getUpdates request; make sure that only one bot instance is running
2026-07-08 15:47:27 | ERROR    | aiogram.dispatcher | Failed to fetch updates - TelegramConflictError: Telegram server says - Conflict: terminated by other getUpdates request; make sure that only one bot instance is running
2026-07-08 15:47:38 | ERROR    | aiogram.dispatcher | Failed to fetch updates - TelegramConflictError: Telegram server says - Conflict: terminated by other getUpdates request; make sure that only one bot instance is running
2026-07-08 15:47:48 | ERROR    | aiogram.dispatcher | Failed to fetch updates - TelegramConflictError: Telegram server says - Conflict: terminated by other getUpdates request; make sure that only one bot instance is running
2026-07-08 15:47:59 | ERROR    | aiogram.dispatcher | Failed to fetch updates - TelegramConflictError: Telegram server says - Conflict: terminated by other getUpdates request; make sure that only one bot instance is running
2026-07-08 15:48:09 | ERROR    | aiogram.dispatcher | Failed to fetch updates - TelegramConflictError: Telegram server says - Conflict: terminated by other getUpdates request; make sure that only one bot instance is running
2026-07-08 15:48:19 | ERROR    | aiogram.dispatcher | Failed to fetch updates - TelegramConflictError: Telegram server says - Conflict: terminated by other getUpdates request; make sure that only one bot instance is running
2026-07-08 15:48:30 | ERROR    | aiogram.dispatcher | Failed to fetch updates - TelegramConflictError: Telegram server says - Conflict: terminated by other getUpdates request; make sure that only one bot instance is running
2026-07-08 15:48:40 | ERROR    | aiogram.dispatcher | Failed to fetch updates - TelegramConflictError: Telegram server says - Conflict: terminated by other getUpdates request; make sure that only one bot instance is running
2026-07-08 15:48:50 | ERROR    | aiogram.dispatcher | Failed to fetch updates - TelegramConflictError: Telegram server says - Conflict: terminated by other getUpdates request; make sure that only one bot instance is running
2026-07-08 15:49:01 | ERROR    | aiogram.dispatcher | Failed to fetch updates - TelegramConflictError: Telegram server says - Conflict: terminated by other getUpdates request; make sure that only one bot instance is running
2026-07-08 15:49:11 | ERROR    | aiogram.dispatcher | Failed to fetch updates - TelegramConflictError: Telegram server says - Conflict: terminated by other getUpdates request; make sure that only one bot instance is running
2026-07-08 15:49:21 | ERROR    | aiogram.dispatcher | Failed to fetch updates - TelegramConflictError: Telegram server says - Conflict: terminated by other getUpdates request; make sure that only one bot instance is running
2026-07-08 15:49:32 | ERROR    | aiogram.dispatcher | Failed to fetch updates - TelegramConflictError: Telegram server says - Conflict: terminated by other getUpdates request; make sure that only one bot instance is running
2026-07-08 15:49:42 | ERROR    | aiogram.dispatcher | Failed to fetch updates - TelegramConflictError: Telegram server says - Conflict: terminated by other getUpdates request; make sure that only one bot instance is running
2026-07-08 15:49:52 | ERROR    | aiogram.dispatcher | Failed to fetch updates - TelegramConflictError: Telegram server says - Conflict: terminated by other getUpdates request; make sure that only one bot instance is running
2026-07-08 15:50:03 | ERROR    | aiogram.dispatcher | Failed to fetch updates - TelegramConflictError: Telegram server says - Conflict: terminated by other getUpdates request; make sure that only one bot instance is running
2026-07-08 15:50:13 | ERROR    | aiogram.dispatcher | Failed to fetch updates - TelegramConflictError: Telegram server says - Conflict: terminated by other getUpdates request; make sure that only one bot instance is running
2026-07-08 15:50:23 | ERROR    | aiogram.dispatcher | Failed to fetch updates - TelegramConflictError: Telegram server says - Conflict: terminated by other getUpdates request; make sure that only one bot instance is running
2026-07-08 15:50:34 | ERROR    | aiogram.dispatcher | Failed to fetch updates - TelegramConflictError: Telegram server says - Conflict: terminated by other getUpdates request; make sure that only one bot instance is running
2026-07-08 15:50:44 | ERROR    | aiogram.dispatcher | Failed to fetch updates - TelegramConflictError: Telegram server says - Conflict: terminated by other getUpdates request; make sure that only one bot instance is running
2026-07-08 15:50:54 | ERROR    | aiogram.dispatcher | Failed to fetch updates - TelegramConflictError: Telegram server says - Conflict: terminated by other getUpdates request; make sure that only one bot instance is running
2026-07-08 15:51:05 | ERROR    | aiogram.dispatcher | Failed to fetch updates - TelegramConflictError: Telegram server says - Conflict: terminated by other getUpdates request; make sure that only one bot instance is running
2026-07-08 15:51:15 | ERROR    | aiogram.dispatcher | Failed to fetch updates - TelegramConflictError: Telegram server says - Conflict: terminated by other getUpdates request; make sure that only one bot instance is running
2026-07-08 15:51:26 | ERROR    | aiogram.dispatcher | Failed to fetch updates - TelegramConflictError: Telegram server says - Conflict: terminated by other getUpdates request; make sure that only one bot instance is running
2026-07-08 15:51:36 | ERROR    | aiogram.dispatcher | Failed to fetch updates - TelegramConflictError: Telegram server says - Conflict: terminated by other getUpdates request; make sure that only one bot instance is running
2026-07-08 15:51:47 | ERROR    | aiogram.dispatcher | Failed to fetch updates - TelegramConflictError: Telegram server says - Conflict: terminated by other getUpdates request; make sure that only one bot instance is running
2026-07-08 15:51:57 | ERROR    | aiogram.dispatcher | Failed to fetch updates - TelegramConflictError: Telegram server says - Conflict: terminated by other getUpdates request; make sure that only one bot instance is running
2026-07-08 15:52:08 | ERROR    | aiogram.dispatcher | Failed to fetch updates - TelegramConflictError: Telegram server says - Conflict: terminated by other getUpdates request; make sure that only one bot instance is running
2026-07-08 15:52:18 | ERROR    | aiogram.dispatcher | Failed to fetch updates - TelegramConflictError: Telegram server says - Conflict: terminated by other getUpdates request; make sure that only one bot instance is running
2026-07-08 15:52:29 | ERROR    | aiogram.dispatcher | Failed to fetch updates - TelegramConflictError: Telegram server says - Conflict: terminated by other getUpdates request; make sure that only one bot instance is running
2026-07-08 15:52:39 | ERROR    | aiogram.dispatcher | Failed to fetch updates - TelegramConflictError: Telegram server says - Conflict: terminated by other getUpdates request; make sure that only one bot instance is running
2026-07-08 15:52:49 | ERROR    | aiogram.dispatcher | Failed to fetch updates - TelegramConflictError: Telegram server says - Conflict: terminated by other getUpdates request; make sure that only one bot instance is running
2026-07-08 15:53:00 | ERROR    | aiogram.dispatcher | Failed to fetch updates - TelegramConflictError: Telegram server says - Conflict: terminated by other getUpdates request; make sure that only one bot instance is running
2026-07-08 15:53:10 | ERROR    | aiogram.dispatcher | Failed to fetch updates - TelegramConflictError: Telegram server says - Conflict: terminated by other getUpdates request; make sure that only one bot instance is running
2026-07-08 15:53:20 | ERROR    | aiogram.dispatcher | Failed to fetch updates - TelegramConflictError: Telegram server says - Conflict: terminated by other getUpdates request; make sure that only one bot instance is running
2026-07-08 15:53:31 | ERROR    | aiogram.dispatcher | Failed to fetch updates - TelegramConflictError: Telegram server says - Conflict: terminated by other getUpdates request; make sure that only one bot instance is running
2026-07-08 15:53:41 | ERROR    | aiogram.dispatcher | Failed to fetch updates - TelegramConflictError: Telegram server says - Conflict: terminated by other getUpdates request; make sure that only one bot instance is running
2026-07-08 15:53:51 | ERROR    | aiogram.dispatcher | Failed to fetch updates - TelegramConflictError: Telegram server says - Conflict: terminated by other getUpdates request; make sure that only one bot instance is running
2026-07-08 15:54:02 | ERROR    | aiogram.dispatcher | Failed to fetch updates - TelegramConflictError: Telegram server says - Conflict: terminated by other getUpdates request; make sure that only one bot instance is running
2026-07-08 15:54:12 | ERROR    | aiogram.dispatcher | Failed to fetch updates - TelegramConflictError: Telegram server says - Conflict: terminated by other getUpdates request; make sure that only one bot instance is running
2026-07-08 15:54:22 | ERROR    | aiogram.dispatcher | Failed to fetch updates - TelegramConflictError: Telegram server says - Conflict: terminated by other getUpdates request; make sure that only one bot instance is running
2026-07-08 15:54:33 | ERROR    | aiogram.dispatcher | Failed to fetch updates - TelegramConflictError: Telegram server says - Conflict: terminated by other getUpdates request; make sure that only one bot instance is running
2026-07-08 15:54:43 | ERROR    | aiogram.dispatcher | Failed to fetch updates - TelegramConflictError: Telegram server says - Conflict: terminated by other getUpdates request; make sure that only one bot instance is running
2026-07-08 15:54:53 | ERROR    | aiogram.dispatcher | Failed to fetch updates - TelegramConflictError: Telegram server says - Conflict: terminated by other getUpdates request; make sure that only one bot instance is running
2026-07-08 15:55:04 | ERROR    | aiogram.dispatcher | Failed to fetch updates - TelegramConflictError: Telegram server says - Conflict: terminated by other getUpdates request; make sure that only one bot instance is running
2026-07-08 15:55:14 | ERROR    | aiogram.dispatcher | Failed to fetch updates - TelegramConflictError: Telegram server says - Conflict: terminated by other getUpdates request; make sure that only one bot instance is running
2026-07-08 15:55:24 | ERROR    | aiogram.dispatcher | Failed to fetch updates - TelegramConflictError: Telegram server says - Conflict: terminated by other getUpdates request; make sure that only one bot instance is running
2026-07-08 15:55:34 | ERROR    | aiogram.dispatcher | Failed to fetch updates - TelegramConflictError: Telegram server says - Conflict: terminated by other getUpdates request; make sure that only one bot instance is running
2026-07-08 15:55:45 | ERROR    | aiogram.dispatcher | Failed to fetch updates - TelegramConflictError: Telegram server says - Conflict: terminated by other getUpdates request; make sure that only one bot instance is running
2026-07-08 15:55:55 | ERROR    | aiogram.dispatcher | Failed to fetch updates - TelegramConflictError: Telegram server says - Conflict: terminated by other getUpdates request; make sure that only one bot instance is running
2026-07-08 15:56:05 | ERROR    | aiogram.dispatcher | Failed to fetch updates - TelegramConflictError: Telegram server says - Conflict: terminated by other getUpdates request; make sure that only one bot instance is running
2026-07-08 15:56:16 | ERROR    | aiogram.dispatcher | Failed to fetch updates - TelegramConflictError: Telegram server says - Conflict: terminated by other getUpdates request; make sure that only one bot instance is running
2026-07-08 15:56:26 | ERROR    | aiogram.dispatcher | Failed to fetch updates - TelegramConflictError: Telegram server says - Conflict: terminated by other getUpdates request; make sure that only one bot instance is running
2026-07-08 15:56:36 | ERROR    | aiogram.dispatcher | Failed to fetch updates - TelegramConflictError: Telegram server says - Conflict: terminated by other getUpdates request; make sure that only one bot instance is running
2026-07-08 15:56:46 | ERROR    | aiogram.dispatcher | Failed to fetch updates - TelegramConflictError: Telegram server says - Conflict: terminated by other getUpdates request; make sure that only one bot instance is running
2026-07-08 15:56:57 | ERROR    | aiogram.dispatcher | Failed to fetch updates - TelegramConflictError: Telegram server says - Conflict: terminated by other getUpdates request; make sure that only one bot instance is running
2026-07-08 15:57:07 | ERROR    | aiogram.dispatcher | Failed to fetch updates - TelegramConflictError: Telegram server says - Conflict: terminated by other getUpdates request; make sure that only one bot instance is running
2026-07-08 15:57:17 | ERROR    | aiogram.dispatcher | Failed to fetch updates - TelegramConflictError: Telegram server says - Conflict: terminated by other getUpdates request; make sure that only one bot instance is running
2026-07-08 15:57:28 | ERROR    | aiogram.dispatcher | Failed to fetch updates - TelegramConflictError: Telegram server says - Conflict: terminated by other getUpdates request; make sure that only one bot instance is running
2026-07-08 15:57:38 | ERROR    | aiogram.dispatcher | Failed to fetch updates - TelegramConflictError: Telegram server says - Conflict: terminated by other getUpdates request; make sure that only one bot instance is running
2026-07-08 15:57:48 | ERROR    | aiogram.dispatcher | Failed to fetch updates - TelegramConflictError: Telegram server says - Conflict: terminated by other getUpdates request; make sure that only one bot instance is running
2026-07-08 15:57:59 | ERROR    | aiogram.dispatcher | Failed to fetch updates - TelegramConflictError: Telegram server says - Conflict: terminated by other getUpdates request; make sure that only one bot instance is running
2026-07-08 15:58:09 | ERROR    | aiogram.dispatcher | Failed to fetch updates - TelegramConflictError: Telegram server says - Conflict: terminated by other getUpdates request; make sure that only one bot instance is running
2026-07-08 15:58:19 | ERROR    | aiogram.dispatcher | Failed to fetch updates - TelegramConflictError: Telegram server says - Conflict: terminated by other getUpdates request; make sure that only one bot instance is running
2026-07-08 15:58:30 | ERROR    | aiogram.dispatcher | Failed to fetch updates - TelegramConflictError: Telegram server says - Conflict: terminated by other getUpdates request; make sure that only one bot instance is running
2026-07-08 15:58:40 | ERROR    | aiogram.dispatcher | Failed to fetch updates - TelegramConflictError: Telegram server says - Conflict: terminated by other getUpdates request; make sure that only one bot instance is running
2026-07-08 15:58:50 | ERROR    | aiogram.dispatcher | Failed to fetch updates - TelegramConflictError: Telegram server says - Conflict: terminated by other getUpdates request; make sure that only one bot instance is running
2026-07-08 15:59:01 | ERROR    | aiogram.dispatcher | Failed to fetch updates - TelegramConflictError: Telegram server says - Conflict: terminated by other getUpdates request; make sure that only one bot instance is running
2026-07-08 15:59:11 | ERROR    | aiogram.dispatcher | Failed to fetch updates - TelegramConflictError: Telegram server says - Conflict: terminated by other getUpdates request; make sure that only one bot instance is running
2026-07-08 15:59:22 | ERROR    | aiogram.dispatcher | Failed to fetch updates - TelegramConflictError: Telegram server says - Conflict: terminated by other getUpdates request; make sure that only one bot instance is running
2026-07-08 15:59:32 | ERROR    | aiogram.dispatcher | Failed to fetch updates - TelegramConflictError: Telegram server says - Conflict: terminated by other getUpdates request; make sure that only one bot instance is running
2026-07-08 15:59:42 | ERROR    | aiogram.dispatcher | Failed to fetch updates - TelegramConflictError: Telegram server says - Conflict: terminated by other getUpdates request; make sure that only one bot instance is running
2026-07-08 15:59:53 | ERROR    | aiogram.dispatcher | Failed to fetch updates - TelegramConflictError: Telegram server says - Conflict: terminated by other getUpdates request; make sure that only one bot instance is running
2026-07-08 16:00:03 | ERROR    | aiogram.dispatcher | Failed to fetch updates - TelegramConflictError: Telegram server says - Conflict: terminated by other getUpdates request; make sure that only one bot instance is running
2026-07-08 16:00:14 | ERROR    | aiogram.dispatcher | Failed to fetch updates - TelegramConflictError: Telegram server says - Conflict: terminated by other getUpdates request; make sure that only one bot instance is running
2026-07-08 16:00:24 | ERROR    | aiogram.dispatcher | Failed to fetch updates - TelegramConflictError: Telegram server says - Conflict: terminated by other getUpdates request; make sure that only one bot instance is running
2026-07-08 16:00:34 | ERROR    | aiogram.dispatcher | Failed to fetch updates - TelegramConflictError: Telegram server says - Conflict: terminated by other getUpdates request; make sure that only one bot instance is running
2026-07-08 16:00:44 | ERROR    | aiogram.dispatcher | Failed to fetch updates - TelegramConflictError: Telegram server says - Conflict: terminated by other getUpdates request; make sure that only one bot instance is running
2026-07-08 16:00:55 | ERROR    | aiogram.dispatcher | Failed to fetch updates - TelegramConflictError: Telegram server says - Conflict: terminated by other getUpdates request; make sure that only one bot instance is running
2026-07-08 16:01:05 | ERROR    | aiogram.dispatcher | Failed to fetch updates - TelegramConflictError: Telegram server says - Conflict: terminated by other getUpdates request; make sure that only one bot instance is running
2026-07-08 16:01:15 | ERROR    | aiogram.dispatcher | Failed to fetch updates - TelegramConflictError: Telegram server says - Conflict: terminated by other getUpdates request; make sure that only one bot instance is running
2026-07-08 16:01:26 | ERROR    | aiogram.dispatcher | Failed to fetch updates - TelegramConflictError: Telegram server says - Conflict: terminated by other getUpdates request; make sure that only one bot instance is running
2026-07-08 16:01:36 | ERROR    | aiogram.dispatcher | Failed to fetch updates - TelegramConflictError: Telegram server says - Conflict: terminated by other getUpdates request; make sure that only one bot instance is running
2026-07-08 16:01:46 | ERROR    | aiogram.dispatcher | Failed to fetch updates - TelegramConflictError: Telegram server says - Conflict: terminated by other getUpdates request; make sure that only one bot instance is running
2026-07-08 16:01:56 | ERROR    | aiogram.dispatcher | Failed to fetch updates - TelegramConflictError: Telegram server says - Conflict: terminated by other getUpdates request; make sure that only one bot instance is running
2026-07-08 16:02:06 | ERROR    | aiogram.dispatcher | Failed to fetch updates - TelegramConflictError: Telegram server says - Conflict: terminated by other getUpdates request; make sure that only one bot instance is running
2026-07-08 16:02:16 | ERROR    | aiogram.dispatcher | Failed to fetch updates - TelegramConflictError: Telegram server says - Conflict: terminated by other getUpdates request; make sure that only one bot instance is running
2026-07-08 16:02:27 | ERROR    | aiogram.dispatcher | Failed to fetch updates - TelegramConflictError: Telegram server says - Conflict: terminated by other getUpdates request; make sure that only one bot instance is running
2026-07-08 16:02:37 | ERROR    | aiogram.dispatcher | Failed to fetch updates - TelegramConflictError: Telegram server says - Conflict: terminated by other getUpdates request; make sure that only one bot instance is running
2026-07-08 16:02:47 | ERROR    | aiogram.dispatcher | Failed to fetch updates - TelegramConflictError: Telegram server says - Conflict: terminated by other getUpdates request; make sure that only one bot instance is running
2026-07-08 16:02:58 | ERROR    | aiogram.dispatcher | Failed to fetch updates - TelegramConflictError: Telegram server says - Conflict: terminated by other getUpdates request; make sure that only one bot instance is running
2026-07-08 16:03:08 | ERROR    | aiogram.dispatcher | Failed to fetch updates - TelegramConflictError: Telegram server says - Conflict: terminated by other getUpdates request; make sure that only one bot instance is running
2026-07-08 16:03:18 | ERROR    | aiogram.dispatcher | Failed to fetch updates - TelegramConflictError: Telegram server says - Conflict: terminated by other getUpdates request; make sure that only one bot instance is running
2026-07-08 16:03:29 | ERROR    | aiogram.dispatcher | Failed to fetch updates - TelegramConflictError: Telegram server says - Conflict: terminated by other getUpdates request; make sure that only one bot instance is running
2026-07-08 16:03:39 | ERROR    | aiogram.dispatcher | Failed to fetch updates - TelegramConflictError: Telegram server says - Conflict: terminated by other getUpdates request; make sure that only one bot instance is running
2026-07-08 16:03:50 | ERROR    | aiogram.dispatcher | Failed to fetch updates - TelegramConflictError: Telegram server says - Conflict: terminated by other getUpdates request; make sure that only one bot instance is running
2026-07-08 16:04:00 | ERROR    | aiogram.dispatcher | Failed to fetch updates - TelegramConflictError: Telegram server says - Conflict: terminated by other getUpdates request; make sure that only one bot instance is running
2026-07-08 16:04:10 | ERROR    | aiogram.dispatcher | Failed to fetch updates - TelegramConflictError: Telegram server says - Conflict: terminated by other getUpdates request; make sure that only one bot instance is running
2026-07-08 16:04:20 | ERROR    | aiogram.dispatcher | Failed to fetch updates - TelegramConflictError: Telegram server says - Conflict: terminated by other getUpdates request; make sure that only one bot instance is running
2026-07-08 16:04:31 | ERROR    | aiogram.dispatcher | Failed to fetch updates - TelegramConflictError: Telegram server says - Conflict: terminated by other getUpdates request; make sure that only one bot instance is running
2026-07-08 16:04:41 | ERROR    | aiogram.dispatcher | Failed to fetch updates - TelegramConflictError: Telegram server says - Conflict: terminated by other getUpdates request; make sure that only one bot instance is running
2026-07-08 16:04:51 | ERROR    | aiogram.dispatcher | Failed to fetch updates - TelegramConflictError: Telegram server says - Conflict: terminated by other getUpdates request; make sure that only one bot instance is running
2026-07-08 16:05:01 | ERROR    | aiogram.dispatcher | Failed to fetch updates - TelegramConflictError: Telegram server says - Conflict: terminated by other getUpdates request; make sure that only one bot instance is running
2026-07-08 16:05:12 | ERROR    | aiogram.dispatcher | Failed to fetch updates - TelegramConflictError: Telegram server says - Conflict: terminated by other getUpdates request; make sure that only one bot instance is running
2026-07-08 16:05:22 | ERROR    | aiogram.dispatcher | Failed to fetch updates - TelegramConflictError: Telegram server says - Conflict: terminated by other getUpdates request; make sure that only one bot instance is running
2026-07-08 16:05:33 | ERROR    | aiogram.dispatcher | Failed to fetch updates - TelegramConflictError: Telegram server says - Conflict: terminated by other getUpdates request; make sure that only one bot instance is running
2026-07-08 16:05:43 | ERROR    | aiogram.dispatcher | Failed to fetch updates - TelegramConflictError: Telegram server says - Conflict: terminated by other getUpdates request; make sure that only one bot instance is running
2026-07-08 16:05:53 | ERROR    | aiogram.dispatcher | Failed to fetch updates - TelegramConflictError: Telegram server says - Conflict: terminated by other getUpdates request; make sure that only one bot instance is running
2026-07-08 16:06:04 | ERROR    | aiogram.dispatcher | Failed to fetch updates - TelegramConflictError: Telegram server says - Conflict: terminated by other getUpdates request; make sure that only one bot instance is running
2026-07-08 16:06:14 | ERROR    | aiogram.dispatcher | Failed to fetch updates - TelegramConflictError: Telegram server says - Conflict: terminated by other getUpdates request; make sure that only one bot instance is running
2026-07-08 16:06:24 | ERROR    | aiogram.dispatcher | Failed to fetch updates - TelegramConflictError: Telegram server says - Conflict: terminated by other getUpdates request; make sure that only one bot instance is running
2026-07-08 16:06:35 | ERROR    | aiogram.dispatcher | Failed to fetch updates - TelegramConflictError: Telegram server says - Conflict: terminated by other getUpdates request; make sure that only one bot instance is running
2026-07-08 16:06:45 | ERROR    | aiogram.dispatcher | Failed to fetch updates - TelegramConflictError: Telegram server says - Conflict: terminated by other getUpdates request; make sure that only one bot instance is running
2026-07-08 16:06:55 | ERROR    | aiogram.dispatcher | Failed to fetch updates - TelegramConflictError: Telegram server says - Conflict: terminated by other getUpdates request; make sure that only one bot instance is running
2026-07-08 16:07:06 | ERROR    | aiogram.dispatcher | Failed to fetch updates - TelegramConflictError: Telegram server says - Conflict: terminated by other getUpdates request; make sure that only one bot instance is running
2026-07-08 16:07:16 | ERROR    | aiogram.dispatcher | Failed to fetch updates - TelegramConflictError: Telegram server says - Conflict: terminated by other getUpdates request; make sure that only one bot instance is running
2026-07-08 16:07:26 | ERROR    | aiogram.dispatcher | Failed to fetch updates - TelegramConflictError: Telegram server says - Conflict: terminated by other getUpdates request; make sure that only one bot instance is running
2026-07-08 16:07:37 | ERROR    | aiogram.dispatcher | Failed to fetch updates - TelegramConflictError: Telegram server says - Conflict: terminated by other getUpdates request; make sure that only one bot instance is running
2026-07-08 16:07:47 | ERROR    | aiogram.dispatcher | Failed to fetch updates - TelegramConflictError: Telegram server says - Conflict: terminated by other getUpdates request; make sure that only one bot instance is running
2026-07-08 16:07:58 | ERROR    | aiogram.dispatcher | Failed to fetch updates - TelegramConflictError: Telegram server says - Conflict: terminated by other getUpdates request; make sure that only one bot instance is running
2026-07-08 16:08:08 | ERROR    | aiogram.dispatcher | Failed to fetch updates - TelegramConflictError: Telegram server says - Conflict: terminated by other getUpdates request; make sure that only one bot instance is running
2026-07-08 16:08:18 | ERROR    | aiogram.dispatcher | Failed to fetch updates - TelegramConflictError: Telegram server says - Conflict: terminated by other getUpdates request; make sure that only one bot instance is running
2026-07-08 16:08:28 | ERROR    | aiogram.dispatcher | Failed to fetch updates - TelegramConflictError: Telegram server says - Conflict: terminated by other getUpdates request; make sure that only one bot instance is running
2026-07-08 16:08:39 | ERROR    | aiogram.dispatcher | Failed to fetch updates - TelegramConflictError: Telegram server says - Conflict: terminated by other getUpdates request; make sure that only one bot instance is running
2026-07-08 16:08:49 | ERROR    | aiogram.dispatcher | Failed to fetch updates - TelegramConflictError: Telegram server says - Conflict: terminated by other getUpdates request; make sure that only one bot instance is running
2026-07-08 16:09:00 | ERROR    | aiogram.dispatcher | Failed to fetch updates - TelegramConflictError: Telegram server says - Conflict: terminated by other getUpdates request; make sure that only one bot instance is running
2026-07-08 16:09:10 | ERROR    | aiogram.dispatcher | Failed to fetch updates - TelegramConflictError: Telegram server says - Conflict: terminated by other getUpdates request; make sure that only one bot instance is running
2026-07-08 16:09:20 | ERROR    | aiogram.dispatcher | Failed to fetch updates - TelegramConflictError: Telegram server says - Conflict: terminated by other getUpdates request; make sure that only one bot instance is running
2026-07-08 16:09:30 | ERROR    | aiogram.dispatcher | Failed to fetch updates - TelegramConflictError: Telegram server says - Conflict: terminated by other getUpdates request; make sure that only one bot instance is running
2026-07-08 16:09:41 | ERROR    | aiogram.dispatcher | Failed to fetch updates - TelegramConflictError: Telegram server says - Conflict: terminated by other getUpdates request; make sure that only one bot instance is running
2026-07-08 16:09:51 | ERROR    | aiogram.dispatcher | Failed to fetch updates - TelegramConflictError: Telegram server says - Conflict: terminated by other getUpdates request; make sure that only one bot instance is running
2026-07-08 16:10:01 | ERROR    | aiogram.dispatcher | Failed to fetch updates - TelegramConflictError: Telegram server says - Conflict: terminated by other getUpdates request; make sure that only one bot instance is running
2026-07-08 16:10:12 | ERROR    | aiogram.dispatcher | Failed to fetch updates - TelegramConflictError: Telegram server says - Conflict: terminated by other getUpdates request; make sure that only one bot instance is running
2026-07-08 16:10:22 | ERROR    | aiogram.dispatcher | Failed to fetch updates - TelegramConflictError: Telegram server says - Conflict: terminated by other getUpdates request; make sure that only one bot instance is running
2026-07-08 16:10:32 | ERROR    | aiogram.dispatcher | Failed to fetch updates - TelegramConflictError: Telegram server says - Conflict: terminated by other getUpdates request; make sure that only one bot instance is running
2026-07-08 16:10:42 | ERROR    | aiogram.dispatcher | Failed to fetch updates - TelegramConflictError: Telegram server says - Conflict: terminated by other getUpdates request; make sure that only one bot instance is running
2026-07-08 16:10:53 | ERROR    | aiogram.dispatcher | Failed to fetch updates - TelegramConflictError: Telegram server says - Conflict: terminated by other getUpdates request; make sure that only one bot instance is running
2026-07-08 16:11:03 | ERROR    | aiogram.dispatcher | Failed to fetch updates - TelegramConflictError: Telegram server says - Conflict: terminated by other getUpdates request; make sure that only one bot instance is running
2026-07-08 16:11:14 | ERROR    | aiogram.dispatcher | Failed to fetch updates - TelegramConflictError: Telegram server says - Conflict: terminated by other getUpdates request; make sure that only one bot instance is running
2026-07-08 16:11:24 | ERROR    | aiogram.dispatcher | Failed to fetch updates - TelegramConflictError: Telegram server says - Conflict: terminated by other getUpdates request; make sure that only one bot instance is running
2026-07-08 16:11:34 | ERROR    | aiogram.dispatcher | Failed to fetch updates - TelegramConflictError: Telegram server says - Conflict: terminated by other getUpdates request; make sure that only one bot instance is running
2026-07-08 16:11:44 | ERROR    | aiogram.dispatcher | Failed to fetch updates - TelegramConflictError: Telegram server says - Conflict: terminated by other getUpdates request; make sure that only one bot instance is running
2026-07-08 16:11:54 | ERROR    | aiogram.dispatcher | Failed to fetch updates - TelegramConflictError: Telegram server says - Conflict: terminated by other getUpdates request; make sure that only one bot instance is running
2026-07-08 16:12:05 | ERROR    | aiogram.dispatcher | Failed to fetch updates - TelegramConflictError: Telegram server says - Conflict: terminated by other getUpdates request; make sure that only one bot instance is running
2026-07-08 16:12:15 | ERROR    | aiogram.dispatcher | Failed to fetch updates - TelegramConflictError: Telegram server says - Conflict: terminated by other getUpdates request; make sure that only one bot instance is running
2026-07-08 16:12:25 | ERROR    | aiogram.dispatcher | Failed to fetch updates - TelegramConflictError: Telegram server says - Conflict: terminated by other getUpdates request; make sure that only one bot instance is running
2026-07-08 16:12:35 | ERROR    | aiogram.dispatcher | Failed to fetch updates - TelegramConflictError: Telegram server says - Conflict: terminated by other getUpdates request; make sure that only one bot instance is running
2026-07-08 16:12:46 | ERROR    | aiogram.dispatcher | Failed to fetch updates - TelegramConflictError: Telegram server says - Conflict: terminated by other getUpdates request; make sure that only one bot instance is running
2026-07-08 16:12:56 | ERROR    | aiogram.dispatcher | Failed to fetch updates - TelegramConflictError: Telegram server says - Conflict: terminated by other getUpdates request; make sure that only one bot instance is running
2026-07-08 16:13:06 | ERROR    | aiogram.dispatcher | Failed to fetch updates - TelegramConflictError: Telegram server says - Conflict: terminated by other getUpdates request; make sure that only one bot instance is running
2026-07-08 16:13:17 | ERROR    | aiogram.dispatcher | Failed to fetch updates - TelegramConflictError: Telegram server says - Conflict: terminated by other getUpdates request; make sure that only one bot instance is running
2026-07-08 16:13:27 | ERROR    | aiogram.dispatcher | Failed to fetch updates - TelegramConflictError: Telegram server says - Conflict: terminated by other getUpdates request; make sure that only one bot instance is running
2026-07-08 16:13:37 | ERROR    | aiogram.dispatcher | Failed to fetch updates - TelegramConflictError: Telegram server says - Conflict: terminated by other getUpdates request; make sure that only one bot instance is running
2026-07-08 16:13:48 | ERROR    | aiogram.dispatcher | Failed to fetch updates - TelegramConflictError: Telegram server says - Conflict: terminated by other getUpdates request; make sure that only one bot instance is running
2026-07-08 16:13:58 | ERROR    | aiogram.dispatcher | Failed to fetch updates - TelegramConflictError: Telegram server says - Conflict: terminated by other getUpdates request; make sure that only one bot instance is running
2026-07-08 16:14:08 | ERROR    | aiogram.dispatcher | Failed to fetch updates - TelegramConflictError: Telegram server says - Conflict: terminated by other getUpdates request; make sure that only one bot instance is running
2026-07-08 16:14:18 | ERROR    | aiogram.dispatcher | Failed to fetch updates - TelegramConflictError: Telegram server says - Conflict: terminated by other getUpdates request; make sure that only one bot instance is running
2026-07-08 16:14:29 | ERROR    | aiogram.dispatcher | Failed to fetch updates - TelegramConflictError: Telegram server says - Conflict: terminated by other getUpdates request; make sure that only one bot instance is running
2026-07-08 16:14:39 | ERROR    | aiogram.dispatcher | Failed to fetch updates - TelegramConflictError: Telegram server says - Conflict: terminated by other getUpdates request; make sure that only one bot instance is running
2026-07-08 16:14:49 | ERROR    | aiogram.dispatcher | Failed to fetch updates - TelegramConflictError: Telegram server says - Conflict: terminated by other getUpdates request; make sure that only one bot instance is running
2026-07-08 16:15:00 | ERROR    | aiogram.dispatcher | Failed to fetch updates - TelegramConflictError: Telegram server says - Conflict: terminated by other getUpdates request; make sure that only one bot instance is running
2026-07-08 16:15:10 | ERROR    | aiogram.dispatcher | Failed to fetch updates - TelegramConflictError: Telegram server says - Conflict: terminated by other getUpdates request; make sure that only one bot instance is running
2026-07-08 16:15:20 | ERROR    | aiogram.dispatcher | Failed to fetch updates - TelegramConflictError: Telegram server says - Conflict: terminated by other getUpdates request; make sure that only one bot instance is running
2026-07-08 16:15:30 | ERROR    | aiogram.dispatcher | Failed to fetch updates - TelegramConflictError: Telegram server says - Conflict: terminated by other getUpdates request; make sure that only one bot instance is running
2026-07-08 16:15:41 | ERROR    | aiogram.dispatcher | Failed to fetch updates - TelegramConflictError: Telegram server says - Conflict: terminated by other getUpdates request; make sure that only one bot instance is running
2026-07-08 16:15:51 | ERROR    | aiogram.dispatcher | Failed to fetch updates - TelegramConflictError: Telegram server says - Conflict: terminated by other getUpdates request; make sure that only one bot instance is running
2026-07-08 16:16:01 | ERROR    | aiogram.dispatcher | Failed to fetch updates - TelegramConflictError: Telegram server says - Conflict: terminated by other getUpdates request; make sure that only one bot instance is running
2026-07-08 16:16:12 | ERROR    | aiogram.dispatcher | Failed to fetch updates - TelegramConflictError: Telegram server says - Conflict: terminated by other getUpdates request; make sure that only one bot instance is running
2026-07-08 16:16:22 | ERROR    | aiogram.dispatcher | Failed to fetch updates - TelegramConflictError: Telegram server says - Conflict: terminated by other getUpdates request; make sure that only one bot instance is running
2026-07-08 16:16:32 | ERROR    | aiogram.dispatcher | Failed to fetch updates - TelegramConflictError: Telegram server says - Conflict: terminated by other getUpdates request; make sure that only one bot instance is running
2026-07-08 16:16:43 | ERROR    | aiogram.dispatcher | Failed to fetch updates - TelegramConflictError: Telegram server says - Conflict: terminated by other getUpdates request; make sure that only one bot instance is running
2026-07-08 16:16:53 | ERROR    | aiogram.dispatcher | Failed to fetch updates - TelegramConflictError: Telegram server says - Conflict: terminated by other getUpdates request; make sure that only one bot instance is running
2026-07-08 16:17:03 | ERROR    | aiogram.dispatcher | Failed to fetch updates - TelegramConflictError: Telegram server says - Conflict: terminated by other getUpdates request; make sure that only one bot instance is running
2026-07-08 16:17:13 | ERROR    | aiogram.dispatcher | Failed to fetch updates - TelegramConflictError: Telegram server says - Conflict: terminated by other getUpdates request; make sure that only one bot instance is running
2026-07-08 16:17:24 | ERROR    | aiogram.dispatcher | Failed to fetch updates - TelegramConflictError: Telegram server says - Conflict: terminated by other getUpdates request; make sure that only one bot instance is running
2026-07-08 16:17:34 | ERROR    | aiogram.dispatcher | Failed to fetch updates - TelegramConflictError: Telegram server says - Conflict: terminated by other getUpdates request; make sure that only one bot instance is running
2026-07-08 16:17:44 | ERROR    | aiogram.dispatcher | Failed to fetch updates - TelegramConflictError: Telegram server says - Conflict: terminated by other getUpdates request; make sure that only one bot instance is running
2026-07-08 16:17:54 | ERROR    | aiogram.dispatcher | Failed to fetch updates - TelegramConflictError: Telegram server says - Conflict: terminated by other getUpdates request; make sure that only one bot instance is running
2026-07-08 16:18:05 | ERROR    | aiogram.dispatcher | Failed to fetch updates - TelegramConflictError: Telegram server says - Conflict: terminated by other getUpdates request; make sure that only one bot instance is running
2026-07-08 16:18:15 | ERROR    | aiogram.dispatcher | Failed to fetch updates - TelegramConflictError: Telegram server says - Conflict: terminated by other getUpdates request; make sure that only one bot instance is running
2026-07-08 16:18:26 | ERROR    | aiogram.dispatcher | Failed to fetch updates - TelegramConflictError: Telegram server says - Conflict: terminated by other getUpdates request; make sure that only one bot instance is running
2026-07-08 16:18:37 | ERROR    | aiogram.dispatcher | Failed to fetch updates - TelegramConflictError: Telegram server says - Conflict: terminated by other getUpdates request; make sure that only one bot instance is running
2026-07-08 16:18:47 | ERROR    | aiogram.dispatcher | Failed to fetch updates - TelegramConflictError: Telegram server says - Conflict: terminated by other getUpdates request; make sure that only one bot instance is running
2026-07-08 16:18:57 | ERROR    | aiogram.dispatcher | Failed to fetch updates - TelegramConflictError: Telegram server says - Conflict: terminated by other getUpdates request; make sure that only one bot instance is running
2026-07-08 16:19:08 | ERROR    | aiogram.dispatcher | Failed to fetch updates - TelegramConflictError: Telegram server says - Conflict: terminated by other getUpdates request; make sure that only one bot instance is running
2026-07-08 16:19:18 | ERROR    | aiogram.dispatcher | Failed to fetch updates - TelegramConflictError: Telegram server says - Conflict: terminated by other getUpdates request; make sure that only one bot instance is running
2026-07-08 16:19:29 | ERROR    | aiogram.dispatcher | Failed to fetch updates - TelegramConflictError: Telegram server says - Conflict: terminated by other getUpdates request; make sure that only one bot instance is running
2026-07-08 16:19:39 | ERROR    | aiogram.dispatcher | Failed to fetch updates - TelegramConflictError: Telegram server says - Conflict: terminated by other getUpdates request; make sure that only one bot instance is running
2026-07-08 16:19:49 | ERROR    | aiogram.dispatcher | Failed to fetch updates - TelegramConflictError: Telegram server says - Conflict: terminated by other getUpdates request; make sure that only one bot instance is running
2026-07-08 16:19:59 | ERROR    | aiogram.dispatcher | Failed to fetch updates - TelegramConflictError: Telegram server says - Conflict: terminated by other getUpdates request; make sure that only one bot instance is running
2026-07-08 16:20:10 | ERROR    | aiogram.dispatcher | Failed to fetch updates - TelegramConflictError: Telegram server says - Conflict: terminated by other getUpdates request; make sure that only one bot instance is running
2026-07-08 16:20:20 | ERROR    | aiogram.dispatcher | Failed to fetch updates - TelegramConflictError: Telegram server says - Conflict: terminated by other getUpdates request; make sure that only one bot instance is running
2026-07-08 16:20:30 | ERROR    | aiogram.dispatcher | Failed to fetch updates - TelegramConflictError: Telegram server says - Conflict: terminated by other getUpdates request; make sure that only one bot instance is running
2026-07-08 16:20:41 | ERROR    | aiogram.dispatcher | Failed to fetch updates - TelegramConflictError: Telegram server says - Conflict: terminated by other getUpdates request; make sure that only one bot instance is running
2026-07-08 16:20:51 | ERROR    | aiogram.dispatcher | Failed to fetch updates - TelegramConflictError: Telegram server says - Conflict: terminated by other getUpdates request; make sure that only one bot instance is running
2026-07-08 16:21:01 | ERROR    | aiogram.dispatcher | Failed to fetch updates - TelegramConflictError: Telegram server says - Conflict: terminated by other getUpdates request; make sure that only one bot instance is running
2026-07-08 16:21:12 | ERROR    | aiogram.dispatcher | Failed to fetch updates - TelegramConflictError: Telegram server says - Conflict: terminated by other getUpdates request; make sure that only one bot instance is running
2026-07-08 16:21:22 | ERROR    | aiogram.dispatcher | Failed to fetch updates - TelegramConflictError: Telegram server says - Conflict: terminated by other getUpdates request; make sure that only one bot instance is running
2026-07-08 16:21:33 | ERROR    | aiogram.dispatcher | Failed to fetch updates - TelegramConflictError: Telegram server says - Conflict: terminated by other getUpdates request; make sure that only one bot instance is running
2026-07-08 16:21:43 | ERROR    | aiogram.dispatcher | Failed to fetch updates - TelegramConflictError: Telegram server says - Conflict: terminated by other getUpdates request; make sure that only one bot instance is running
2026-07-08 16:21:53 | ERROR    | aiogram.dispatcher | Failed to fetch updates - TelegramConflictError: Telegram server says - Conflict: terminated by other getUpdates request; make sure that only one bot instance is running
2026-07-08 16:22:04 | ERROR    | aiogram.dispatcher | Failed to fetch updates - TelegramConflictError: Telegram server says - Conflict: terminated by other getUpdates request; make sure that only one bot instance is running
2026-07-08 16:22:14 | ERROR    | aiogram.dispatcher | Failed to fetch updates - TelegramConflictError: Telegram server says - Conflict: terminated by other getUpdates request; make sure that only one bot instance is running
2026-07-08 16:22:24 | ERROR    | aiogram.dispatcher | Failed to fetch updates - TelegramConflictError: Telegram server says - Conflict: terminated by other getUpdates request; make sure that only one bot instance is running
2026-07-08 16:22:35 | ERROR    | aiogram.dispatcher | Failed to fetch updates - TelegramConflictError: Telegram server says - Conflict: terminated by other getUpdates request; make sure that only one bot instance is running
2026-07-08 16:22:45 | ERROR    | aiogram.dispatcher | Failed to fetch updates - TelegramConflictError: Telegram server says - Conflict: terminated by other getUpdates request; make sure that only one bot instance is running
2026-07-08 16:22:56 | ERROR    | aiogram.dispatcher | Failed to fetch updates - TelegramConflictError: Telegram server says - Conflict: terminated by other getUpdates request; make sure that only one bot instance is running
2026-07-08 16:23:06 | ERROR    | aiogram.dispatcher | Failed to fetch updates - TelegramConflictError: Telegram server says - Conflict: terminated by other getUpdates request; make sure that only one bot instance is running
2026-07-08 16:23:17 | ERROR    | aiogram.dispatcher | Failed to fetch updates - TelegramConflictError: Telegram server says - Conflict: terminated by other getUpdates request; make sure that only one bot instance is running
2026-07-08 16:23:27 | ERROR    | aiogram.dispatcher | Failed to fetch updates - TelegramConflictError: Telegram server says - Conflict: terminated by other getUpdates request; make sure that only one bot instance is running
2026-07-08 16:23:37 | ERROR    | aiogram.dispatcher | Failed to fetch updates - TelegramConflictError: Telegram server says - Conflict: terminated by other getUpdates request; make sure that only one bot instance is running
2026-07-08 16:23:48 | ERROR    | aiogram.dispatcher | Failed to fetch updates - TelegramConflictError: Telegram server says - Conflict: terminated by other getUpdates request; make sure that only one bot instance is running
2026-07-08 16:23:58 | ERROR    | aiogram.dispatcher | Failed to fetch updates - TelegramConflictError: Telegram server says - Conflict: terminated by other getUpdates request; make sure that only one bot instance is running
2026-07-08 16:24:09 | ERROR    | aiogram.dispatcher | Failed to fetch updates - TelegramConflictError: Telegram server says - Conflict: terminated by other getUpdates request; make sure that only one bot instance is running
2026-07-08 16:24:19 | ERROR    | aiogram.dispatcher | Failed to fetch updates - TelegramConflictError: Telegram server says - Conflict: terminated by other getUpdates request; make sure that only one bot instance is running
2026-07-08 16:24:29 | ERROR    | aiogram.dispatcher | Failed to fetch updates - TelegramConflictError: Telegram server says - Conflict: terminated by other getUpdates request; make sure that only one bot instance is running
2026-07-08 16:24:39 | ERROR    | aiogram.dispatcher | Failed to fetch updates - TelegramConflictError: Telegram server says - Conflict: terminated by other getUpdates request; make sure that only one bot instance is running
2026-07-08 16:24:50 | ERROR    | aiogram.dispatcher | Failed to fetch updates - TelegramConflictError: Telegram server says - Conflict: terminated by other getUpdates request; make sure that only one bot instance is running
2026-07-08 16:25:00 | ERROR    | aiogram.dispatcher | Failed to fetch updates - TelegramConflictError: Telegram server says - Conflict: terminated by other getUpdates request; make sure that only one bot instance is running
2026-07-08 16:25:11 | ERROR    | aiogram.dispatcher | Failed to fetch updates - TelegramConflictError: Telegram server says - Conflict: terminated by other getUpdates request; make sure that only one bot instance is running
2026-07-08 16:25:21 | ERROR    | aiogram.dispatcher | Failed to fetch updates - TelegramConflictError: Telegram server says - Conflict: terminated by other getUpdates request; make sure that only one bot instance is running
2026-07-08 16:25:32 | ERROR    | aiogram.dispatcher | Failed to fetch updates - TelegramConflictError: Telegram server says - Conflict: terminated by other getUpdates request; make sure that only one bot instance is running
2026-07-08 16:25:42 | ERROR    | aiogram.dispatcher | Failed to fetch updates - TelegramConflictError: Telegram server says - Conflict: terminated by other getUpdates request; make sure that only one bot instance is running
2026-07-08 16:25:52 | ERROR    | aiogram.dispatcher | Failed to fetch updates - TelegramConflictError: Telegram server says - Conflict: terminated by other getUpdates request; make sure that only one bot instance is running
2026-07-08 16:26:03 | ERROR    | aiogram.dispatcher | Failed to fetch updates - TelegramConflictError: Telegram server says - Conflict: terminated by other getUpdates request; make sure that only one bot instance is running
2026-07-08 16:26:13 | ERROR    | aiogram.dispatcher | Failed to fetch updates - TelegramConflictError: Telegram server says - Conflict: terminated by other getUpdates request; make sure that only one bot instance is running
2026-07-08 16:26:24 | ERROR    | aiogram.dispatcher | Failed to fetch updates - TelegramConflictError: Telegram server says - Conflict: terminated by other getUpdates request; make sure that only one bot instance is running
2026-07-08 16:26:34 | ERROR    | aiogram.dispatcher | Failed to fetch updates - TelegramConflictError: Telegram server says - Conflict: terminated by other getUpdates request; make sure that only one bot instance is running
2026-07-08 16:26:44 | ERROR    | aiogram.dispatcher | Failed to fetch updates - TelegramConflictError: Telegram server says - Conflict: terminated by other getUpdates request; make sure that only one bot instance is running
2026-07-08 16:26:55 | ERROR    | aiogram.dispatcher | Failed to fetch updates - TelegramConflictError: Telegram server says - Conflict: terminated by other getUpdates request; make sure that only one bot instance is running
2026-07-08 16:27:05 | ERROR    | aiogram.dispatcher | Failed to fetch updates - TelegramConflictError: Telegram server says - Conflict: terminated by other getUpdates request; make sure that only one bot instance is running
2026-07-08 16:27:16 | ERROR    | aiogram.dispatcher | Failed to fetch updates - TelegramConflictError: Telegram server says - Conflict: terminated by other getUpdates request; make sure that only one bot instance is running
2026-07-08 16:27:26 | ERROR    | aiogram.dispatcher | Failed to fetch updates - TelegramConflictError: Telegram server says - Conflict: terminated by other getUpdates request; make sure that only one bot instance is running
2026-07-08 16:27:37 | ERROR    | aiogram.dispatcher | Failed to fetch updates - TelegramConflictError: Telegram server says - Conflict: terminated by other getUpdates request; make sure that only one bot instance is running
2026-07-08 16:27:47 | ERROR    | aiogram.dispatcher | Failed to fetch updates - TelegramConflictError: Telegram server says - Conflict: terminated by other getUpdates request; make sure that only one bot instance is running
2026-07-08 16:27:57 | ERROR    | aiogram.dispatcher | Failed to fetch updates - TelegramConflictError: Telegram server says - Conflict: terminated by other getUpdates request; make sure that only one bot instance is running
2026-07-08 16:28:08 | ERROR    | aiogram.dispatcher | Failed to fetch updates - TelegramConflictError: Telegram server says - Conflict: terminated by other getUpdates request; make sure that only one bot instance is running
2026-07-08 16:28:18 | ERROR    | aiogram.dispatcher | Failed to fetch updates - TelegramConflictError: Telegram server says - Conflict: terminated by other getUpdates request; make sure that only one bot instance is running
2026-07-08 16:28:29 | ERROR    | aiogram.dispatcher | Failed to fetch updates - TelegramConflictError: Telegram server says - Conflict: terminated by other getUpdates request; make sure that only one bot instance is running
2026-07-08 16:28:39 | ERROR    | aiogram.dispatcher | Failed to fetch updates - TelegramConflictError: Telegram server says - Conflict: terminated by other getUpdates request; make sure that only one bot instance is running
2026-07-08 16:28:49 | ERROR    | aiogram.dispatcher | Failed to fetch updates - TelegramConflictError: Telegram server says - Conflict: terminated by other getUpdates request; make sure that only one bot instance is running
2026-07-08 16:28:59 | ERROR    | aiogram.dispatcher | Failed to fetch updates - TelegramConflictError: Telegram server says - Conflict: terminated by other getUpdates request; make sure that only one bot instance is running
2026-07-08 16:29:10 | ERROR    | aiogram.dispatcher | Failed to fetch updates - TelegramConflictError: Telegram server says - Conflict: terminated by other getUpdates request; make sure that only one bot instance is running
2026-07-08 16:29:20 | ERROR    | aiogram.dispatcher | Failed to fetch updates - TelegramConflictError: Telegram server says - Conflict: terminated by other getUpdates request; make sure that only one bot instance is running
2026-07-08 16:29:31 | ERROR    | aiogram.dispatcher | Failed to fetch updates - TelegramConflictError: Telegram server says - Conflict: terminated by other getUpdates request; make sure that only one bot instance is running
2026-07-08 16:29:41 | ERROR    | aiogram.dispatcher | Failed to fetch updates - TelegramConflictError: Telegram server says - Conflict: terminated by other getUpdates request; make sure that only one bot instance is running
2026-07-08 16:29:51 | ERROR    | aiogram.dispatcher | Failed to fetch updates - TelegramConflictError: Telegram server says - Conflict: terminated by other getUpdates request; make sure that only one bot instance is running
2026-07-08 16:30:02 | ERROR    | aiogram.dispatcher | Failed to fetch updates - TelegramConflictError: Telegram server says - Conflict: terminated by other getUpdates request; make sure that only one bot instance is running
2026-07-08 16:30:12 | ERROR    | aiogram.dispatcher | Failed to fetch updates - TelegramConflictError: Telegram server says - Conflict: terminated by other getUpdates request; make sure that only one bot instance is running
2026-07-08 16:30:22 | ERROR    | aiogram.dispatcher | Failed to fetch updates - TelegramConflictError: Telegram server says - Conflict: terminated by other getUpdates request; make sure that only one bot instance is running
2026-07-08 16:30:33 | ERROR    | aiogram.dispatcher | Failed to fetch updates - TelegramConflictError: Telegram server says - Conflict: terminated by other getUpdates request; make sure that only one bot instance is running
2026-07-08 16:30:43 | ERROR    | aiogram.dispatcher | Failed to fetch updates - TelegramConflictError: Telegram server says - Conflict: terminated by other getUpdates request; make sure that only one bot instance is running
2026-07-08 16:30:53 | ERROR    | aiogram.dispatcher | Failed to fetch updates - TelegramConflictError: Telegram server says - Conflict: terminated by other getUpdates request; make sure that only one bot instance is running
2026-07-08 16:31:04 | ERROR    | aiogram.dispatcher | Failed to fetch updates - TelegramConflictError: Telegram server says - Conflict: terminated by other getUpdates request; make sure that only one bot instance is running
2026-07-08 16:31:14 | ERROR    | aiogram.dispatcher | Failed to fetch updates - TelegramConflictError: Telegram server says - Conflict: terminated by other getUpdates request; make sure that only one bot instance is running
2026-07-08 16:31:24 | ERROR    | aiogram.dispatcher | Failed to fetch updates - TelegramConflictError: Telegram server says - Conflict: terminated by other getUpdates request; make sure that only one bot instance is running
2026-07-08 16:31:35 | ERROR    | aiogram.dispatcher | Failed to fetch updates - TelegramConflictError: Telegram server says - Conflict: terminated by other getUpdates request; make sure that only one bot instance is running
2026-07-08 16:31:45 | ERROR    | aiogram.dispatcher | Failed to fetch updates - TelegramConflictError: Telegram server says - Conflict: terminated by other getUpdates request; make sure that only one bot instance is running
2026-07-08 16:31:55 | ERROR    | aiogram.dispatcher | Failed to fetch updates - TelegramConflictError: Telegram server says - Conflict: terminated by other getUpdates request; make sure that only one bot instance is running
2026-07-08 16:32:06 | ERROR    | aiogram.dispatcher | Failed to fetch updates - TelegramConflictError: Telegram server says - Conflict: terminated by other getUpdates request; make sure that only one bot instance is running
2026-07-08 16:32:16 | ERROR    | aiogram.dispatcher | Failed to fetch updates - TelegramConflictError: Telegram server says - Conflict: terminated by other getUpdates request; make sure that only one bot instance is running
2026-07-08 16:32:27 | ERROR    | aiogram.dispatcher | Failed to fetch updates - TelegramConflictError: Telegram server says - Conflict: terminated by other getUpdates request; make sure that only one bot instance is running
2026-07-08 16:32:37 | ERROR    | aiogram.dispatcher | Failed to fetch updates - TelegramConflictError: Telegram server says - Conflict: terminated by other getUpdates request; make sure that only one bot instance is running
2026-07-08 16:32:47 | ERROR    | aiogram.dispatcher | Failed to fetch updates - TelegramConflictError: Telegram server says - Conflict: terminated by other getUpdates request; make sure that only one bot instance is running
2026-07-08 16:32:58 | ERROR    | aiogram.dispatcher | Failed to fetch updates - TelegramConflictError: Telegram server says - Conflict: terminated by other getUpdates request; make sure that only one bot instance is running
2026-07-08 16:33:08 | ERROR    | aiogram.dispatcher | Failed to fetch updates - TelegramConflictError: Telegram server says - Conflict: terminated by other getUpdates request; make sure that only one bot instance is running
2026-07-08 16:33:18 | ERROR    | aiogram.dispatcher | Failed to fetch updates - TelegramConflictError: Telegram server says - Conflict: terminated by other getUpdates request; make sure that only one bot instance is running
2026-07-08 16:33:28 | ERROR    | aiogram.dispatcher | Failed to fetch updates - TelegramConflictError: Telegram server says - Conflict: terminated by other getUpdates request; make sure that only one bot instance is running
2026-07-08 16:33:38 | ERROR    | aiogram.dispatcher | Failed to fetch updates - TelegramConflictError: Telegram server says - Conflict: terminated by other getUpdates request; make sure that only one bot instance is running
2026-07-08 16:33:49 | ERROR    | aiogram.dispatcher | Failed to fetch updates - TelegramConflictError: Telegram server says - Conflict: terminated by other getUpdates request; make sure that only one bot instance is running
2026-07-08 16:33:59 | ERROR    | aiogram.dispatcher | Failed to fetch updates - TelegramConflictError: Telegram server says - Conflict: terminated by other getUpdates request; make sure that only one bot instance is running
2026-07-08 16:34:09 | ERROR    | aiogram.dispatcher | Failed to fetch updates - TelegramConflictError: Telegram server says - Conflict: terminated by other getUpdates request; make sure that only one bot instance is running
2026-07-08 16:34:20 | ERROR    | aiogram.dispatcher | Failed to fetch updates - TelegramConflictError: Telegram server says - Conflict: terminated by other getUpdates request; make sure that only one bot instance is running
2026-07-08 16:34:30 | ERROR    | aiogram.dispatcher | Failed to fetch updates - TelegramConflictError: Telegram server says - Conflict: terminated by other getUpdates request; make sure that only one bot instance is running
2026-07-08 16:34:40 | ERROR    | aiogram.dispatcher | Failed to fetch updates - TelegramConflictError: Telegram server says - Conflict: terminated by other getUpdates request; make sure that only one bot instance is running
2026-07-08 16:34:51 | ERROR    | aiogram.dispatcher | Failed to fetch updates - TelegramConflictError: Telegram server says - Conflict: terminated by other getUpdates request; make sure that only one bot instance is running
2026-07-08 16:35:01 | ERROR    | aiogram.dispatcher | Failed to fetch updates - TelegramConflictError: Telegram server says - Conflict: terminated by other getUpdates request; make sure that only one bot instance is running
2026-07-08 16:35:11 | ERROR    | aiogram.dispatcher | Failed to fetch updates - TelegramConflictError: Telegram server says - Conflict: terminated by other getUpdates request; make sure that only one bot instance is running
2026-07-08 16:35:21 | ERROR    | aiogram.dispatcher | Failed to fetch updates - TelegramConflictError: Telegram server says - Conflict: terminated by other getUpdates request; make sure that only one bot instance is running
2026-07-08 16:35:32 | ERROR    | aiogram.dispatcher | Failed to fetch updates - TelegramConflictError: Telegram server says - Conflict: terminated by other getUpdates request; make sure that only one bot instance is running
2026-07-08 16:35:42 | ERROR    | aiogram.dispatcher | Failed to fetch updates - TelegramConflictError: Telegram server says - Conflict: terminated by other getUpdates request; make sure that only one bot instance is running
2026-07-08 16:35:53 | ERROR    | aiogram.dispatcher | Failed to fetch updates - TelegramConflictError: Telegram server says - Conflict: terminated by other getUpdates request; make sure that only one bot instance is running
2026-07-08 16:36:03 | ERROR    | aiogram.dispatcher | Failed to fetch updates - TelegramConflictError: Telegram server says - Conflict: terminated by other getUpdates request; make sure that only one bot instance is running
2026-07-08 16:36:13 | ERROR    | aiogram.dispatcher | Failed to fetch updates - TelegramConflictError: Telegram server says - Conflict: terminated by other getUpdates request; make sure that only one bot instance is running
2026-07-08 16:36:24 | ERROR    | aiogram.dispatcher | Failed to fetch updates - TelegramConflictError: Telegram server says - Conflict: terminated by other getUpdates request; make sure that only one bot instance is running
2026-07-08 16:36:34 | ERROR    | aiogram.dispatcher | Failed to fetch updates - TelegramConflictError: Telegram server says - Conflict: terminated by other getUpdates request; make sure that only one bot instance is running
2026-07-08 16:36:45 | ERROR    | aiogram.dispatcher | Failed to fetch updates - TelegramConflictError: Telegram server says - Conflict: terminated by other getUpdates request; make sure that only one bot instance is running
2026-07-08 16:36:55 | ERROR    | aiogram.dispatcher | Failed to fetch updates - TelegramConflictError: Telegram server says - Conflict: terminated by other getUpdates request; make sure that only one bot instance is running
2026-07-08 16:37:05 | ERROR    | aiogram.dispatcher | Failed to fetch updates - TelegramConflictError: Telegram server says - Conflict: terminated by other getUpdates request; make sure that only one bot instance is running
2026-07-08 16:37:16 | ERROR    | aiogram.dispatcher | Failed to fetch updates - TelegramConflictError: Telegram server says - Conflict: terminated by other getUpdates request; make sure that only one bot instance is running
2026-07-08 16:37:26 | ERROR    | aiogram.dispatcher | Failed to fetch updates - TelegramConflictError: Telegram server says - Conflict: terminated by other getUpdates request; make sure that only one bot instance is running
2026-07-08 16:37:36 | ERROR    | aiogram.dispatcher | Failed to fetch updates - TelegramConflictError: Telegram server says - Conflict: terminated by other getUpdates request; make sure that only one bot instance is running
2026-07-08 16:37:47 | ERROR    | aiogram.dispatcher | Failed to fetch updates - TelegramConflictError: Telegram server says - Conflict: terminated by other getUpdates request; make sure that only one bot instance is running
2026-07-08 16:37:57 | ERROR    | aiogram.dispatcher | Failed to fetch updates - TelegramConflictError: Telegram server says - Conflict: terminated by other getUpdates request; make sure that only one bot instance is running
2026-07-08 16:38:07 | ERROR    | aiogram.dispatcher | Failed to fetch updates - TelegramConflictError: Telegram server says - Conflict: terminated by other getUpdates request; make sure that only one bot instance is running
2026-07-08 16:38:18 | ERROR    | aiogram.dispatcher | Failed to fetch updates - TelegramConflictError: Telegram server says - Conflict: terminated by other getUpdates request; make sure that only one bot instance is running
2026-07-08 16:38:28 | ERROR    | aiogram.dispatcher | Failed to fetch updates - TelegramConflictError: Telegram server says - Conflict: terminated by other getUpdates request; make sure that only one bot instance is running
2026-07-08 16:38:39 | ERROR    | aiogram.dispatcher | Failed to fetch updates - TelegramConflictError: Telegram server says - Conflict: terminated by other getUpdates request; make sure that only one bot instance is running
2026-07-08 16:38:49 | ERROR    | aiogram.dispatcher | Failed to fetch updates - TelegramConflictError: Telegram server says - Conflict: terminated by other getUpdates request; make sure that only one bot instance is running
2026-07-08 16:38:59 | ERROR    | aiogram.dispatcher | Failed to fetch updates - TelegramConflictError: Telegram server says - Conflict: terminated by other getUpdates request; make sure that only one bot instance is running
2026-07-08 16:39:10 | ERROR    | aiogram.dispatcher | Failed to fetch updates - TelegramConflictError: Telegram server says - Conflict: terminated by other getUpdates request; make sure that only one bot instance is running
2026-07-08 16:39:20 | ERROR    | aiogram.dispatcher | Failed to fetch updates - TelegramConflictError: Telegram server says - Conflict: terminated by other getUpdates request; make sure that only one bot instance is running
2026-07-08 16:39:31 | ERROR    | aiogram.dispatcher | Failed to fetch updates - TelegramConflictError: Telegram server says - Conflict: terminated by other getUpdates request; make sure that only one bot instance is running
2026-07-08 16:39:41 | ERROR    | aiogram.dispatcher | Failed to fetch updates - TelegramConflictError: Telegram server says - Conflict: terminated by other getUpdates request; make sure that only one bot instance is running
2026-07-08 16:39:52 | ERROR    | aiogram.dispatcher | Failed to fetch updates - TelegramConflictError: Telegram server says - Conflict: terminated by other getUpdates request; make sure that only one bot instance is running
2026-07-08 16:40:02 | ERROR    | aiogram.dispatcher | Failed to fetch updates - TelegramConflictError: Telegram server says - Conflict: terminated by other getUpdates request; make sure that only one bot instance is running
2026-07-08 16:40:12 | ERROR    | aiogram.dispatcher | Failed to fetch updates - TelegramConflictError: Telegram server says - Conflict: terminated by other getUpdates request; make sure that only one bot instance is running
2026-07-08 16:40:23 | ERROR    | aiogram.dispatcher | Failed to fetch updates - TelegramConflictError: Telegram server says - Conflict: terminated by other getUpdates request; make sure that only one bot instance is running
2026-07-08 16:40:33 | ERROR    | aiogram.dispatcher | Failed to fetch updates - TelegramConflictError: Telegram server says - Conflict: terminated by other getUpdates request; make sure that only one bot instance is running
2026-07-08 16:40:43 | ERROR    | aiogram.dispatcher | Failed to fetch updates - TelegramConflictError: Telegram server says - Conflict: terminated by other getUpdates request; make sure that only one bot instance is running
2026-07-08 16:40:53 | ERROR    | aiogram.dispatcher | Failed to fetch updates - TelegramConflictError: Telegram server says - Conflict: terminated by other getUpdates request; make sure that only one bot instance is running
2026-07-08 16:41:04 | ERROR    | aiogram.dispatcher | Failed to fetch updates - TelegramConflictError: Telegram server says - Conflict: terminated by other getUpdates request; make sure that only one bot instance is running
2026-07-08 16:41:14 | ERROR    | aiogram.dispatcher | Failed to fetch updates - TelegramConflictError: Telegram server says - Conflict: terminated by other getUpdates request; make sure that only one bot instance is running
2026-07-08 16:41:25 | ERROR    | aiogram.dispatcher | Failed to fetch updates - TelegramConflictError: Telegram server says - Conflict: terminated by other getUpdates request; make sure that only one bot instance is running
2026-07-08 16:41:35 | ERROR    | aiogram.dispatcher | Failed to fetch updates - TelegramConflictError: Telegram server says - Conflict: terminated by other getUpdates request; make sure that only one bot instance is running
2026-07-08 16:41:45 | ERROR    | aiogram.dispatcher | Failed to fetch updates - TelegramConflictError: Telegram server says - Conflict: terminated by other getUpdates request; make sure that only one bot instance is running
2026-07-08 16:41:56 | ERROR    | aiogram.dispatcher | Failed to fetch updates - TelegramConflictError: Telegram server says - Conflict: terminated by other getUpdates request; make sure that only one bot instance is running
2026-07-08 16:42:06 | ERROR    | aiogram.dispatcher | Failed to fetch updates - TelegramConflictError: Telegram server says - Conflict: terminated by other getUpdates request; make sure that only one bot instance is running
2026-07-08 16:42:16 | ERROR    | aiogram.dispatcher | Failed to fetch updates - TelegramConflictError: Telegram server says - Conflict: terminated by other getUpdates request; make sure that only one bot instance is running
2026-07-08 16:42:27 | ERROR    | aiogram.dispatcher | Failed to fetch updates - TelegramConflictError: Telegram server says - Conflict: terminated by other getUpdates request; make sure that only one bot instance is running
2026-07-08 16:42:37 | ERROR    | aiogram.dispatcher | Failed to fetch updates - TelegramConflictError: Telegram server says - Conflict: terminated by other getUpdates request; make sure that only one bot instance is running
2026-07-08 16:42:47 | ERROR    | aiogram.dispatcher | Failed to fetch updates - TelegramConflictError: Telegram server says - Conflict: terminated by other getUpdates request; make sure that only one bot instance is running
2026-07-08 16:42:58 | ERROR    | aiogram.dispatcher | Failed to fetch updates - TelegramConflictError: Telegram server says - Conflict: terminated by other getUpdates request; make sure that only one bot instance is running
2026-07-08 16:43:08 | ERROR    | aiogram.dispatcher | Failed to fetch updates - TelegramConflictError: Telegram server says - Conflict: terminated by other getUpdates request; make sure that only one bot instance is running
2026-07-08 16:43:18 | ERROR    | aiogram.dispatcher | Failed to fetch updates - TelegramConflictError: Telegram server says - Conflict: terminated by other getUpdates request; make sure that only one bot instance is running
2026-07-08 16:43:29 | ERROR    | aiogram.dispatcher | Failed to fetch updates - TelegramConflictError: Telegram server says - Conflict: terminated by other getUpdates request; make sure that only one bot instance is running
2026-07-08 16:43:39 | ERROR    | aiogram.dispatcher | Failed to fetch updates - TelegramConflictError: Telegram server says - Conflict: terminated by other getUpdates request; make sure that only one bot instance is running
2026-07-08 16:43:50 | ERROR    | aiogram.dispatcher | Failed to fetch updates - TelegramConflictError: Telegram server says - Conflict: terminated by other getUpdates request; make sure that only one bot instance is running
2026-07-08 16:44:00 | ERROR    | aiogram.dispatcher | Failed to fetch updates - TelegramConflictError: Telegram server says - Conflict: terminated by other getUpdates request; make sure that only one bot instance is running
2026-07-08 16:44:10 | ERROR    | aiogram.dispatcher | Failed to fetch updates - TelegramConflictError: Telegram server says - Conflict: terminated by other getUpdates request; make sure that only one bot instance is running
2026-07-08 16:44:21 | ERROR    | aiogram.dispatcher | Failed to fetch updates - TelegramConflictError: Telegram server says - Conflict: terminated by other getUpdates request; make sure that only one bot instance is running
2026-07-08 16:44:31 | ERROR    | aiogram.dispatcher | Failed to fetch updates - TelegramConflictError: Telegram server says - Conflict: terminated by other getUpdates request; make sure that only one bot instance is running
2026-07-08 16:44:41 | ERROR    | aiogram.dispatcher | Failed to fetch updates - TelegramConflictError: Telegram server says - Conflict: terminated by other getUpdates request; make sure that only one bot instance is running
2026-07-08 16:44:52 | ERROR    | aiogram.dispatcher | Failed to fetch updates - TelegramConflictError: Telegram server says - Conflict: terminated by other getUpdates request; make sure that only one bot instance is running
2026-07-08 16:45:02 | ERROR    | aiogram.dispatcher | Failed to fetch updates - TelegramConflictError: Telegram server says - Conflict: terminated by other getUpdates request; make sure that only one bot instance is running
2026-07-08 16:45:13 | ERROR    | aiogram.dispatcher | Failed to fetch updates - TelegramConflictError: Telegram server says - Conflict: terminated by other getUpdates request; make sure that only one bot instance is running
2026-07-08 16:45:23 | ERROR    | aiogram.dispatcher | Failed to fetch updates - TelegramConflictError: Telegram server says - Conflict: terminated by other getUpdates request; make sure that only one bot instance is running
2026-07-08 16:45:33 | ERROR    | aiogram.dispatcher | Failed to fetch updates - TelegramConflictError: Telegram server says - Conflict: terminated by other getUpdates request; make sure that only one bot instance is running
2026-07-08 16:45:44 | ERROR    | aiogram.dispatcher | Failed to fetch updates - TelegramConflictError: Telegram server says - Conflict: terminated by other getUpdates request; make sure that only one bot instance is running
2026-07-08 16:45:54 | ERROR    | aiogram.dispatcher | Failed to fetch updates - TelegramConflictError: Telegram server says - Conflict: terminated by other getUpdates request; make sure that only one bot instance is running
2026-07-08 16:46:04 | ERROR    | aiogram.dispatcher | Failed to fetch updates - TelegramConflictError: Telegram server says - Conflict: terminated by other getUpdates request; make sure that only one bot instance is running
2026-07-08 16:46:15 | ERROR    | aiogram.dispatcher | Failed to fetch updates - TelegramConflictError: Telegram server says - Conflict: terminated by other getUpdates request; make sure that only one bot instance is running
2026-07-08 16:46:25 | ERROR    | aiogram.dispatcher | Failed to fetch updates - TelegramConflictError: Telegram server says - Conflict: terminated by other getUpdates request; make sure that only one bot instance is running
2026-07-08 16:46:35 | ERROR    | aiogram.dispatcher | Failed to fetch updates - TelegramConflictError: Telegram server says - Conflict: terminated by other getUpdates request; make sure that only one bot instance is running
2026-07-08 16:46:45 | ERROR    | aiogram.dispatcher | Failed to fetch updates - TelegramConflictError: Telegram server says - Conflict: terminated by other getUpdates request; make sure that only one bot instance is running
2026-07-08 16:46:56 | ERROR    | aiogram.dispatcher | Failed to fetch updates - TelegramConflictError: Telegram server says - Conflict: terminated by other getUpdates request; make sure that only one bot instance is running
2026-07-08 16:47:06 | ERROR    | aiogram.dispatcher | Failed to fetch updates - TelegramConflictError: Telegram server says - Conflict: terminated by other getUpdates request; make sure that only one bot instance is running
2026-07-08 16:47:16 | ERROR    | aiogram.dispatcher | Failed to fetch updates - TelegramConflictError: Telegram server says - Conflict: terminated by other getUpdates request; make sure that only one bot instance is running
2026-07-08 16:47:27 | ERROR    | aiogram.dispatcher | Failed to fetch updates - TelegramConflictError: Telegram server says - Conflict: terminated by other getUpdates request; make sure that only one bot instance is running
2026-07-08 16:47:37 | ERROR    | aiogram.dispatcher | Failed to fetch updates - TelegramConflictError: Telegram server says - Conflict: terminated by other getUpdates request; make sure that only one bot instance is running
2026-07-08 16:47:47 | ERROR    | aiogram.dispatcher | Failed to fetch updates - TelegramConflictError: Telegram server says - Conflict: terminated by other getUpdates request; make sure that only one bot instance is running
2026-07-08 16:47:57 | ERROR    | aiogram.dispatcher | Failed to fetch updates - TelegramConflictError: Telegram server says - Conflict: terminated by other getUpdates request; make sure that only one bot instance is running
2026-07-08 16:48:08 | ERROR    | aiogram.dispatcher | Failed to fetch updates - TelegramConflictError: Telegram server says - Conflict: terminated by other getUpdates request; make sure that only one bot instance is running
2026-07-08 16:48:18 | ERROR    | aiogram.dispatcher | Failed to fetch updates - TelegramConflictError: Telegram server says - Conflict: terminated by other getUpdates request; make sure that only one bot instance is running
2026-07-08 16:48:29 | ERROR    | aiogram.dispatcher | Failed to fetch updates - TelegramConflictError: Telegram server says - Conflict: terminated by other getUpdates request; make sure that only one bot instance is running
2026-07-08 16:48:39 | ERROR    | aiogram.dispatcher | Failed to fetch updates - TelegramConflictError: Telegram server says - Conflict: terminated by other getUpdates request; make sure that only one bot instance is running
2026-07-08 16:48:49 | ERROR    | aiogram.dispatcher | Failed to fetch updates - TelegramConflictError: Telegram server says - Conflict: terminated by other getUpdates request; make sure that only one bot instance is running
2026-07-08 16:48:59 | ERROR    | aiogram.dispatcher | Failed to fetch updates - TelegramConflictError: Telegram server says - Conflict: terminated by other getUpdates request; make sure that only one bot instance is running
2026-07-08 16:49:09 | ERROR    | aiogram.dispatcher | Failed to fetch updates - TelegramConflictError: Telegram server says - Conflict: terminated by other getUpdates request; make sure that only one bot instance is running
2026-07-08 16:49:20 | ERROR    | aiogram.dispatcher | Failed to fetch updates - TelegramConflictError: Telegram server says - Conflict: terminated by other getUpdates request; make sure that only one bot instance is running
2026-07-08 16:49:30 | ERROR    | aiogram.dispatcher | Failed to fetch updates - TelegramConflictError: Telegram server says - Conflict: terminated by other getUpdates request; make sure that only one bot instance is running
2026-07-08 16:49:40 | ERROR    | aiogram.dispatcher | Failed to fetch updates - TelegramConflictError: Telegram server says - Conflict: terminated by other getUpdates request; make sure that only one bot instance is running
2026-07-08 16:49:51 | ERROR    | aiogram.dispatcher | Failed to fetch updates - TelegramConflictError: Telegram server says - Conflict: terminated by other getUpdates request; make sure that only one bot instance is running
2026-07-08 16:50:01 | ERROR    | aiogram.dispatcher | Failed to fetch updates - TelegramConflictError: Telegram server says - Conflict: terminated by other getUpdates request; make sure that only one bot instance is running
2026-07-08 16:50:12 | ERROR    | aiogram.dispatcher | Failed to fetch updates - TelegramConflictError: Telegram server says - Conflict: terminated by other getUpdates request; make sure that only one bot instance is running
2026-07-08 16:50:22 | ERROR    | aiogram.dispatcher | Failed to fetch updates - TelegramConflictError: Telegram server says - Conflict: terminated by other getUpdates request; make sure that only one bot instance is running
2026-07-08 16:50:33 | ERROR    | aiogram.dispatcher | Failed to fetch updates - TelegramConflictError: Telegram server says - Conflict: terminated by other getUpdates request; make sure that only one bot instance is running
2026-07-08 16:50:43 | ERROR    | aiogram.dispatcher | Failed to fetch updates - TelegramConflictError: Telegram server says - Conflict: terminated by other getUpdates request; make sure that only one bot instance is running
2026-07-08 16:50:53 | ERROR    | aiogram.dispatcher | Failed to fetch updates - TelegramConflictError: Telegram server says - Conflict: terminated by other getUpdates request; make sure that only one bot instance is running
2026-07-08 16:51:03 | ERROR    | aiogram.dispatcher | Failed to fetch updates - TelegramConflictError: Telegram server says - Conflict: terminated by other getUpdates request; make sure that only one bot instance is running
2026-07-08 16:51:14 | ERROR    | aiogram.dispatcher | Failed to fetch updates - TelegramConflictError: Telegram server says - Conflict: terminated by other getUpdates request; make sure that only one bot instance is running
2026-07-08 16:51:24 | ERROR    | aiogram.dispatcher | Failed to fetch updates - TelegramConflictError: Telegram server says - Conflict: terminated by other getUpdates request; make sure that only one bot instance is running
2026-07-08 16:51:34 | ERROR    | aiogram.dispatcher | Failed to fetch updates - TelegramConflictError: Telegram server says - Conflict: terminated by other getUpdates request; make sure that only one bot instance is running
2026-07-08 16:51:45 | ERROR    | aiogram.dispatcher | Failed to fetch updates - TelegramConflictError: Telegram server says - Conflict: terminated by other getUpdates request; make sure that only one bot instance is running
2026-07-08 16:51:55 | ERROR    | aiogram.dispatcher | Failed to fetch updates - TelegramConflictError: Telegram server says - Conflict: terminated by other getUpdates request; make sure that only one bot instance is running
2026-07-08 16:52:05 | ERROR    | aiogram.dispatcher | Failed to fetch updates - TelegramConflictError: Telegram server says - Conflict: terminated by other getUpdates request; make sure that only one bot instance is running
2026-07-08 16:52:16 | ERROR    | aiogram.dispatcher | Failed to fetch updates - TelegramConflictError: Telegram server says - Conflict: terminated by other getUpdates request; make sure that only one bot instance is running
2026-07-08 16:52:26 | ERROR    | aiogram.dispatcher | Failed to fetch updates - TelegramConflictError: Telegram server says - Conflict: terminated by other getUpdates request; make sure that only one bot instance is running
2026-07-08 16:52:36 | ERROR    | aiogram.dispatcher | Failed to fetch updates - TelegramConflictError: Telegram server says - Conflict: terminated by other getUpdates request; make sure that only one bot instance is running
2026-07-08 16:52:46 | ERROR    | aiogram.dispatcher | Failed to fetch updates - TelegramConflictError: Telegram server says - Conflict: terminated by other getUpdates request; make sure that only one bot instance is running
2026-07-08 16:52:57 | ERROR    | aiogram.dispatcher | Failed to fetch updates - TelegramConflictError: Telegram server says - Conflict: terminated by other getUpdates request; make sure that only one bot instance is running
2026-07-08 16:53:07 | ERROR    | aiogram.dispatcher | Failed to fetch updates - TelegramConflictError: Telegram server says - Conflict: terminated by other getUpdates request; make sure that only one bot instance is running
2026-07-08 16:53:18 | ERROR    | aiogram.dispatcher | Failed to fetch updates - TelegramConflictError: Telegram server says - Conflict: terminated by other getUpdates request; make sure that only one bot instance is running
2026-07-08 16:53:28 | ERROR    | aiogram.dispatcher | Failed to fetch updates - TelegramConflictError: Telegram server says - Conflict: terminated by other getUpdates request; make sure that only one bot instance is running
2026-07-08 16:53:38 | ERROR    | aiogram.dispatcher | Failed to fetch updates - TelegramConflictError: Telegram server says - Conflict: terminated by other getUpdates request; make sure that only one bot instance is running
2026-07-08 16:53:48 | ERROR    | aiogram.dispatcher | Failed to fetch updates - TelegramConflictError: Telegram server says - Conflict: terminated by other getUpdates request; make sure that only one bot instance is running
2026-07-08 16:53:58 | ERROR    | aiogram.dispatcher | Failed to fetch updates - TelegramConflictError: Telegram server says - Conflict: terminated by other getUpdates request; make sure that only one bot instance is running
2026-07-08 16:54:09 | ERROR    | aiogram.dispatcher | Failed to fetch updates - TelegramConflictError: Telegram server says - Conflict: terminated by other getUpdates request; make sure that only one bot instance is running
2026-07-08 16:54:19 | ERROR    | aiogram.dispatcher | Failed to fetch updates - TelegramConflictError: Telegram server says - Conflict: terminated by other getUpdates request; make sure that only one bot instance is running
2026-07-08 16:54:30 | ERROR    | aiogram.dispatcher | Failed to fetch updates - TelegramConflictError: Telegram server says - Conflict: terminated by other getUpdates request; make sure that only one bot instance is running
2026-07-08 16:54:40 | ERROR    | aiogram.dispatcher | Failed to fetch updates - TelegramConflictError: Telegram server says - Conflict: terminated by other getUpdates request; make sure that only one bot instance is running
2026-07-08 16:55:56 | ERROR    | aiogram.dispatcher | Failed to fetch updates - TelegramNetworkError: HTTP Client says - Request timeout error
2026-07-08 16:56:22 | ERROR    | aiogram.dispatcher | Failed to fetch updates - TelegramNetworkError: HTTP Client says - ClientConnectorError: Cannot connect to host api.telegram.org:443 ssl:default [Превышен таймаут семафора]
2026-07-08 16:56:48 | ERROR    | aiogram.dispatcher | Failed to fetch updates - TelegramNetworkError: HTTP Client says - ClientConnectorError: Cannot connect to host api.telegram.org:443 ssl:default [Превышен таймаут семафора]
2026-07-08 16:57:13 | ERROR    | aiogram.dispatcher | Failed to fetch updates - TelegramConflictError: Telegram server says - Conflict: terminated by other getUpdates request; make sure that only one bot instance is running
2026-07-08 16:57:22 | ERROR    | aiogram.dispatcher | Failed to fetch updates - TelegramConflictError: Telegram server says - Conflict: terminated by other getUpdates request; make sure that only one bot instance is running
2026-07-08 16:57:32 | ERROR    | aiogram.dispatcher | Failed to fetch updates - TelegramConflictError: Telegram server says - Conflict: terminated by other getUpdates request; make sure that only one bot instance is running
2026-07-08 16:57:43 | ERROR    | aiogram.dispatcher | Failed to fetch updates - TelegramConflictError: Telegram server says - Conflict: terminated by other getUpdates request; make sure that only one bot instance is running
2026-07-08 16:57:51 | ERROR    | aiogram.dispatcher | Failed to fetch updates - TelegramConflictError: Telegram server says - Conflict: terminated by other getUpdates request; make sure that only one bot instance is running
2026-07-08 16:58:00 | ERROR    | aiogram.dispatcher | Failed to fetch updates - TelegramConflictError: Telegram server says - Conflict: terminated by other getUpdates request; make sure that only one bot instance is running
2026-07-08 16:58:10 | ERROR    | aiogram.dispatcher | Failed to fetch updates - TelegramConflictError: Telegram server says - Conflict: terminated by other getUpdates request; make sure that only one bot instance is running
2026-07-08 16:58:21 | ERROR    | aiogram.dispatcher | Failed to fetch updates - TelegramConflictError: Telegram server says - Conflict: terminated by other getUpdates request; make sure that only one bot instance is running
2026-07-08 16:58:31 | ERROR    | aiogram.dispatcher | Failed to fetch updates - TelegramConflictError: Telegram server says - Conflict: terminated by other getUpdates request; make sure that only one bot instance is running
2026-07-08 16:58:41 | ERROR    | aiogram.dispatcher | Failed to fetch updates - TelegramConflictError: Telegram server says - Conflict: terminated by other getUpdates request; make sure that only one bot instance is running
2026-07-08 16:58:52 | ERROR    | aiogram.dispatcher | Failed to fetch updates - TelegramConflictError: Telegram server says - Conflict: terminated by other getUpdates request; make sure that only one bot instance is running
2026-07-08 16:59:02 | ERROR    | aiogram.dispatcher | Failed to fetch updates - TelegramConflictError: Telegram server says - Conflict: terminated by other getUpdates request; make sure that only one bot instance is running
2026-07-08 16:59:12 | ERROR    | aiogram.dispatcher | Failed to fetch updates - TelegramConflictError: Telegram server says - Conflict: terminated by other getUpdates request; make sure that only one bot instance is running
2026-07-08 16:59:23 | ERROR    | aiogram.dispatcher | Failed to fetch updates - TelegramConflictError: Telegram server says - Conflict: terminated by other getUpdates request; make sure that only one bot instance is running
2026-07-08 16:59:33 | ERROR    | aiogram.dispatcher | Failed to fetch updates - TelegramConflictError: Telegram server says - Conflict: terminated by other getUpdates request; make sure that only one bot instance is running
2026-07-08 16:59:43 | ERROR    | aiogram.dispatcher | Failed to fetch updates - TelegramConflictError: Telegram server says - Conflict: terminated by other getUpdates request; make sure that only one bot instance is running
2026-07-08 16:59:53 | ERROR    | aiogram.dispatcher | Failed to fetch updates - TelegramConflictError: Telegram server says - Conflict: terminated by other getUpdates request; make sure that only one bot instance is running
2026-07-08 17:00:04 | ERROR    | aiogram.dispatcher | Failed to fetch updates - TelegramConflictError: Telegram server says - Conflict: terminated by other getUpdates request; make sure that only one bot instance is running
2026-07-08 17:00:14 | ERROR    | aiogram.dispatcher | Failed to fetch updates - TelegramConflictError: Telegram server says - Conflict: terminated by other getUpdates request; make sure that only one bot instance is running
2026-07-08 17:00:24 | ERROR    | aiogram.dispatcher | Failed to fetch updates - TelegramConflictError: Telegram server says - Conflict: terminated by other getUpdates request; make sure that only one bot instance is running
2026-07-08 17:00:34 | ERROR    | aiogram.dispatcher | Failed to fetch updates - TelegramConflictError: Telegram server says - Conflict: terminated by other getUpdates request; make sure that only one bot instance is running
2026-07-08 17:00:45 | ERROR    | aiogram.dispatcher | Failed to fetch updates - TelegramConflictError: Telegram server says - Conflict: terminated by other getUpdates request; make sure that only one bot instance is running
2026-07-08 17:00:55 | ERROR    | aiogram.dispatcher | Failed to fetch updates - TelegramConflictError: Telegram server says - Conflict: terminated by other getUpdates request; make sure that only one bot instance is running
2026-07-08 17:01:05 | ERROR    | aiogram.dispatcher | Failed to fetch updates - TelegramConflictError: Telegram server says - Conflict: terminated by other getUpdates request; make sure that only one bot instance is running
2026-07-08 17:01:15 | ERROR    | aiogram.dispatcher | Failed to fetch updates - TelegramConflictError: Telegram server says - Conflict: terminated by other getUpdates request; make sure that only one bot instance is running
2026-07-08 17:01:26 | ERROR    | aiogram.dispatcher | Failed to fetch updates - TelegramConflictError: Telegram server says - Conflict: terminated by other getUpdates request; make sure that only one bot instance is running
2026-07-08 17:01:36 | ERROR    | aiogram.dispatcher | Failed to fetch updates - TelegramConflictError: Telegram server says - Conflict: terminated by other getUpdates request; make sure that only one bot instance is running
2026-07-08 17:01:46 | ERROR    | aiogram.dispatcher | Failed to fetch updates - TelegramConflictError: Telegram server says - Conflict: terminated by other getUpdates request; make sure that only one bot instance is running
2026-07-08 17:01:56 | ERROR    | aiogram.dispatcher | Failed to fetch updates - TelegramConflictError: Telegram server says - Conflict: terminated by other getUpdates request; make sure that only one bot instance is running
2026-07-08 17:02:07 | ERROR    | aiogram.dispatcher | Failed to fetch updates - TelegramConflictError: Telegram server says - Conflict: terminated by other getUpdates request; make sure that only one bot instance is running
2026-07-08 17:02:17 | ERROR    | aiogram.dispatcher | Failed to fetch updates - TelegramConflictError: Telegram server says - Conflict: terminated by other getUpdates request; make sure that only one bot instance is running
2026-07-08 17:02:27 | ERROR    | aiogram.dispatcher | Failed to fetch updates - TelegramConflictError: Telegram server says - Conflict: terminated by other getUpdates request; make sure that only one bot instance is running
2026-07-08 17:02:37 | ERROR    | aiogram.dispatcher | Failed to fetch updates - TelegramConflictError: Telegram server says - Conflict: terminated by other getUpdates request; make sure that only one bot instance is running
2026-07-08 17:02:48 | ERROR    | aiogram.dispatcher | Failed to fetch updates - TelegramConflictError: Telegram server says - Conflict: terminated by other getUpdates request; make sure that only one bot instance is running
2026-07-08 17:02:58 | ERROR    | aiogram.dispatcher | Failed to fetch updates - TelegramConflictError: Telegram server says - Conflict: terminated by other getUpdates request; make sure that only one bot instance is running
2026-07-08 17:03:09 | ERROR    | aiogram.dispatcher | Failed to fetch updates - TelegramConflictError: Telegram server says - Conflict: terminated by other getUpdates request; make sure that only one bot instance is running
2026-07-08 17:04:24 | ERROR    | aiogram.dispatcher | Failed to fetch updates - TelegramNetworkError: HTTP Client says - Request timeout error
2026-07-08 17:04:34 | ERROR    | aiogram.dispatcher | Failed to fetch updates - TelegramConflictError: Telegram server says - Conflict: terminated by other getUpdates request; make sure that only one bot instance is running
2026-07-08 17:04:43 | ERROR    | aiogram.dispatcher | Failed to fetch updates - TelegramConflictError: Telegram server says - Conflict: terminated by other getUpdates request; make sure that only one bot instance is running
2026-07-08 17:04:53 | ERROR    | aiogram.dispatcher | Failed to fetch updates - TelegramConflictError: Telegram server says - Conflict: terminated by other getUpdates request; make sure that only one bot instance is running
2026-07-08 17:05:03 | ERROR    | aiogram.dispatcher | Failed to fetch updates - TelegramConflictError: Telegram server says - Conflict: terminated by other getUpdates request; make sure that only one bot instance is running
2026-07-08 17:05:14 | ERROR    | aiogram.dispatcher | Failed to fetch updates - TelegramConflictError: Telegram server says - Conflict: terminated by other getUpdates request; make sure that only one bot instance is running
2026-07-08 17:05:23 | ERROR    | aiogram.dispatcher | Failed to fetch updates - TelegramConflictError: Telegram server says - Conflict: terminated by other getUpdates request; make sure that only one bot instance is running
2026-07-08 17:05:33 | ERROR    | aiogram.dispatcher | Failed to fetch updates - TelegramConflictError: Telegram server says - Conflict: terminated by other getUpdates request; make sure that only one bot instance is running
2026-07-08 17:05:43 | ERROR    | aiogram.dispatcher | Failed to fetch updates - TelegramConflictError: Telegram server says - Conflict: terminated by other getUpdates request; make sure that only one bot instance is running
2026-07-08 17:05:54 | ERROR    | aiogram.dispatcher | Failed to fetch updates - TelegramConflictError: Telegram server says - Conflict: terminated by other getUpdates request; make sure that only one bot instance is running
2026-07-08 17:06:04 | ERROR    | aiogram.dispatcher | Failed to fetch updates - TelegramConflictError: Telegram server says - Conflict: terminated by other getUpdates request; make sure that only one bot instance is running
2026-07-08 17:06:14 | ERROR    | aiogram.dispatcher | Failed to fetch updates - TelegramConflictError: Telegram server says - Conflict: terminated by other getUpdates request; make sure that only one bot instance is running
2026-07-08 17:06:24 | ERROR    | aiogram.dispatcher | Failed to fetch updates - TelegramConflictError: Telegram server says - Conflict: terminated by other getUpdates request; make sure that only one bot instance is running
2026-07-08 17:06:35 | ERROR    | aiogram.dispatcher | Failed to fetch updates - TelegramConflictError: Telegram server says - Conflict: terminated by other getUpdates request; make sure that only one bot instance is running
2026-07-08 17:07:50 | ERROR    | aiogram.dispatcher | Failed to fetch updates - TelegramNetworkError: HTTP Client says - Request timeout error
2026-07-08 17:07:59 | ERROR    | aiogram.dispatcher | Failed to fetch updates - TelegramConflictError: Telegram server says - Conflict: terminated by other getUpdates request; make sure that only one bot instance is running
2026-07-08 17:08:09 | ERROR    | aiogram.dispatcher | Failed to fetch updates - TelegramConflictError: Telegram server says - Conflict: terminated by other getUpdates request; make sure that only one bot instance is running
2026-07-08 17:08:19 | ERROR    | aiogram.dispatcher | Failed to fetch updates - TelegramConflictError: Telegram server says - Conflict: terminated by other getUpdates request; make sure that only one bot instance is running
2026-07-08 17:08:29 | ERROR    | aiogram.dispatcher | Failed to fetch updates - TelegramConflictError: Telegram server says - Conflict: terminated by other getUpdates request; make sure that only one bot instance is running
2026-07-08 17:08:40 | ERROR    | aiogram.dispatcher | Failed to fetch updates - TelegramConflictError: Telegram server says - Conflict: terminated by other getUpdates request; make sure that only one bot instance is running
2026-07-08 17:08:49 | ERROR    | aiogram.dispatcher | Failed to fetch updates - TelegramConflictError: Telegram server says - Conflict: terminated by other getUpdates request; make sure that only one bot instance is running
2026-07-08 17:08:59 | ERROR    | aiogram.dispatcher | Failed to fetch updates - TelegramConflictError: Telegram server says - Conflict: terminated by other getUpdates request; make sure that only one bot instance is running
2026-07-08 17:09:09 | ERROR    | aiogram.dispatcher | Failed to fetch updates - TelegramConflictError: Telegram server says - Conflict: terminated by other getUpdates request; make sure that only one bot instance is running
2026-07-08 17:09:19 | ERROR    | aiogram.dispatcher | Failed to fetch updates - TelegramConflictError: Telegram server says - Conflict: terminated by other getUpdates request; make sure that only one bot instance is running
2026-07-08 17:09:30 | ERROR    | aiogram.dispatcher | Failed to fetch updates - TelegramConflictError: Telegram server says - Conflict: terminated by other getUpdates request; make sure that only one bot instance is running
2026-07-08 17:09:40 | ERROR    | aiogram.dispatcher | Failed to fetch updates - TelegramConflictError: Telegram server says - Conflict: terminated by other getUpdates request; make sure that only one bot instance is running
2026-07-08 17:09:51 | ERROR    | aiogram.dispatcher | Failed to fetch updates - TelegramConflictError: Telegram server says - Conflict: terminated by other getUpdates request; make sure that only one bot instance is running
2026-07-08 17:10:01 | ERROR    | aiogram.dispatcher | Failed to fetch updates - TelegramConflictError: Telegram server says - Conflict: terminated by other getUpdates request; make sure that only one bot instance is running
2026-07-08 17:10:11 | ERROR    | aiogram.dispatcher | Failed to fetch updates - TelegramConflictError: Telegram server says - Conflict: terminated by other getUpdates request; make sure that only one bot instance is running
2026-07-08 17:10:22 | ERROR    | aiogram.dispatcher | Failed to fetch updates - TelegramConflictError: Telegram server says - Conflict: terminated by other getUpdates request; make sure that only one bot instance is running
2026-07-08 17:10:32 | ERROR    | aiogram.dispatcher | Failed to fetch updates - TelegramConflictError: Telegram server says - Conflict: terminated by other getUpdates request; make sure that only one bot instance is running
2026-07-08 17:10:42 | ERROR    | aiogram.dispatcher | Failed to fetch updates - TelegramConflictError: Telegram server says - Conflict: terminated by other getUpdates request; make sure that only one bot instance is running
2026-07-08 17:10:53 | ERROR    | aiogram.dispatcher | Failed to fetch updates - TelegramConflictError: Telegram server says - Conflict: terminated by other getUpdates request; make sure that only one bot instance is running
2026-07-08 17:11:03 | ERROR    | aiogram.dispatcher | Failed to fetch updates - TelegramConflictError: Telegram server says - Conflict: terminated by other getUpdates request; make sure that only one bot instance is running
2026-07-08 17:11:13 | ERROR    | aiogram.dispatcher | Failed to fetch updates - TelegramConflictError: Telegram server says - Conflict: terminated by other getUpdates request; make sure that only one bot instance is running
2026-07-08 17:11:23 | ERROR    | aiogram.dispatcher | Failed to fetch updates - TelegramConflictError: Telegram server says - Conflict: terminated by other getUpdates request; make sure that only one bot instance is running
2026-07-08 17:11:34 | ERROR    | aiogram.dispatcher | Failed to fetch updates - TelegramConflictError: Telegram server says - Conflict: terminated by other getUpdates request; make sure that only one bot instance is running
2026-07-08 17:11:44 | ERROR    | aiogram.dispatcher | Failed to fetch updates - TelegramConflictError: Telegram server says - Conflict: terminated by other getUpdates request; make sure that only one bot instance is running
2026-07-08 17:11:54 | ERROR    | aiogram.dispatcher | Failed to fetch updates - TelegramConflictError: Telegram server says - Conflict: terminated by other getUpdates request; make sure that only one bot instance is running
2026-07-08 17:12:05 | ERROR    | aiogram.dispatcher | Failed to fetch updates - TelegramConflictError: Telegram server says - Conflict: terminated by other getUpdates request; make sure that only one bot instance is running
2026-07-08 17:12:15 | ERROR    | aiogram.dispatcher | Failed to fetch updates - TelegramConflictError: Telegram server says - Conflict: terminated by other getUpdates request; make sure that only one bot instance is running
2026-07-08 17:12:25 | ERROR    | aiogram.dispatcher | Failed to fetch updates - TelegramConflictError: Telegram server says - Conflict: terminated by other getUpdates request; make sure that only one bot instance is running
2026-07-08 17:12:36 | ERROR    | aiogram.dispatcher | Failed to fetch updates - TelegramConflictError: Telegram server says - Conflict: terminated by other getUpdates request; make sure that only one bot instance is running
2026-07-08 17:12:46 | ERROR    | aiogram.dispatcher | Failed to fetch updates - TelegramConflictError: Telegram server says - Conflict: terminated by other getUpdates request; make sure that only one bot instance is running
2026-07-08 17:12:56 | ERROR    | aiogram.dispatcher | Failed to fetch updates - TelegramConflictError: Telegram server says - Conflict: terminated by other getUpdates request; make sure that only one bot instance is running
2026-07-08 17:13:07 | ERROR    | aiogram.dispatcher | Failed to fetch updates - TelegramConflictError: Telegram server says - Conflict: terminated by other getUpdates request; make sure that only one bot instance is running
2026-07-08 17:13:17 | ERROR    | aiogram.dispatcher | Failed to fetch updates - TelegramConflictError: Telegram server says - Conflict: terminated by other getUpdates request; make sure that only one bot instance is running
2026-07-08 17:13:27 | ERROR    | aiogram.dispatcher | Failed to fetch updates - TelegramConflictError: Telegram server says - Conflict: terminated by other getUpdates request; make sure that only one bot instance is running
2026-07-08 17:13:37 | ERROR    | aiogram.dispatcher | Failed to fetch updates - TelegramConflictError: Telegram server says - Conflict: terminated by other getUpdates request; make sure that only one bot instance is running
2026-07-08 17:13:47 | ERROR    | aiogram.dispatcher | Failed to fetch updates - TelegramConflictError: Telegram server says - Conflict: terminated by other getUpdates request; make sure that only one bot instance is running
2026-07-08 17:13:58 | ERROR    | aiogram.dispatcher | Failed to fetch updates - TelegramConflictError: Telegram server says - Conflict: terminated by other getUpdates request; make sure that only one bot instance is running
2026-07-08 17:14:08 | ERROR    | aiogram.dispatcher | Failed to fetch updates - TelegramConflictError: Telegram server says - Conflict: terminated by other getUpdates request; make sure that only one bot instance is running
2026-07-08 17:14:18 | ERROR    | aiogram.dispatcher | Failed to fetch updates - TelegramConflictError: Telegram server says - Conflict: terminated by other getUpdates request; make sure that only one bot instance is running
2026-07-08 17:14:28 | ERROR    | aiogram.dispatcher | Failed to fetch updates - TelegramConflictError: Telegram server says - Conflict: terminated by other getUpdates request; make sure that only one bot instance is running
2026-07-08 17:14:39 | ERROR    | aiogram.dispatcher | Failed to fetch updates - TelegramConflictError: Telegram server says - Conflict: terminated by other getUpdates request; make sure that only one bot instance is running
2026-07-08 17:14:49 | ERROR    | aiogram.dispatcher | Failed to fetch updates - TelegramConflictError: Telegram server says - Conflict: terminated by other getUpdates request; make sure that only one bot instance is running
2026-07-08 17:14:59 | ERROR    | aiogram.dispatcher | Failed to fetch updates - TelegramConflictError: Telegram server says - Conflict: terminated by other getUpdates request; make sure that only one bot instance is running
2026-07-08 17:15:10 | ERROR    | aiogram.dispatcher | Failed to fetch updates - TelegramConflictError: Telegram server says - Conflict: terminated by other getUpdates request; make sure that only one bot instance is running
2026-07-08 17:15:20 | ERROR    | aiogram.dispatcher | Failed to fetch updates - TelegramConflictError: Telegram server says - Conflict: terminated by other getUpdates request; make sure that only one bot instance is running
2026-07-08 17:15:30 | ERROR    | aiogram.dispatcher | Failed to fetch updates - TelegramConflictError: Telegram server says - Conflict: terminated by other getUpdates request; make sure that only one bot instance is running
2026-07-08 17:15:40 | ERROR    | aiogram.dispatcher | Failed to fetch updates - TelegramConflictError: Telegram server says - Conflict: terminated by other getUpdates request; make sure that only one bot instance is running
2026-07-08 17:15:51 | ERROR    | aiogram.dispatcher | Failed to fetch updates - TelegramConflictError: Telegram server says - Conflict: terminated by other getUpdates request; make sure that only one bot instance is running
2026-07-08 17:16:01 | ERROR    | aiogram.dispatcher | Failed to fetch updates - TelegramConflictError: Telegram server says - Conflict: terminated by other getUpdates request; make sure that only one bot instance is running
2026-07-08 17:16:11 | ERROR    | aiogram.dispatcher | Failed to fetch updates - TelegramConflictError: Telegram server says - Conflict: terminated by other getUpdates request; make sure that only one bot instance is running
2026-07-08 17:16:22 | ERROR    | aiogram.dispatcher | Failed to fetch updates - TelegramConflictError: Telegram server says - Conflict: terminated by other getUpdates request; make sure that only one bot instance is running
2026-07-08 17:16:32 | ERROR    | aiogram.dispatcher | Failed to fetch updates - TelegramConflictError: Telegram server says - Conflict: terminated by other getUpdates request; make sure that only one bot instance is running
2026-07-08 17:16:42 | ERROR    | aiogram.dispatcher | Failed to fetch updates - TelegramConflictError: Telegram server says - Conflict: terminated by other getUpdates request; make sure that only one bot instance is running
2026-07-08 17:16:53 | ERROR    | aiogram.dispatcher | Failed to fetch updates - TelegramConflictError: Telegram server says - Conflict: terminated by other getUpdates request; make sure that only one bot instance is running
2026-07-08 17:17:03 | ERROR    | aiogram.dispatcher | Failed to fetch updates - TelegramConflictError: Telegram server says - Conflict: terminated by other getUpdates request; make sure that only one bot instance is running
2026-07-08 17:17:13 | ERROR    | aiogram.dispatcher | Failed to fetch updates - TelegramConflictError: Telegram server says - Conflict: terminated by other getUpdates request; make sure that only one bot instance is running
2026-07-08 17:17:24 | ERROR    | aiogram.dispatcher | Failed to fetch updates - TelegramConflictError: Telegram server says - Conflict: terminated by other getUpdates request; make sure that only one bot instance is running
2026-07-08 17:17:34 | ERROR    | aiogram.dispatcher | Failed to fetch updates - TelegramConflictError: Telegram server says - Conflict: terminated by other getUpdates request; make sure that only one bot instance is running
2026-07-08 17:17:44 | ERROR    | aiogram.dispatcher | Failed to fetch updates - TelegramConflictError: Telegram server says - Conflict: terminated by other getUpdates request; make sure that only one bot instance is running
2026-07-08 17:17:55 | ERROR    | aiogram.dispatcher | Failed to fetch updates - TelegramConflictError: Telegram server says - Conflict: terminated by other getUpdates request; make sure that only one bot instance is running
2026-07-08 17:18:05 | ERROR    | aiogram.dispatcher | Failed to fetch updates - TelegramConflictError: Telegram server says - Conflict: terminated by other getUpdates request; make sure that only one bot instance is running
2026-07-08 17:18:15 | ERROR    | aiogram.dispatcher | Failed to fetch updates - TelegramConflictError: Telegram server says - Conflict: terminated by other getUpdates request; make sure that only one bot instance is running
2026-07-08 17:18:26 | ERROR    | aiogram.dispatcher | Failed to fetch updates - TelegramConflictError: Telegram server says - Conflict: terminated by other getUpdates request; make sure that only one bot instance is running
2026-07-08 17:18:36 | ERROR    | aiogram.dispatcher | Failed to fetch updates - TelegramConflictError: Telegram server says - Conflict: terminated by other getUpdates request; make sure that only one bot instance is running
2026-07-08 17:18:47 | ERROR    | aiogram.dispatcher | Failed to fetch updates - TelegramConflictError: Telegram server says - Conflict: terminated by other getUpdates request; make sure that only one bot instance is running
2026-07-08 17:18:57 | ERROR    | aiogram.dispatcher | Failed to fetch updates - TelegramConflictError: Telegram server says - Conflict: terminated by other getUpdates request; make sure that only one bot instance is running
2026-07-08 17:19:07 | ERROR    | aiogram.dispatcher | Failed to fetch updates - TelegramConflictError: Telegram server says - Conflict: terminated by other getUpdates request; make sure that only one bot instance is running
2026-07-08 17:19:17 | ERROR    | aiogram.dispatcher | Failed to fetch updates - TelegramConflictError: Telegram server says - Conflict: terminated by other getUpdates request; make sure that only one bot instance is running
2026-07-08 17:19:28 | ERROR    | aiogram.dispatcher | Failed to fetch updates - TelegramConflictError: Telegram server says - Conflict: terminated by other getUpdates request; make sure that only one bot instance is running
2026-07-08 17:19:39 | ERROR    | aiogram.dispatcher | Failed to fetch updates - TelegramConflictError: Telegram server says - Conflict: terminated by other getUpdates request; make sure that only one bot instance is running
2026-07-08 17:19:49 | ERROR    | aiogram.dispatcher | Failed to fetch updates - TelegramConflictError: Telegram server says - Conflict: terminated by other getUpdates request; make sure that only one bot instance is running
2026-07-08 17:19:59 | ERROR    | aiogram.dispatcher | Failed to fetch updates - TelegramConflictError: Telegram server says - Conflict: terminated by other getUpdates request; make sure that only one bot instance is running
2026-07-08 17:20:10 | ERROR    | aiogram.dispatcher | Failed to fetch updates - TelegramConflictError: Telegram server says - Conflict: terminated by other getUpdates request; make sure that only one bot instance is running
2026-07-08 17:20:24 | ERROR    | aiogram.dispatcher | Failed to fetch updates - TelegramNetworkError: HTTP Client says - ClientOSError: [WinError 1236] Подключение к сети было разорвано локальной системой
2026-07-08 17:20:29 | ERROR    | aiogram.dispatcher | Failed to fetch updates - TelegramNetworkError: HTTP Client says - ClientConnectorDNSError: Cannot connect to host api.telegram.org:443 ssl:default [getaddrinfo failed]
2026-07-08 17:20:34 | ERROR    | aiogram.dispatcher | Failed to fetch updates - TelegramNetworkError: HTTP Client says - ClientConnectorDNSError: Cannot connect to host api.telegram.org:443 ssl:default [getaddrinfo failed]
2026-07-08 17:20:39 | ERROR    | aiogram.dispatcher | Failed to fetch updates - TelegramNetworkError: HTTP Client says - ClientConnectorDNSError: Cannot connect to host api.telegram.org:443 ssl:default [getaddrinfo failed]
2026-07-08 17:20:44 | ERROR    | aiogram.dispatcher | Failed to fetch updates - TelegramNetworkError: HTTP Client says - ClientConnectorDNSError: Cannot connect to host api.telegram.org:443 ssl:default [getaddrinfo failed]
2026-07-08 17:20:49 | ERROR    | aiogram.dispatcher | Failed to fetch updates - TelegramNetworkError: HTTP Client says - ClientConnectorDNSError: Cannot connect to host api.telegram.org:443 ssl:default [getaddrinfo failed]
2026-07-08 17:20:54 | ERROR    | aiogram.dispatcher | Failed to fetch updates - TelegramNetworkError: HTTP Client says - ClientConnectorDNSError: Cannot connect to host api.telegram.org:443 ssl:default [getaddrinfo failed]
2026-07-08 17:20:59 | ERROR    | aiogram.dispatcher | Failed to fetch updates - TelegramNetworkError: HTTP Client says - ClientConnectorDNSError: Cannot connect to host api.telegram.org:443 ssl:default [getaddrinfo failed]
2026-07-08 17:21:04 | ERROR    | aiogram.dispatcher | Failed to fetch updates - TelegramNetworkError: HTTP Client says - ClientConnectorDNSError: Cannot connect to host api.telegram.org:443 ssl:default [getaddrinfo failed]
2026-07-08 17:21:09 | ERROR    | aiogram.dispatcher | Failed to fetch updates - TelegramNetworkError: HTTP Client says - ClientConnectorDNSError: Cannot connect to host api.telegram.org:443 ssl:default [getaddrinfo failed]
2026-07-08 17:21:14 | ERROR    | aiogram.dispatcher | Failed to fetch updates - TelegramNetworkError: HTTP Client says - ClientConnectorDNSError: Cannot connect to host api.telegram.org:443 ssl:default [getaddrinfo failed]
2026-07-08 17:21:19 | ERROR    | aiogram.dispatcher | Failed to fetch updates - TelegramNetworkError: HTTP Client says - ClientConnectorDNSError: Cannot connect to host api.telegram.org:443 ssl:default [getaddrinfo failed]
2026-07-08 17:21:24 | ERROR    | aiogram.dispatcher | Failed to fetch updates - TelegramNetworkError: HTTP Client says - ClientConnectorDNSError: Cannot connect to host api.telegram.org:443 ssl:default [getaddrinfo failed]
2026-07-08 17:21:29 | ERROR    | aiogram.dispatcher | Failed to fetch updates - TelegramNetworkError: HTTP Client says - ClientConnectorDNSError: Cannot connect to host api.telegram.org:443 ssl:default [getaddrinfo failed]
2026-07-08 17:21:34 | ERROR    | aiogram.dispatcher | Failed to fetch updates - TelegramNetworkError: HTTP Client says - ClientConnectorDNSError: Cannot connect to host api.telegram.org:443 ssl:default [getaddrinfo failed]
2026-07-08 17:21:39 | ERROR    | aiogram.dispatcher | Failed to fetch updates - TelegramNetworkError: HTTP Client says - ClientConnectorDNSError: Cannot connect to host api.telegram.org:443 ssl:default [getaddrinfo failed]
2026-07-08 17:21:44 | ERROR    | aiogram.dispatcher | Failed to fetch updates - TelegramNetworkError: HTTP Client says - ClientConnectorDNSError: Cannot connect to host api.telegram.org:443 ssl:default [getaddrinfo failed]
2026-07-08 17:21:49 | ERROR    | aiogram.dispatcher | Failed to fetch updates - TelegramNetworkError: HTTP Client says - ClientConnectorDNSError: Cannot connect to host api.telegram.org:443 ssl:default [getaddrinfo failed]
2026-07-08 17:21:54 | ERROR    | aiogram.dispatcher | Failed to fetch updates - TelegramNetworkError: HTTP Client says - ClientConnectorDNSError: Cannot connect to host api.telegram.org:443 ssl:default [getaddrinfo failed]
2026-07-08 17:21:59 | ERROR    | aiogram.dispatcher | Failed to fetch updates - TelegramNetworkError: HTTP Client says - ClientConnectorDNSError: Cannot connect to host api.telegram.org:443 ssl:default [getaddrinfo failed]
2026-07-08 17:22:04 | ERROR    | aiogram.dispatcher | Failed to fetch updates - TelegramNetworkError: HTTP Client says - ClientConnectorDNSError: Cannot connect to host api.telegram.org:443 ssl:default [getaddrinfo failed]
2026-07-08 17:22:09 | ERROR    | aiogram.dispatcher | Failed to fetch updates - TelegramNetworkError: HTTP Client says - ClientConnectorDNSError: Cannot connect to host api.telegram.org:443 ssl:default [getaddrinfo failed]
2026-07-08 17:22:14 | ERROR    | aiogram.dispatcher | Failed to fetch updates - TelegramNetworkError: HTTP Client says - ClientConnectorDNSError: Cannot connect to host api.telegram.org:443 ssl:default [getaddrinfo failed]
2026-07-08 17:22:19 | ERROR    | aiogram.dispatcher | Failed to fetch updates - TelegramNetworkError: HTTP Client says - ClientConnectorDNSError: Cannot connect to host api.telegram.org:443 ssl:default [getaddrinfo failed]
2026-07-08 17:22:24 | ERROR    | aiogram.dispatcher | Failed to fetch updates - TelegramNetworkError: HTTP Client says - ClientConnectorDNSError: Cannot connect to host api.telegram.org:443 ssl:default [getaddrinfo failed]
2026-07-08 17:22:29 | ERROR    | aiogram.dispatcher | Failed to fetch updates - TelegramNetworkError: HTTP Client says - ClientConnectorDNSError: Cannot connect to host api.telegram.org:443 ssl:default [getaddrinfo failed]
2026-07-08 17:22:34 | ERROR    | aiogram.dispatcher | Failed to fetch updates - TelegramNetworkError: HTTP Client says - ClientConnectorDNSError: Cannot connect to host api.telegram.org:443 ssl:default [getaddrinfo failed]
2026-07-08 17:22:39 | ERROR    | aiogram.dispatcher | Failed to fetch updates - TelegramNetworkError: HTTP Client says - ClientConnectorDNSError: Cannot connect to host api.telegram.org:443 ssl:default [getaddrinfo failed]
2026-07-08 17:22:44 | ERROR    | aiogram.dispatcher | Failed to fetch updates - TelegramNetworkError: HTTP Client says - ClientConnectorDNSError: Cannot connect to host api.telegram.org:443 ssl:default [getaddrinfo failed]
2026-07-08 17:22:49 | ERROR    | aiogram.dispatcher | Failed to fetch updates - TelegramNetworkError: HTTP Client says - ClientConnectorDNSError: Cannot connect to host api.telegram.org:443 ssl:default [getaddrinfo failed]
2026-07-08 17:22:53 | ERROR    | aiogram.dispatcher | Failed to fetch updates - TelegramNetworkError: HTTP Client says - ClientConnectorDNSError: Cannot connect to host api.telegram.org:443 ssl:default [getaddrinfo failed]
2026-07-08 17:22:58 | ERROR    | aiogram.dispatcher | Failed to fetch updates - TelegramNetworkError: HTTP Client says - ClientConnectorDNSError: Cannot connect to host api.telegram.org:443 ssl:default [getaddrinfo failed]
2026-07-08 17:23:03 | ERROR    | aiogram.dispatcher | Failed to fetch updates - TelegramNetworkError: HTTP Client says - ClientConnectorDNSError: Cannot connect to host api.telegram.org:443 ssl:default [getaddrinfo failed]
2026-07-08 17:23:08 | ERROR    | aiogram.dispatcher | Failed to fetch updates - TelegramNetworkError: HTTP Client says - ClientConnectorDNSError: Cannot connect to host api.telegram.org:443 ssl:default [getaddrinfo failed]
2026-07-08 17:23:13 | ERROR    | aiogram.dispatcher | Failed to fetch updates - TelegramNetworkError: HTTP Client says - ClientConnectorDNSError: Cannot connect to host api.telegram.org:443 ssl:default [getaddrinfo failed]
2026-07-08 17:23:18 | ERROR    | aiogram.dispatcher | Failed to fetch updates - TelegramNetworkError: HTTP Client says - ClientConnectorDNSError: Cannot connect to host api.telegram.org:443 ssl:default [getaddrinfo failed]
2026-07-08 17:23:23 | ERROR    | aiogram.dispatcher | Failed to fetch updates - TelegramNetworkError: HTTP Client says - ClientConnectorDNSError: Cannot connect to host api.telegram.org:443 ssl:default [getaddrinfo failed]
2026-07-08 17:23:28 | ERROR    | aiogram.dispatcher | Failed to fetch updates - TelegramNetworkError: HTTP Client says - ClientConnectorDNSError: Cannot connect to host api.telegram.org:443 ssl:default [getaddrinfo failed]
2026-07-08 17:23:33 | ERROR    | aiogram.dispatcher | Failed to fetch updates - TelegramNetworkError: HTTP Client says - ClientConnectorDNSError: Cannot connect to host api.telegram.org:443 ssl:default [getaddrinfo failed]
2026-07-08 17:23:38 | ERROR    | aiogram.dispatcher | Failed to fetch updates - TelegramNetworkError: HTTP Client says - ClientConnectorDNSError: Cannot connect to host api.telegram.org:443 ssl:default [getaddrinfo failed]
2026-07-08 17:23:43 | ERROR    | aiogram.dispatcher | Failed to fetch updates - TelegramNetworkError: HTTP Client says - ClientConnectorDNSError: Cannot connect to host api.telegram.org:443 ssl:default [getaddrinfo failed]
2026-07-08 17:23:49 | ERROR    | aiogram.dispatcher | Failed to fetch updates - TelegramNetworkError: HTTP Client says - ClientConnectorDNSError: Cannot connect to host api.telegram.org:443 ssl:default [getaddrinfo failed]
2026-07-08 17:23:54 | ERROR    | aiogram.dispatcher | Failed to fetch updates - TelegramNetworkError: HTTP Client says - ClientConnectorDNSError: Cannot connect to host api.telegram.org:443 ssl:default [getaddrinfo failed]
2026-07-08 17:23:59 | ERROR    | aiogram.dispatcher | Failed to fetch updates - TelegramNetworkError: HTTP Client says - ClientConnectorDNSError: Cannot connect to host api.telegram.org:443 ssl:default [getaddrinfo failed]
2026-07-08 17:24:04 | ERROR    | aiogram.dispatcher | Failed to fetch updates - TelegramNetworkError: HTTP Client says - ClientConnectorDNSError: Cannot connect to host api.telegram.org:443 ssl:default [getaddrinfo failed]
2026-07-08 17:24:09 | ERROR    | aiogram.dispatcher | Failed to fetch updates - TelegramNetworkError: HTTP Client says - ClientConnectorDNSError: Cannot connect to host api.telegram.org:443 ssl:default [getaddrinfo failed]
2026-07-08 17:24:14 | ERROR    | aiogram.dispatcher | Failed to fetch updates - TelegramNetworkError: HTTP Client says - ClientConnectorDNSError: Cannot connect to host api.telegram.org:443 ssl:default [getaddrinfo failed]
2026-07-08 17:24:19 | ERROR    | aiogram.dispatcher | Failed to fetch updates - TelegramNetworkError: HTTP Client says - ClientConnectorDNSError: Cannot connect to host api.telegram.org:443 ssl:default [getaddrinfo failed]
2026-07-08 17:24:24 | ERROR    | aiogram.dispatcher | Failed to fetch updates - TelegramNetworkError: HTTP Client says - ClientConnectorDNSError: Cannot connect to host api.telegram.org:443 ssl:default [getaddrinfo failed]
2026-07-08 17:24:29 | ERROR    | aiogram.dispatcher | Failed to fetch updates - TelegramNetworkError: HTTP Client says - ClientConnectorDNSError: Cannot connect to host api.telegram.org:443 ssl:default [getaddrinfo failed]
2026-07-08 17:24:34 | ERROR    | aiogram.dispatcher | Failed to fetch updates - TelegramNetworkError: HTTP Client says - ClientConnectorDNSError: Cannot connect to host api.telegram.org:443 ssl:default [getaddrinfo failed]
2026-07-08 17:24:39 | ERROR    | aiogram.dispatcher | Failed to fetch updates - TelegramNetworkError: HTTP Client says - ClientConnectorDNSError: Cannot connect to host api.telegram.org:443 ssl:default [getaddrinfo failed]
2026-07-08 17:24:44 | ERROR    | aiogram.dispatcher | Failed to fetch updates - TelegramNetworkError: HTTP Client says - ClientConnectorDNSError: Cannot connect to host api.telegram.org:443 ssl:default [getaddrinfo failed]
2026-07-08 17:24:49 | ERROR    | aiogram.dispatcher | Failed to fetch updates - TelegramNetworkError: HTTP Client says - ClientConnectorDNSError: Cannot connect to host api.telegram.org:443 ssl:default [getaddrinfo failed]
2026-07-08 17:24:54 | ERROR    | aiogram.dispatcher | Failed to fetch updates - TelegramNetworkError: HTTP Client says - ClientConnectorDNSError: Cannot connect to host api.telegram.org:443 ssl:default [getaddrinfo failed]
2026-07-08 17:24:59 | ERROR    | aiogram.dispatcher | Failed to fetch updates - TelegramNetworkError: HTTP Client says - ClientConnectorDNSError: Cannot connect to host api.telegram.org:443 ssl:default [getaddrinfo failed]
2026-07-08 17:25:04 | ERROR    | aiogram.dispatcher | Failed to fetch updates - TelegramNetworkError: HTTP Client says - ClientConnectorDNSError: Cannot connect to host api.telegram.org:443 ssl:default [getaddrinfo failed]
2026-07-08 17:25:09 | ERROR    | aiogram.dispatcher | Failed to fetch updates - TelegramNetworkError: HTTP Client says - ClientConnectorDNSError: Cannot connect to host api.telegram.org:443 ssl:default [getaddrinfo failed]
2026-07-08 17:25:14 | ERROR    | aiogram.dispatcher | Failed to fetch updates - TelegramNetworkError: HTTP Client says - ClientConnectorDNSError: Cannot connect to host api.telegram.org:443 ssl:default [getaddrinfo failed]
2026-07-08 17:25:19 | ERROR    | aiogram.dispatcher | Failed to fetch updates - TelegramNetworkError: HTTP Client says - ClientConnectorDNSError: Cannot connect to host api.telegram.org:443 ssl:default [getaddrinfo failed]
2026-07-08 17:25:24 | ERROR    | aiogram.dispatcher | Failed to fetch updates - TelegramNetworkError: HTTP Client says - ClientConnectorDNSError: Cannot connect to host api.telegram.org:443 ssl:default [getaddrinfo failed]
2026-07-08 17:25:29 | ERROR    | aiogram.dispatcher | Failed to fetch updates - TelegramNetworkError: HTTP Client says - ClientConnectorDNSError: Cannot connect to host api.telegram.org:443 ssl:default [getaddrinfo failed]
2026-07-08 17:25:34 | ERROR    | aiogram.dispatcher | Failed to fetch updates - TelegramNetworkError: HTTP Client says - ClientConnectorDNSError: Cannot connect to host api.telegram.org:443 ssl:default [getaddrinfo failed]
2026-07-08 17:25:39 | ERROR    | aiogram.dispatcher | Failed to fetch updates - TelegramNetworkError: HTTP Client says - ClientConnectorDNSError: Cannot connect to host api.telegram.org:443 ssl:default [getaddrinfo failed]
2026-07-08 17:25:45 | ERROR    | aiogram.dispatcher | Failed to fetch updates - TelegramNetworkError: HTTP Client says - ClientConnectorDNSError: Cannot connect to host api.telegram.org:443 ssl:default [getaddrinfo failed]
2026-07-08 17:25:50 | ERROR    | aiogram.dispatcher | Failed to fetch updates - TelegramNetworkError: HTTP Client says - ClientConnectorDNSError: Cannot connect to host api.telegram.org:443 ssl:default [getaddrinfo failed]
2026-07-08 17:25:55 | ERROR    | aiogram.dispatcher | Failed to fetch updates - TelegramNetworkError: HTTP Client says - ClientConnectorDNSError: Cannot connect to host api.telegram.org:443 ssl:default [getaddrinfo failed]
2026-07-08 17:25:59 | ERROR    | aiogram.dispatcher | Failed to fetch updates - TelegramNetworkError: HTTP Client says - ClientConnectorDNSError: Cannot connect to host api.telegram.org:443 ssl:default [getaddrinfo failed]
2026-07-08 17:26:05 | ERROR    | aiogram.dispatcher | Failed to fetch updates - TelegramNetworkError: HTTP Client says - ClientConnectorDNSError: Cannot connect to host api.telegram.org:443 ssl:default [getaddrinfo failed]
2026-07-08 17:26:10 | ERROR    | aiogram.dispatcher | Failed to fetch updates - TelegramNetworkError: HTTP Client says - ClientConnectorDNSError: Cannot connect to host api.telegram.org:443 ssl:default [getaddrinfo failed]
2026-07-08 17:26:15 | ERROR    | aiogram.dispatcher | Failed to fetch updates - TelegramNetworkError: HTTP Client says - ClientConnectorDNSError: Cannot connect to host api.telegram.org:443 ssl:default [getaddrinfo failed]
2026-07-08 17:26:19 | ERROR    | aiogram.dispatcher | Failed to fetch updates - TelegramNetworkError: HTTP Client says - ClientConnectorDNSError: Cannot connect to host api.telegram.org:443 ssl:default [getaddrinfo failed]
2026-07-08 17:26:24 | ERROR    | aiogram.dispatcher | Failed to fetch updates - TelegramNetworkError: HTTP Client says - ClientConnectorDNSError: Cannot connect to host api.telegram.org:443 ssl:default [getaddrinfo failed]
2026-07-08 17:26:30 | ERROR    | aiogram.dispatcher | Failed to fetch updates - TelegramNetworkError: HTTP Client says - ClientConnectorDNSError: Cannot connect to host api.telegram.org:443 ssl:default [getaddrinfo failed]
2026-07-08 17:26:34 | ERROR    | aiogram.dispatcher | Failed to fetch updates - TelegramNetworkError: HTTP Client says - ClientConnectorDNSError: Cannot connect to host api.telegram.org:443 ssl:default [getaddrinfo failed]
2026-07-08 17:26:40 | ERROR    | aiogram.dispatcher | Failed to fetch updates - TelegramNetworkError: HTTP Client says - ClientConnectorDNSError: Cannot connect to host api.telegram.org:443 ssl:default [getaddrinfo failed]
2026-07-08 17:26:44 | ERROR    | aiogram.dispatcher | Failed to fetch updates - TelegramNetworkError: HTTP Client says - ClientConnectorDNSError: Cannot connect to host api.telegram.org:443 ssl:default [getaddrinfo failed]
2026-07-08 17:26:49 | ERROR    | aiogram.dispatcher | Failed to fetch updates - TelegramNetworkError: HTTP Client says - ClientConnectorDNSError: Cannot connect to host api.telegram.org:443 ssl:default [getaddrinfo failed]
2026-07-08 17:26:55 | ERROR    | aiogram.dispatcher | Failed to fetch updates - TelegramNetworkError: HTTP Client says - ClientConnectorDNSError: Cannot connect to host api.telegram.org:443 ssl:default [getaddrinfo failed]
2026-07-08 17:27:00 | ERROR    | aiogram.dispatcher | Failed to fetch updates - TelegramNetworkError: HTTP Client says - ClientConnectorDNSError: Cannot connect to host api.telegram.org:443 ssl:default [getaddrinfo failed]
2026-07-08 17:27:05 | ERROR    | aiogram.dispatcher | Failed to fetch updates - TelegramNetworkError: HTTP Client says - ClientConnectorDNSError: Cannot connect to host api.telegram.org:443 ssl:default [getaddrinfo failed]
2026-07-08 17:27:10 | ERROR    | aiogram.dispatcher | Failed to fetch updates - TelegramNetworkError: HTTP Client says - ClientConnectorDNSError: Cannot connect to host api.telegram.org:443 ssl:default [getaddrinfo failed]
2026-07-08 17:27:14 | ERROR    | aiogram.dispatcher | Failed to fetch updates - TelegramNetworkError: HTTP Client says - ClientConnectorDNSError: Cannot connect to host api.telegram.org:443 ssl:default [getaddrinfo failed]
2026-07-08 17:27:19 | ERROR    | aiogram.dispatcher | Failed to fetch updates - TelegramNetworkError: HTTP Client says - ClientConnectorDNSError: Cannot connect to host api.telegram.org:443 ssl:default [getaddrinfo failed]
2026-07-08 17:27:24 | ERROR    | aiogram.dispatcher | Failed to fetch updates - TelegramNetworkError: HTTP Client says - ClientConnectorDNSError: Cannot connect to host api.telegram.org:443 ssl:default [getaddrinfo failed]
2026-07-08 17:27:29 | ERROR    | aiogram.dispatcher | Failed to fetch updates - TelegramNetworkError: HTTP Client says - ClientConnectorDNSError: Cannot connect to host api.telegram.org:443 ssl:default [getaddrinfo failed]
2026-07-08 17:27:34 | ERROR    | aiogram.dispatcher | Failed to fetch updates - TelegramNetworkError: HTTP Client says - ClientConnectorDNSError: Cannot connect to host api.telegram.org:443 ssl:default [getaddrinfo failed]
2026-07-08 17:27:39 | ERROR    | aiogram.dispatcher | Failed to fetch updates - TelegramNetworkError: HTTP Client says - ClientConnectorDNSError: Cannot connect to host api.telegram.org:443 ssl:default [getaddrinfo failed]
2026-07-08 17:27:44 | ERROR    | aiogram.dispatcher | Failed to fetch updates - TelegramNetworkError: HTTP Client says - ClientConnectorDNSError: Cannot connect to host api.telegram.org:443 ssl:default [getaddrinfo failed]
2026-07-08 17:27:49 | ERROR    | aiogram.dispatcher | Failed to fetch updates - TelegramNetworkError: HTTP Client says - ClientConnectorDNSError: Cannot connect to host api.telegram.org:443 ssl:default [getaddrinfo failed]
2026-07-08 17:27:54 | ERROR    | aiogram.dispatcher | Failed to fetch updates - TelegramNetworkError: HTTP Client says - ClientConnectorDNSError: Cannot connect to host api.telegram.org:443 ssl:default [getaddrinfo failed]
2026-07-08 17:27:59 | ERROR    | aiogram.dispatcher | Failed to fetch updates - TelegramNetworkError: HTTP Client says - ClientConnectorDNSError: Cannot connect to host api.telegram.org:443 ssl:default [getaddrinfo failed]
2026-07-08 17:28:04 | ERROR    | aiogram.dispatcher | Failed to fetch updates - TelegramNetworkError: HTTP Client says - ClientConnectorDNSError: Cannot connect to host api.telegram.org:443 ssl:default [getaddrinfo failed]
2026-07-08 17:28:10 | ERROR    | aiogram.dispatcher | Failed to fetch updates - TelegramNetworkError: HTTP Client says - ClientConnectorDNSError: Cannot connect to host api.telegram.org:443 ssl:default [getaddrinfo failed]
2026-07-08 17:28:14 | ERROR    | aiogram.dispatcher | Failed to fetch updates - TelegramNetworkError: HTTP Client says - ClientConnectorDNSError: Cannot connect to host api.telegram.org:443 ssl:default [getaddrinfo failed]
2026-07-08 17:28:19 | ERROR    | aiogram.dispatcher | Failed to fetch updates - TelegramNetworkError: HTTP Client says - ClientConnectorDNSError: Cannot connect to host api.telegram.org:443 ssl:default [getaddrinfo failed]
2026-07-08 17:28:24 | ERROR    | aiogram.dispatcher | Failed to fetch updates - TelegramNetworkError: HTTP Client says - ClientConnectorDNSError: Cannot connect to host api.telegram.org:443 ssl:default [getaddrinfo failed]
2026-07-08 17:28:29 | ERROR    | aiogram.dispatcher | Failed to fetch updates - TelegramNetworkError: HTTP Client says - ClientConnectorDNSError: Cannot connect to host api.telegram.org:443 ssl:default [getaddrinfo failed]
2026-07-08 17:28:34 | ERROR    | aiogram.dispatcher | Failed to fetch updates - TelegramNetworkError: HTTP Client says - ClientConnectorDNSError: Cannot connect to host api.telegram.org:443 ssl:default [getaddrinfo failed]
2026-07-08 17:28:40 | ERROR    | aiogram.dispatcher | Failed to fetch updates - TelegramNetworkError: HTTP Client says - ClientConnectorDNSError: Cannot connect to host api.telegram.org:443 ssl:default [getaddrinfo failed]
2026-07-08 17:28:45 | ERROR    | aiogram.dispatcher | Failed to fetch updates - TelegramNetworkError: HTTP Client says - ClientConnectorDNSError: Cannot connect to host api.telegram.org:443 ssl:default [getaddrinfo failed]
2026-07-08 17:28:50 | ERROR    | aiogram.dispatcher | Failed to fetch updates - TelegramNetworkError: HTTP Client says - ClientConnectorDNSError: Cannot connect to host api.telegram.org:443 ssl:default [getaddrinfo failed]
2026-07-08 17:28:55 | ERROR    | aiogram.dispatcher | Failed to fetch updates - TelegramNetworkError: HTTP Client says - ClientConnectorDNSError: Cannot connect to host api.telegram.org:443 ssl:default [getaddrinfo failed]
2026-07-08 17:29:00 | ERROR    | aiogram.dispatcher | Failed to fetch updates - TelegramNetworkError: HTTP Client says - ClientConnectorDNSError: Cannot connect to host api.telegram.org:443 ssl:default [getaddrinfo failed]
2026-07-08 17:29:05 | ERROR    | aiogram.dispatcher | Failed to fetch updates - TelegramNetworkError: HTTP Client says - ClientConnectorDNSError: Cannot connect to host api.telegram.org:443 ssl:default [getaddrinfo failed]
2026-07-08 17:29:10 | ERROR    | aiogram.dispatcher | Failed to fetch updates - TelegramNetworkError: HTTP Client says - ClientConnectorDNSError: Cannot connect to host api.telegram.org:443 ssl:default [getaddrinfo failed]
2026-07-08 17:29:15 | ERROR    | aiogram.dispatcher | Failed to fetch updates - TelegramNetworkError: HTTP Client says - ClientConnectorDNSError: Cannot connect to host api.telegram.org:443 ssl:default [getaddrinfo failed]
2026-07-08 17:29:20 | ERROR    | aiogram.dispatcher | Failed to fetch updates - TelegramNetworkError: HTTP Client says - ClientConnectorDNSError: Cannot connect to host api.telegram.org:443 ssl:default [getaddrinfo failed]
2026-07-08 17:29:25 | ERROR    | aiogram.dispatcher | Failed to fetch updates - TelegramNetworkError: HTTP Client says - ClientConnectorDNSError: Cannot connect to host api.telegram.org:443 ssl:default [getaddrinfo failed]
2026-07-08 17:29:30 | ERROR    | aiogram.dispatcher | Failed to fetch updates - TelegramNetworkError: HTTP Client says - ClientConnectorDNSError: Cannot connect to host api.telegram.org:443 ssl:default [getaddrinfo failed]
2026-07-08 17:29:35 | ERROR    | aiogram.dispatcher | Failed to fetch updates - TelegramNetworkError: HTTP Client says - ClientConnectorDNSError: Cannot connect to host api.telegram.org:443 ssl:default [getaddrinfo failed]
2026-07-08 17:29:40 | ERROR    | aiogram.dispatcher | Failed to fetch updates - TelegramNetworkError: HTTP Client says - ClientConnectorDNSError: Cannot connect to host api.telegram.org:443 ssl:default [getaddrinfo failed]
2026-07-08 17:29:45 | ERROR    | aiogram.dispatcher | Failed to fetch updates - TelegramNetworkError: HTTP Client says - ClientConnectorDNSError: Cannot connect to host api.telegram.org:443 ssl:default [getaddrinfo failed]
2026-07-08 17:29:50 | ERROR    | aiogram.dispatcher | Failed to fetch updates - TelegramNetworkError: HTTP Client says - ClientConnectorDNSError: Cannot connect to host api.telegram.org:443 ssl:default [getaddrinfo failed]
2026-07-08 17:29:55 | ERROR    | aiogram.dispatcher | Failed to fetch updates - TelegramNetworkError: HTTP Client says - ClientConnectorDNSError: Cannot connect to host api.telegram.org:443 ssl:default [getaddrinfo failed]
2026-07-08 17:30:00 | ERROR    | aiogram.dispatcher | Failed to fetch updates - TelegramNetworkError: HTTP Client says - ClientConnectorDNSError: Cannot connect to host api.telegram.org:443 ssl:default [getaddrinfo failed]
2026-07-08 17:30:05 | ERROR    | aiogram.dispatcher | Failed to fetch updates - TelegramNetworkError: HTTP Client says - ClientConnectorDNSError: Cannot connect to host api.telegram.org:443 ssl:default [getaddrinfo failed]
2026-07-08 17:30:10 | ERROR    | aiogram.dispatcher | Failed to fetch updates - TelegramNetworkError: HTTP Client says - ClientConnectorDNSError: Cannot connect to host api.telegram.org:443 ssl:default [getaddrinfo failed]
2026-07-08 17:30:15 | ERROR    | aiogram.dispatcher | Failed to fetch updates - TelegramNetworkError: HTTP Client says - ClientConnectorDNSError: Cannot connect to host api.telegram.org:443 ssl:default [getaddrinfo failed]
2026-07-08 17:30:20 | ERROR    | aiogram.dispatcher | Failed to fetch updates - TelegramNetworkError: HTTP Client says - ClientConnectorDNSError: Cannot connect to host api.telegram.org:443 ssl:default [getaddrinfo failed]
2026-07-08 17:30:25 | ERROR    | aiogram.dispatcher | Failed to fetch updates - TelegramNetworkError: HTTP Client says - ClientConnectorDNSError: Cannot connect to host api.telegram.org:443 ssl:default [getaddrinfo failed]
2026-07-08 17:30:30 | ERROR    | aiogram.dispatcher | Failed to fetch updates - TelegramNetworkError: HTTP Client says - ClientConnectorDNSError: Cannot connect to host api.telegram.org:443 ssl:default [getaddrinfo failed]
2026-07-08 17:30:35 | ERROR    | aiogram.dispatcher | Failed to fetch updates - TelegramNetworkError: HTTP Client says - ClientConnectorDNSError: Cannot connect to host api.telegram.org:443 ssl:default [getaddrinfo failed]
2026-07-08 17:30:41 | ERROR    | aiogram.dispatcher | Failed to fetch updates - TelegramNetworkError: HTTP Client says - ClientConnectorDNSError: Cannot connect to host api.telegram.org:443 ssl:default [getaddrinfo failed]
2026-07-08 17:30:45 | ERROR    | aiogram.dispatcher | Failed to fetch updates - TelegramNetworkError: HTTP Client says - ClientConnectorDNSError: Cannot connect to host api.telegram.org:443 ssl:default [getaddrinfo failed]
2026-07-08 17:30:51 | ERROR    | aiogram.dispatcher | Failed to fetch updates - TelegramNetworkError: HTTP Client says - ClientConnectorDNSError: Cannot connect to host api.telegram.org:443 ssl:default [getaddrinfo failed]
2026-07-08 17:30:56 | ERROR    | aiogram.dispatcher | Failed to fetch updates - TelegramNetworkError: HTTP Client says - ClientConnectorDNSError: Cannot connect to host api.telegram.org:443 ssl:default [getaddrinfo failed]
2026-07-08 17:31:01 | ERROR    | aiogram.dispatcher | Failed to fetch updates - TelegramNetworkError: HTTP Client says - ClientConnectorDNSError: Cannot connect to host api.telegram.org:443 ssl:default [getaddrinfo failed]
2026-07-08 17:31:05 | ERROR    | aiogram.dispatcher | Failed to fetch updates - TelegramNetworkError: HTTP Client says - ClientConnectorDNSError: Cannot connect to host api.telegram.org:443 ssl:default [getaddrinfo failed]
2026-07-08 17:31:10 | ERROR    | aiogram.dispatcher | Failed to fetch updates - TelegramNetworkError: HTTP Client says - ClientConnectorDNSError: Cannot connect to host api.telegram.org:443 ssl:default [getaddrinfo failed]
2026-07-08 17:31:16 | ERROR    | aiogram.dispatcher | Failed to fetch updates - TelegramNetworkError: HTTP Client says - ClientConnectorDNSError: Cannot connect to host api.telegram.org:443 ssl:default [getaddrinfo failed]
2026-07-08 17:31:21 | ERROR    | aiogram.dispatcher | Failed to fetch updates - TelegramNetworkError: HTTP Client says - ClientConnectorDNSError: Cannot connect to host api.telegram.org:443 ssl:default [getaddrinfo failed]
2026-07-08 17:31:26 | ERROR    | aiogram.dispatcher | Failed to fetch updates - TelegramNetworkError: HTTP Client says - ClientConnectorDNSError: Cannot connect to host api.telegram.org:443 ssl:default [getaddrinfo failed]
2026-07-08 17:31:31 | ERROR    | aiogram.dispatcher | Failed to fetch updates - TelegramNetworkError: HTTP Client says - ClientConnectorDNSError: Cannot connect to host api.telegram.org:443 ssl:default [getaddrinfo failed]
2026-07-08 17:31:36 | ERROR    | aiogram.dispatcher | Failed to fetch updates - TelegramNetworkError: HTTP Client says - ClientConnectorDNSError: Cannot connect to host api.telegram.org:443 ssl:default [getaddrinfo failed]
2026-07-08 17:31:40 | ERROR    | aiogram.dispatcher | Failed to fetch updates - TelegramNetworkError: HTTP Client says - ClientConnectorDNSError: Cannot connect to host api.telegram.org:443 ssl:default [getaddrinfo failed]
2026-07-08 17:31:45 | ERROR    | aiogram.dispatcher | Failed to fetch updates - TelegramNetworkError: HTTP Client says - ClientConnectorDNSError: Cannot connect to host api.telegram.org:443 ssl:default [getaddrinfo failed]
2026-07-08 17:31:50 | ERROR    | aiogram.dispatcher | Failed to fetch updates - TelegramNetworkError: HTTP Client says - ClientConnectorDNSError: Cannot connect to host api.telegram.org:443 ssl:default [getaddrinfo failed]
2026-07-08 17:31:55 | ERROR    | aiogram.dispatcher | Failed to fetch updates - TelegramNetworkError: HTTP Client says - ClientConnectorDNSError: Cannot connect to host api.telegram.org:443 ssl:default [getaddrinfo failed]
2026-07-08 17:32:00 | ERROR    | aiogram.dispatcher | Failed to fetch updates - TelegramNetworkError: HTTP Client says - ClientConnectorDNSError: Cannot connect to host api.telegram.org:443 ssl:default [getaddrinfo failed]
2026-07-08 17:32:05 | ERROR    | aiogram.dispatcher | Failed to fetch updates - TelegramNetworkError: HTTP Client says - ClientConnectorDNSError: Cannot connect to host api.telegram.org:443 ssl:default [getaddrinfo failed]
2026-07-08 17:32:10 | ERROR    | aiogram.dispatcher | Failed to fetch updates - TelegramNetworkError: HTTP Client says - ClientConnectorDNSError: Cannot connect to host api.telegram.org:443 ssl:default [getaddrinfo failed]
2026-07-08 17:32:15 | ERROR    | aiogram.dispatcher | Failed to fetch updates - TelegramNetworkError: HTTP Client says - ClientConnectorDNSError: Cannot connect to host api.telegram.org:443 ssl:default [getaddrinfo failed]
2026-07-08 17:32:20 | ERROR    | aiogram.dispatcher | Failed to fetch updates - TelegramNetworkError: HTTP Client says - ClientConnectorDNSError: Cannot connect to host api.telegram.org:443 ssl:default [getaddrinfo failed]
2026-07-08 17:32:25 | ERROR    | aiogram.dispatcher | Failed to fetch updates - TelegramNetworkError: HTTP Client says - ClientConnectorDNSError: Cannot connect to host api.telegram.org:443 ssl:default [getaddrinfo failed]
2026-07-08 17:32:30 | ERROR    | aiogram.dispatcher | Failed to fetch updates - TelegramNetworkError: HTTP Client says - ClientConnectorDNSError: Cannot connect to host api.telegram.org:443 ssl:default [getaddrinfo failed]
2026-07-08 17:32:35 | ERROR    | aiogram.dispatcher | Failed to fetch updates - TelegramNetworkError: HTTP Client says - ClientConnectorDNSError: Cannot connect to host api.telegram.org:443 ssl:default [getaddrinfo failed]
2026-07-08 17:32:40 | ERROR    | aiogram.dispatcher | Failed to fetch updates - TelegramNetworkError: HTTP Client says - ClientConnectorDNSError: Cannot connect to host api.telegram.org:443 ssl:default [getaddrinfo failed]
2026-07-08 17:32:46 | ERROR    | aiogram.dispatcher | Failed to fetch updates - TelegramNetworkError: HTTP Client says - ClientConnectorDNSError: Cannot connect to host api.telegram.org:443 ssl:default [getaddrinfo failed]
2026-07-08 17:32:51 | ERROR    | aiogram.dispatcher | Failed to fetch updates - TelegramNetworkError: HTTP Client says - ClientConnectorDNSError: Cannot connect to host api.telegram.org:443 ssl:default [getaddrinfo failed]
2026-07-08 17:32:56 | ERROR    | aiogram.dispatcher | Failed to fetch updates - TelegramNetworkError: HTTP Client says - ClientConnectorDNSError: Cannot connect to host api.telegram.org:443 ssl:default [getaddrinfo failed]
2026-07-08 17:33:01 | ERROR    | aiogram.dispatcher | Failed to fetch updates - TelegramNetworkError: HTTP Client says - ClientConnectorDNSError: Cannot connect to host api.telegram.org:443 ssl:default [getaddrinfo failed]
2026-07-08 17:33:06 | ERROR    | aiogram.dispatcher | Failed to fetch updates - TelegramNetworkError: HTTP Client says - ClientConnectorDNSError: Cannot connect to host api.telegram.org:443 ssl:default [getaddrinfo failed]
2026-07-08 17:33:11 | ERROR    | aiogram.dispatcher | Failed to fetch updates - TelegramNetworkError: HTTP Client says - ClientConnectorDNSError: Cannot connect to host api.telegram.org:443 ssl:default [getaddrinfo failed]
2026-07-08 17:33:16 | ERROR    | aiogram.dispatcher | Failed to fetch updates - TelegramNetworkError: HTTP Client says - ClientConnectorDNSError: Cannot connect to host api.telegram.org:443 ssl:default [getaddrinfo failed]
2026-07-08 17:33:21 | ERROR    | aiogram.dispatcher | Failed to fetch updates - TelegramNetworkError: HTTP Client says - ClientConnectorDNSError: Cannot connect to host api.telegram.org:443 ssl:default [getaddrinfo failed]
2026-07-08 17:33:26 | ERROR    | aiogram.dispatcher | Failed to fetch updates - TelegramNetworkError: HTTP Client says - ClientConnectorDNSError: Cannot connect to host api.telegram.org:443 ssl:default [getaddrinfo failed]
2026-07-08 17:33:31 | ERROR    | aiogram.dispatcher | Failed to fetch updates - TelegramNetworkError: HTTP Client says - ClientConnectorDNSError: Cannot connect to host api.telegram.org:443 ssl:default [getaddrinfo failed]
2026-07-08 17:33:36 | ERROR    | aiogram.dispatcher | Failed to fetch updates - TelegramNetworkError: HTTP Client says - ClientConnectorDNSError: Cannot connect to host api.telegram.org:443 ssl:default [getaddrinfo failed]
2026-07-08 17:33:41 | ERROR    | aiogram.dispatcher | Failed to fetch updates - TelegramNetworkError: HTTP Client says - ClientConnectorDNSError: Cannot connect to host api.telegram.org:443 ssl:default [getaddrinfo failed]
2026-07-08 17:33:46 | ERROR    | aiogram.dispatcher | Failed to fetch updates - TelegramNetworkError: HTTP Client says - ClientConnectorDNSError: Cannot connect to host api.telegram.org:443 ssl:default [getaddrinfo failed]
2026-07-08 17:33:51 | ERROR    | aiogram.dispatcher | Failed to fetch updates - TelegramNetworkError: HTTP Client says - ClientConnectorDNSError: Cannot connect to host api.telegram.org:443 ssl:default [getaddrinfo failed]
2026-07-08 17:33:56 | ERROR    | aiogram.dispatcher | Failed to fetch updates - TelegramNetworkError: HTTP Client says - ClientConnectorDNSError: Cannot connect to host api.telegram.org:443 ssl:default [getaddrinfo failed]
2026-07-08 17:34:01 | ERROR    | aiogram.dispatcher | Failed to fetch updates - TelegramNetworkError: HTTP Client says - ClientConnectorDNSError: Cannot connect to host api.telegram.org:443 ssl:default [getaddrinfo failed]
2026-07-08 17:34:06 | ERROR    | aiogram.dispatcher | Failed to fetch updates - TelegramNetworkError: HTTP Client says - ClientConnectorDNSError: Cannot connect to host api.telegram.org:443 ssl:default [getaddrinfo failed]
2026-07-08 17:34:11 | ERROR    | aiogram.dispatcher | Failed to fetch updates - TelegramNetworkError: HTTP Client says - ClientConnectorDNSError: Cannot connect to host api.telegram.org:443 ssl:default [getaddrinfo failed]
2026-07-08 17:34:16 | ERROR    | aiogram.dispatcher | Failed to fetch updates - TelegramNetworkError: HTTP Client says - ClientConnectorDNSError: Cannot connect to host api.telegram.org:443 ssl:default [getaddrinfo failed]
2026-07-08 17:34:21 | ERROR    | aiogram.dispatcher | Failed to fetch updates - TelegramNetworkError: HTTP Client says - ClientConnectorDNSError: Cannot connect to host api.telegram.org:443 ssl:default [getaddrinfo failed]
2026-07-08 17:34:26 | ERROR    | aiogram.dispatcher | Failed to fetch updates - TelegramNetworkError: HTTP Client says - ClientConnectorDNSError: Cannot connect to host api.telegram.org:443 ssl:default [getaddrinfo failed]
2026-07-08 17:34:31 | ERROR    | aiogram.dispatcher | Failed to fetch updates - TelegramNetworkError: HTTP Client says - ClientConnectorDNSError: Cannot connect to host api.telegram.org:443 ssl:default [getaddrinfo failed]
2026-07-08 17:34:36 | ERROR    | aiogram.dispatcher | Failed to fetch updates - TelegramNetworkError: HTTP Client says - ClientConnectorDNSError: Cannot connect to host api.telegram.org:443 ssl:default [getaddrinfo failed]
2026-07-08 17:34:41 | ERROR    | aiogram.dispatcher | Failed to fetch updates - TelegramNetworkError: HTTP Client says - ClientConnectorDNSError: Cannot connect to host api.telegram.org:443 ssl:default [getaddrinfo failed]
2026-07-08 17:34:46 | ERROR    | aiogram.dispatcher | Failed to fetch updates - TelegramNetworkError: HTTP Client says - ClientConnectorDNSError: Cannot connect to host api.telegram.org:443 ssl:default [getaddrinfo failed]
2026-07-08 17:34:51 | ERROR    | aiogram.dispatcher | Failed to fetch updates - TelegramNetworkError: HTTP Client says - ClientConnectorDNSError: Cannot connect to host api.telegram.org:443 ssl:default [getaddrinfo failed]
2026-07-08 17:34:56 | ERROR    | aiogram.dispatcher | Failed to fetch updates - TelegramNetworkError: HTTP Client says - ClientConnectorDNSError: Cannot connect to host api.telegram.org:443 ssl:default [getaddrinfo failed]
2026-07-08 17:35:01 | ERROR    | aiogram.dispatcher | Failed to fetch updates - TelegramNetworkError: HTTP Client says - ClientConnectorDNSError: Cannot connect to host api.telegram.org:443 ssl:default [getaddrinfo failed]
2026-07-08 17:35:06 | ERROR    | aiogram.dispatcher | Failed to fetch updates - TelegramNetworkError: HTTP Client says - ClientConnectorDNSError: Cannot connect to host api.telegram.org:443 ssl:default [getaddrinfo failed]
2026-07-08 17:35:11 | ERROR    | aiogram.dispatcher | Failed to fetch updates - TelegramNetworkError: HTTP Client says - ClientConnectorDNSError: Cannot connect to host api.telegram.org:443 ssl:default [getaddrinfo failed]
2026-07-08 17:35:16 | ERROR    | aiogram.dispatcher | Failed to fetch updates - TelegramNetworkError: HTTP Client says - ClientConnectorDNSError: Cannot connect to host api.telegram.org:443 ssl:default [getaddrinfo failed]
2026-07-08 17:35:21 | ERROR    | aiogram.dispatcher | Failed to fetch updates - TelegramNetworkError: HTTP Client says - ClientConnectorDNSError: Cannot connect to host api.telegram.org:443 ssl:default [getaddrinfo failed]
2026-07-08 17:35:26 | ERROR    | aiogram.dispatcher | Failed to fetch updates - TelegramNetworkError: HTTP Client says - ClientConnectorDNSError: Cannot connect to host api.telegram.org:443 ssl:default [getaddrinfo failed]
2026-07-08 17:35:31 | ERROR    | aiogram.dispatcher | Failed to fetch updates - TelegramNetworkError: HTTP Client says - ClientConnectorDNSError: Cannot connect to host api.telegram.org:443 ssl:default [getaddrinfo failed]
2026-07-08 17:35:36 | ERROR    | aiogram.dispatcher | Failed to fetch updates - TelegramNetworkError: HTTP Client says - ClientConnectorDNSError: Cannot connect to host api.telegram.org:443 ssl:default [getaddrinfo failed]
2026-07-08 17:35:41 | ERROR    | aiogram.dispatcher | Failed to fetch updates - TelegramNetworkError: HTTP Client says - ClientConnectorDNSError: Cannot connect to host api.telegram.org:443 ssl:default [getaddrinfo failed]
2026-07-08 17:35:46 | ERROR    | aiogram.dispatcher | Failed to fetch updates - TelegramNetworkError: HTTP Client says - ClientConnectorDNSError: Cannot connect to host api.telegram.org:443 ssl:default [getaddrinfo failed]
2026-07-08 17:35:51 | ERROR    | aiogram.dispatcher | Failed to fetch updates - TelegramNetworkError: HTTP Client says - ClientConnectorDNSError: Cannot connect to host api.telegram.org:443 ssl:default [getaddrinfo failed]
2026-07-08 17:35:56 | ERROR    | aiogram.dispatcher | Failed to fetch updates - TelegramNetworkError: HTTP Client says - ClientConnectorDNSError: Cannot connect to host api.telegram.org:443 ssl:default [getaddrinfo failed]
2026-07-08 17:36:01 | ERROR    | aiogram.dispatcher | Failed to fetch updates - TelegramNetworkError: HTTP Client says - ClientConnectorDNSError: Cannot connect to host api.telegram.org:443 ssl:default [getaddrinfo failed]
2026-07-08 17:36:06 | ERROR    | aiogram.dispatcher | Failed to fetch updates - TelegramNetworkError: HTTP Client says - ClientConnectorDNSError: Cannot connect to host api.telegram.org:443 ssl:default [getaddrinfo failed]
2026-07-08 17:36:11 | ERROR    | aiogram.dispatcher | Failed to fetch updates - TelegramNetworkError: HTTP Client says - ClientConnectorDNSError: Cannot connect to host api.telegram.org:443 ssl:default [getaddrinfo failed]
2026-07-08 17:36:16 | ERROR    | aiogram.dispatcher | Failed to fetch updates - TelegramNetworkError: HTTP Client says - ClientConnectorDNSError: Cannot connect to host api.telegram.org:443 ssl:default [getaddrinfo failed]
2026-07-08 17:36:21 | ERROR    | aiogram.dispatcher | Failed to fetch updates - TelegramNetworkError: HTTP Client says - ClientConnectorDNSError: Cannot connect to host api.telegram.org:443 ssl:default [getaddrinfo failed]
2026-07-08 17:36:26 | ERROR    | aiogram.dispatcher | Failed to fetch updates - TelegramNetworkError: HTTP Client says - ClientConnectorDNSError: Cannot connect to host api.telegram.org:443 ssl:default [getaddrinfo failed]
2026-07-08 17:36:31 | ERROR    | aiogram.dispatcher | Failed to fetch updates - TelegramNetworkError: HTTP Client says - ClientConnectorDNSError: Cannot connect to host api.telegram.org:443 ssl:default [getaddrinfo failed]
2026-07-08 17:36:36 | ERROR    | aiogram.dispatcher | Failed to fetch updates - TelegramNetworkError: HTTP Client says - ClientConnectorDNSError: Cannot connect to host api.telegram.org:443 ssl:default [getaddrinfo failed]
2026-07-08 17:36:41 | ERROR    | aiogram.dispatcher | Failed to fetch updates - TelegramNetworkError: HTTP Client says - ClientConnectorDNSError: Cannot connect to host api.telegram.org:443 ssl:default [getaddrinfo failed]
2026-07-08 17:36:46 | ERROR    | aiogram.dispatcher | Failed to fetch updates - TelegramNetworkError: HTTP Client says - ClientConnectorDNSError: Cannot connect to host api.telegram.org:443 ssl:default [getaddrinfo failed]
2026-07-08 17:36:51 | ERROR    | aiogram.dispatcher | Failed to fetch updates - TelegramNetworkError: HTTP Client says - ClientConnectorDNSError: Cannot connect to host api.telegram.org:443 ssl:default [getaddrinfo failed]
2026-07-08 17:36:56 | ERROR    | aiogram.dispatcher | Failed to fetch updates - TelegramNetworkError: HTTP Client says - ClientConnectorDNSError: Cannot connect to host api.telegram.org:443 ssl:default [getaddrinfo failed]
2026-07-08 17:37:01 | ERROR    | aiogram.dispatcher | Failed to fetch updates - TelegramNetworkError: HTTP Client says - ClientConnectorDNSError: Cannot connect to host api.telegram.org:443 ssl:default [getaddrinfo failed]
2026-07-08 17:37:06 | ERROR    | aiogram.dispatcher | Failed to fetch updates - TelegramNetworkError: HTTP Client says - ClientConnectorDNSError: Cannot connect to host api.telegram.org:443 ssl:default [getaddrinfo failed]
2026-07-08 17:37:11 | ERROR    | aiogram.dispatcher | Failed to fetch updates - TelegramNetworkError: HTTP Client says - ClientConnectorDNSError: Cannot connect to host api.telegram.org:443 ssl:default [getaddrinfo failed]
2026-07-08 17:37:16 | ERROR    | aiogram.dispatcher | Failed to fetch updates - TelegramNetworkError: HTTP Client says - ClientConnectorDNSError: Cannot connect to host api.telegram.org:443 ssl:default [getaddrinfo failed]
2026-07-08 17:37:21 | ERROR    | aiogram.dispatcher | Failed to fetch updates - TelegramNetworkError: HTTP Client says - ClientConnectorDNSError: Cannot connect to host api.telegram.org:443 ssl:default [getaddrinfo failed]
2026-07-08 17:37:26 | ERROR    | aiogram.dispatcher | Failed to fetch updates - TelegramNetworkError: HTTP Client says - ClientConnectorDNSError: Cannot connect to host api.telegram.org:443 ssl:default [getaddrinfo failed]
2026-07-08 17:37:31 | ERROR    | aiogram.dispatcher | Failed to fetch updates - TelegramNetworkError: HTTP Client says - ClientConnectorDNSError: Cannot connect to host api.telegram.org:443 ssl:default [getaddrinfo failed]
2026-07-08 17:37:36 | ERROR    | aiogram.dispatcher | Failed to fetch updates - TelegramNetworkError: HTTP Client says - ClientConnectorDNSError: Cannot connect to host api.telegram.org:443 ssl:default [getaddrinfo failed]
2026-07-08 17:37:41 | ERROR    | aiogram.dispatcher | Failed to fetch updates - TelegramNetworkError: HTTP Client says - ClientConnectorDNSError: Cannot connect to host api.telegram.org:443 ssl:default [getaddrinfo failed]
2026-07-08 17:37:46 | ERROR    | aiogram.dispatcher | Failed to fetch updates - TelegramNetworkError: HTTP Client says - ClientConnectorDNSError: Cannot connect to host api.telegram.org:443 ssl:default [getaddrinfo failed]
2026-07-08 17:37:51 | ERROR    | aiogram.dispatcher | Failed to fetch updates - TelegramNetworkError: HTTP Client says - ClientConnectorDNSError: Cannot connect to host api.telegram.org:443 ssl:default [getaddrinfo failed]
2026-07-08 17:37:56 | ERROR    | aiogram.dispatcher | Failed to fetch updates - TelegramNetworkError: HTTP Client says - ClientConnectorDNSError: Cannot connect to host api.telegram.org:443 ssl:default [getaddrinfo failed]
2026-07-08 17:38:01 | ERROR    | aiogram.dispatcher | Failed to fetch updates - TelegramNetworkError: HTTP Client says - ClientConnectorDNSError: Cannot connect to host api.telegram.org:443 ssl:default [getaddrinfo failed]
2026-07-08 17:38:06 | ERROR    | aiogram.dispatcher | Failed to fetch updates - TelegramNetworkError: HTTP Client says - ClientConnectorDNSError: Cannot connect to host api.telegram.org:443 ssl:default [getaddrinfo failed]
2026-07-08 17:38:11 | ERROR    | aiogram.dispatcher | Failed to fetch updates - TelegramNetworkError: HTTP Client says - ClientConnectorDNSError: Cannot connect to host api.telegram.org:443 ssl:default [getaddrinfo failed]
2026-07-08 17:38:21 | ERROR    | aiogram.dispatcher | Failed to fetch updates - TelegramConflictError: Telegram server says - Conflict: terminated by other getUpdates request; make sure that only one bot instance is running
2026-07-08 17:38:31 | ERROR    | aiogram.dispatcher | Failed to fetch updates - TelegramConflictError: Telegram server says - Conflict: terminated by other getUpdates request; make sure that only one bot instance is running
2026-07-08 17:38:41 | ERROR    | aiogram.dispatcher | Failed to fetch updates - TelegramConflictError: Telegram server says - Conflict: terminated by other getUpdates request; make sure that only one bot instance is running
2026-07-08 17:38:52 | ERROR    | aiogram.dispatcher | Failed to fetch updates - TelegramConflictError: Telegram server says - Conflict: terminated by other getUpdates request; make sure that only one bot instance is running
2026-07-08 17:39:01 | ERROR    | aiogram.dispatcher | Failed to fetch updates - TelegramConflictError: Telegram server says - Conflict: terminated by other getUpdates request; make sure that only one bot instance is running
2026-07-08 17:39:10 | ERROR    | aiogram.dispatcher | Failed to fetch updates - TelegramConflictError: Telegram server says - Conflict: terminated by other getUpdates request; make sure that only one bot instance is running
2026-07-08 17:39:20 | ERROR    | aiogram.dispatcher | Failed to fetch updates - TelegramConflictError: Telegram server says - Conflict: terminated by other getUpdates request; make sure that only one bot instance is running
2026-07-08 17:39:31 | ERROR    | aiogram.dispatcher | Failed to fetch updates - TelegramConflictError: Telegram server says - Conflict: terminated by other getUpdates request; make sure that only one bot instance is running
2026-07-08 17:39:41 | ERROR    | aiogram.dispatcher | Failed to fetch updates - TelegramConflictError: Telegram server says - Conflict: terminated by other getUpdates request; make sure that only one bot instance is running
2026-07-08 17:39:51 | ERROR    | aiogram.dispatcher | Failed to fetch updates - TelegramConflictError: Telegram server says - Conflict: terminated by other getUpdates request; make sure that only one bot instance is running
2026-07-08 17:40:02 | ERROR    | aiogram.dispatcher | Failed to fetch updates - TelegramConflictError: Telegram server says - Conflict: terminated by other getUpdates request; make sure that only one bot instance is running
2026-07-08 17:40:12 | ERROR    | aiogram.dispatcher | Failed to fetch updates - TelegramConflictError: Telegram server says - Conflict: terminated by other getUpdates request; make sure that only one bot instance is running
2026-07-08 17:40:23 | ERROR    | aiogram.dispatcher | Failed to fetch updates - TelegramConflictError: Telegram server says - Conflict: terminated by other getUpdates request; make sure that only one bot instance is running
2026-07-08 17:40:33 | ERROR    | aiogram.dispatcher | Failed to fetch updates - TelegramConflictError: Telegram server says - Conflict: terminated by other getUpdates request; make sure that only one bot instance is running
2026-07-08 17:40:44 | ERROR    | aiogram.dispatcher | Failed to fetch updates - TelegramConflictError: Telegram server says - Conflict: terminated by other getUpdates request; make sure that only one bot instance is running
2026-07-08 17:40:54 | ERROR    | aiogram.dispatcher | Failed to fetch updates - TelegramConflictError: Telegram server says - Conflict: terminated by other getUpdates request; make sure that only one bot instance is running
2026-07-08 17:41:05 | ERROR    | aiogram.dispatcher | Failed to fetch updates - TelegramConflictError: Telegram server says - Conflict: terminated by other getUpdates request; make sure that only one bot instance is running
2026-07-08 17:41:15 | ERROR    | aiogram.dispatcher | Failed to fetch updates - TelegramConflictError: Telegram server says - Conflict: terminated by other getUpdates request; make sure that only one bot instance is running
2026-07-08 17:41:25 | ERROR    | aiogram.dispatcher | Failed to fetch updates - TelegramConflictError: Telegram server says - Conflict: terminated by other getUpdates request; make sure that only one bot instance is running
2026-07-08 17:41:36 | ERROR    | aiogram.dispatcher | Failed to fetch updates - TelegramConflictError: Telegram server says - Conflict: terminated by other getUpdates request; make sure that only one bot instance is running
2026-07-08 17:41:47 | ERROR    | aiogram.dispatcher | Failed to fetch updates - TelegramConflictError: Telegram server says - Conflict: terminated by other getUpdates request; make sure that only one bot instance is running
2026-07-08 17:41:57 | ERROR    | aiogram.dispatcher | Failed to fetch updates - TelegramConflictError: Telegram server says - Conflict: terminated by other getUpdates request; make sure that only one bot instance is running
2026-07-08 17:42:07 | ERROR    | aiogram.dispatcher | Failed to fetch updates - TelegramConflictError: Telegram server says - Conflict: terminated by other getUpdates request; make sure that only one bot instance is running
2026-07-08 17:42:18 | ERROR    | aiogram.dispatcher | Failed to fetch updates - TelegramConflictError: Telegram server says - Conflict: terminated by other getUpdates request; make sure that only one bot instance is running
2026-07-08 17:42:28 | ERROR    | aiogram.dispatcher | Failed to fetch updates - TelegramConflictError: Telegram server says - Conflict: terminated by other getUpdates request; make sure that only one bot instance is running
2026-07-08 17:42:38 | ERROR    | aiogram.dispatcher | Failed to fetch updates - TelegramConflictError: Telegram server says - Conflict: terminated by other getUpdates request; make sure that only one bot instance is running
2026-07-08 17:42:48 | ERROR    | aiogram.dispatcher | Failed to fetch updates - TelegramConflictError: Telegram server says - Conflict: terminated by other getUpdates request; make sure that only one bot instance is running
2026-07-08 17:42:59 | ERROR    | aiogram.dispatcher | Failed to fetch updates - TelegramConflictError: Telegram server says - Conflict: terminated by other getUpdates request; make sure that only one bot instance is running
2026-07-08 17:43:25 | ERROR    | aiogram.dispatcher | Failed to fetch updates - TelegramConflictError: Telegram server says - Conflict: terminated by other getUpdates request; make sure that only one bot instance is running
2026-07-08 17:43:35 | ERROR    | aiogram.dispatcher | Failed to fetch updates - TelegramConflictError: Telegram server says - Conflict: terminated by other getUpdates request; make sure that only one bot instance is running
2026-07-08 17:43:45 | ERROR    | aiogram.dispatcher | Failed to fetch updates - TelegramConflictError: Telegram server says - Conflict: terminated by other getUpdates request; make sure that only one bot instance is running
2026-07-08 17:43:55 | ERROR    | aiogram.dispatcher | Failed to fetch updates - TelegramConflictError: Telegram server says - Conflict: terminated by other getUpdates request; make sure that only one bot instance is running
2026-07-08 17:44:05 | ERROR    | aiogram.dispatcher | Failed to fetch updates - TelegramConflictError: Telegram server says - Conflict: terminated by other getUpdates request; make sure that only one bot instance is running
2026-07-08 17:44:13 | ERROR    | aiogram.dispatcher | Failed to fetch updates - TelegramConflictError: Telegram server says - Conflict: terminated by other getUpdates request; make sure that only one bot instance is running
2026-07-08 17:44:23 | ERROR    | aiogram.dispatcher | Failed to fetch updates - TelegramConflictError: Telegram server says - Conflict: terminated by other getUpdates request; make sure that only one bot instance is running
2026-07-08 17:44:33 | ERROR    | aiogram.dispatcher | Failed to fetch updates - TelegramConflictError: Telegram server says - Conflict: terminated by other getUpdates request; make sure that only one bot instance is running
2026-07-08 17:44:44 | ERROR    | aiogram.dispatcher | Failed to fetch updates - TelegramConflictError: Telegram server says - Conflict: terminated by other getUpdates request; make sure that only one bot instance is running
2026-07-08 17:44:54 | ERROR    | aiogram.dispatcher | Failed to fetch updates - TelegramConflictError: Telegram server says - Conflict: terminated by other getUpdates request; make sure that only one bot instance is running
2026-07-08 17:45:04 | ERROR    | aiogram.dispatcher | Failed to fetch updates - TelegramConflictError: Telegram server says - Conflict: terminated by other getUpdates request; make sure that only one bot instance is running
2026-07-08 17:45:14 | ERROR    | aiogram.dispatcher | Failed to fetch updates - TelegramConflictError: Telegram server says - Conflict: terminated by other getUpdates request; make sure that only one bot instance is running
2026-07-08 17:45:25 | ERROR    | aiogram.dispatcher | Failed to fetch updates - TelegramConflictError: Telegram server says - Conflict: terminated by other getUpdates request; make sure that only one bot instance is running
2026-07-08 17:45:35 | ERROR    | aiogram.dispatcher | Failed to fetch updates - TelegramConflictError: Telegram server says - Conflict: terminated by other getUpdates request; make sure that only one bot instance is running
2026-07-08 17:45:45 | ERROR    | aiogram.dispatcher | Failed to fetch updates - TelegramConflictError: Telegram server says - Conflict: terminated by other getUpdates request; make sure that only one bot instance is running
2026-07-08 17:45:56 | ERROR    | aiogram.dispatcher | Failed to fetch updates - TelegramConflictError: Telegram server says - Conflict: terminated by other getUpdates request; make sure that only one bot instance is running
2026-07-08 17:46:06 | ERROR    | aiogram.dispatcher | Failed to fetch updates - TelegramConflictError: Telegram server says - Conflict: terminated by other getUpdates request; make sure that only one bot instance is running
2026-07-08 17:46:16 | ERROR    | aiogram.dispatcher | Failed to fetch updates - TelegramConflictError: Telegram server says - Conflict: terminated by other getUpdates request; make sure that only one bot instance is running
2026-07-08 17:46:26 | ERROR    | aiogram.dispatcher | Failed to fetch updates - TelegramConflictError: Telegram server says - Conflict: terminated by other getUpdates request; make sure that only one bot instance is running
2026-07-08 17:46:37 | ERROR    | aiogram.dispatcher | Failed to fetch updates - TelegramConflictError: Telegram server says - Conflict: terminated by other getUpdates request; make sure that only one bot instance is running
2026-07-08 17:46:47 | ERROR    | aiogram.dispatcher | Failed to fetch updates - TelegramConflictError: Telegram server says - Conflict: terminated by other getUpdates request; make sure that only one bot instance is running
2026-07-08 17:46:57 | ERROR    | aiogram.dispatcher | Failed to fetch updates - TelegramConflictError: Telegram server says - Conflict: terminated by other getUpdates request; make sure that only one bot instance is running
2026-07-08 17:47:08 | ERROR    | aiogram.dispatcher | Failed to fetch updates - TelegramConflictError: Telegram server says - Conflict: terminated by other getUpdates request; make sure that only one bot instance is running
2026-07-08 17:47:18 | ERROR    | aiogram.dispatcher | Failed to fetch updates - TelegramConflictError: Telegram server says - Conflict: terminated by other getUpdates request; make sure that only one bot instance is running
2026-07-08 17:47:28 | ERROR    | aiogram.dispatcher | Failed to fetch updates - TelegramConflictError: Telegram server says - Conflict: terminated by other getUpdates request; make sure that only one bot instance is running
2026-07-08 17:47:39 | ERROR    | aiogram.dispatcher | Failed to fetch updates - TelegramConflictError: Telegram server says - Conflict: terminated by other getUpdates request; make sure that only one bot instance is running
2026-07-08 17:47:49 | ERROR    | aiogram.dispatcher | Failed to fetch updates - TelegramConflictError: Telegram server says - Conflict: terminated by other getUpdates request; make sure that only one bot instance is running
2026-07-08 17:47:59 | ERROR    | aiogram.dispatcher | Failed to fetch updates - TelegramConflictError: Telegram server says - Conflict: terminated by other getUpdates request; make sure that only one bot instance is running
2026-07-08 17:48:10 | ERROR    | aiogram.dispatcher | Failed to fetch updates - TelegramConflictError: Telegram server says - Conflict: terminated by other getUpdates request; make sure that only one bot instance is running
2026-07-08 17:48:20 | ERROR    | aiogram.dispatcher | Failed to fetch updates - TelegramConflictError: Telegram server says - Conflict: terminated by other getUpdates request; make sure that only one bot instance is running
2026-07-08 17:48:30 | ERROR    | aiogram.dispatcher | Failed to fetch updates - TelegramConflictError: Telegram server says - Conflict: terminated by other getUpdates request; make sure that only one bot instance is running
2026-07-08 17:48:41 | ERROR    | aiogram.dispatcher | Failed to fetch updates - TelegramConflictError: Telegram server says - Conflict: terminated by other getUpdates request; make sure that only one bot instance is running
2026-07-08 17:48:51 | ERROR    | aiogram.dispatcher | Failed to fetch updates - TelegramConflictError: Telegram server says - Conflict: terminated by other getUpdates request; make sure that only one bot instance is running
2026-07-08 17:49:01 | ERROR    | aiogram.dispatcher | Failed to fetch updates - TelegramConflictError: Telegram server says - Conflict: terminated by other getUpdates request; make sure that only one bot instance is running
2026-07-08 17:49:11 | ERROR    | aiogram.dispatcher | Failed to fetch updates - TelegramConflictError: Telegram server says - Conflict: terminated by other getUpdates request; make sure that only one bot instance is running
2026-07-08 17:49:22 | ERROR    | aiogram.dispatcher | Failed to fetch updates - TelegramConflictError: Telegram server says - Conflict: terminated by other getUpdates request; make sure that only one bot instance is running
2026-07-08 17:49:32 | ERROR    | aiogram.dispatcher | Failed to fetch updates - TelegramConflictError: Telegram server says - Conflict: terminated by other getUpdates request; make sure that only one bot instance is running
2026-07-08 17:49:42 | ERROR    | aiogram.dispatcher | Failed to fetch updates - TelegramConflictError: Telegram server says - Conflict: terminated by other getUpdates request; make sure that only one bot instance is running
2026-07-08 17:49:52 | ERROR    | aiogram.dispatcher | Failed to fetch updates - TelegramConflictError: Telegram server says - Conflict: terminated by other getUpdates request; make sure that only one bot instance is running
2026-07-08 17:50:02 | ERROR    | aiogram.dispatcher | Failed to fetch updates - TelegramConflictError: Telegram server says - Conflict: terminated by other getUpdates request; make sure that only one bot instance is running
2026-07-08 17:50:13 | ERROR    | aiogram.dispatcher | Failed to fetch updates - TelegramConflictError: Telegram server says - Conflict: terminated by other getUpdates request; make sure that only one bot instance is running
2026-07-08 17:50:23 | ERROR    | aiogram.dispatcher | Failed to fetch updates - TelegramConflictError: Telegram server says - Conflict: terminated by other getUpdates request; make sure that only one bot instance is running
2026-07-08 17:50:33 | ERROR    | aiogram.dispatcher | Failed to fetch updates - TelegramConflictError: Telegram server says - Conflict: terminated by other getUpdates request; make sure that only one bot instance is running
2026-07-08 17:50:43 | ERROR    | aiogram.dispatcher | Failed to fetch updates - TelegramConflictError: Telegram server says - Conflict: terminated by other getUpdates request; make sure that only one bot instance is running
2026-07-08 17:50:54 | ERROR    | aiogram.dispatcher | Failed to fetch updates - TelegramConflictError: Telegram server says - Conflict: terminated by other getUpdates request; make sure that only one bot instance is running
2026-07-08 17:51:04 | ERROR    | aiogram.dispatcher | Failed to fetch updates - TelegramConflictError: Telegram server says - Conflict: terminated by other getUpdates request; make sure that only one bot instance is running
2026-07-08 17:51:15 | ERROR    | aiogram.dispatcher | Failed to fetch updates - TelegramConflictError: Telegram server says - Conflict: terminated by other getUpdates request; make sure that only one bot instance is running
2026-07-08 17:51:25 | ERROR    | aiogram.dispatcher | Failed to fetch updates - TelegramConflictError: Telegram server says - Conflict: terminated by other getUpdates request; make sure that only one bot instance is running
2026-07-08 17:51:35 | ERROR    | aiogram.dispatcher | Failed to fetch updates - TelegramConflictError: Telegram server says - Conflict: terminated by other getUpdates request; make sure that only one bot instance is running
2026-07-08 17:51:46 | ERROR    | aiogram.dispatcher | Failed to fetch updates - TelegramConflictError: Telegram server says - Conflict: terminated by other getUpdates request; make sure that only one bot instance is running
2026-07-08 17:51:56 | ERROR    | aiogram.dispatcher | Failed to fetch updates - TelegramConflictError: Telegram server says - Conflict: terminated by other getUpdates request; make sure that only one bot instance is running
2026-07-08 17:52:06 | ERROR    | aiogram.dispatcher | Failed to fetch updates - TelegramConflictError: Telegram server says - Conflict: terminated by other getUpdates request; make sure that only one bot instance is running
2026-07-08 17:52:17 | ERROR    | aiogram.dispatcher | Failed to fetch updates - TelegramConflictError: Telegram server says - Conflict: terminated by other getUpdates request; make sure that only one bot instance is running
2026-07-08 17:52:27 | ERROR    | aiogram.dispatcher | Failed to fetch updates - TelegramConflictError: Telegram server says - Conflict: terminated by other getUpdates request; make sure that only one bot instance is running
2026-07-08 17:52:38 | ERROR    | aiogram.dispatcher | Failed to fetch updates - TelegramConflictError: Telegram server says - Conflict: terminated by other getUpdates request; make sure that only one bot instance is running
2026-07-08 17:52:48 | ERROR    | aiogram.dispatcher | Failed to fetch updates - TelegramConflictError: Telegram server says - Conflict: terminated by other getUpdates request; make sure that only one bot instance is running
2026-07-08 17:52:58 | ERROR    | aiogram.dispatcher | Failed to fetch updates - TelegramConflictError: Telegram server says - Conflict: terminated by other getUpdates request; make sure that only one bot instance is running
2026-07-08 17:53:09 | ERROR    | aiogram.dispatcher | Failed to fetch updates - TelegramConflictError: Telegram server says - Conflict: terminated by other getUpdates request; make sure that only one bot instance is running
2026-07-08 17:53:19 | ERROR    | aiogram.dispatcher | Failed to fetch updates - TelegramConflictError: Telegram server says - Conflict: terminated by other getUpdates request; make sure that only one bot instance is running
2026-07-08 17:53:29 | ERROR    | aiogram.dispatcher | Failed to fetch updates - TelegramConflictError: Telegram server says - Conflict: terminated by other getUpdates request; make sure that only one bot instance is running
2026-07-08 17:53:39 | ERROR    | aiogram.dispatcher | Failed to fetch updates - TelegramConflictError: Telegram server says - Conflict: terminated by other getUpdates request; make sure that only one bot instance is running
2026-07-08 17:53:50 | ERROR    | aiogram.dispatcher | Failed to fetch updates - TelegramConflictError: Telegram server says - Conflict: terminated by other getUpdates request; make sure that only one bot instance is running
2026-07-08 17:54:00 | ERROR    | aiogram.dispatcher | Failed to fetch updates - TelegramConflictError: Telegram server says - Conflict: terminated by other getUpdates request; make sure that only one bot instance is running
2026-07-08 17:54:10 | ERROR    | aiogram.dispatcher | Failed to fetch updates - TelegramConflictError: Telegram server says - Conflict: terminated by other getUpdates request; make sure that only one bot instance is running
2026-07-08 17:54:20 | ERROR    | aiogram.dispatcher | Failed to fetch updates - TelegramConflictError: Telegram server says - Conflict: terminated by other getUpdates request; make sure that only one bot instance is running
2026-07-08 17:54:31 | ERROR    | aiogram.dispatcher | Failed to fetch updates - TelegramConflictError: Telegram server says - Conflict: terminated by other getUpdates request; make sure that only one bot instance is running
2026-07-08 17:54:41 | ERROR    | aiogram.dispatcher | Failed to fetch updates - TelegramConflictError: Telegram server says - Conflict: terminated by other getUpdates request; make sure that only one bot instance is running
2026-07-08 17:54:52 | ERROR    | aiogram.dispatcher | Failed to fetch updates - TelegramConflictError: Telegram server says - Conflict: terminated by other getUpdates request; make sure that only one bot instance is running
2026-07-08 17:55:02 | ERROR    | aiogram.dispatcher | Failed to fetch updates - TelegramConflictError: Telegram server says - Conflict: terminated by other getUpdates request; make sure that only one bot instance is running
2026-07-08 17:55:12 | ERROR    | aiogram.dispatcher | Failed to fetch updates - TelegramConflictError: Telegram server says - Conflict: terminated by other getUpdates request; make sure that only one bot instance is running
2026-07-08 17:55:23 | ERROR    | aiogram.dispatcher | Failed to fetch updates - TelegramConflictError: Telegram server says - Conflict: terminated by other getUpdates request; make sure that only one bot instance is running
2026-07-08 17:55:33 | ERROR    | aiogram.dispatcher | Failed to fetch updates - TelegramConflictError: Telegram server says - Conflict: terminated by other getUpdates request; make sure that only one bot instance is running
2026-07-08 17:55:43 | ERROR    | aiogram.dispatcher | Failed to fetch updates - TelegramConflictError: Telegram server says - Conflict: terminated by other getUpdates request; make sure that only one bot instance is running
2026-07-08 17:55:54 | ERROR    | aiogram.dispatcher | Failed to fetch updates - TelegramConflictError: Telegram server says - Conflict: terminated by other getUpdates request; make sure that only one bot instance is running
2026-07-08 17:56:04 | ERROR    | aiogram.dispatcher | Failed to fetch updates - TelegramConflictError: Telegram server says - Conflict: terminated by other getUpdates request; make sure that only one bot instance is running
2026-07-08 17:56:14 | ERROR    | aiogram.dispatcher | Failed to fetch updates - TelegramConflictError: Telegram server says - Conflict: terminated by other getUpdates request; make sure that only one bot instance is running
2026-07-08 17:56:25 | ERROR    | aiogram.dispatcher | Failed to fetch updates - TelegramConflictError: Telegram server says - Conflict: terminated by other getUpdates request; make sure that only one bot instance is running
2026-07-08 17:56:35 | ERROR    | aiogram.dispatcher | Failed to fetch updates - TelegramConflictError: Telegram server says - Conflict: terminated by other getUpdates request; make sure that only one bot instance is running
2026-07-08 17:56:45 | ERROR    | aiogram.dispatcher | Failed to fetch updates - TelegramConflictError: Telegram server says - Conflict: terminated by other getUpdates request; make sure that only one bot instance is running
2026-07-08 17:56:55 | ERROR    | aiogram.dispatcher | Failed to fetch updates - TelegramConflictError: Telegram server says - Conflict: terminated by other getUpdates request; make sure that only one bot instance is running
2026-07-08 17:57:06 | ERROR    | aiogram.dispatcher | Failed to fetch updates - TelegramConflictError: Telegram server says - Conflict: terminated by other getUpdates request; make sure that only one bot instance is running
2026-07-08 17:57:16 | ERROR    | aiogram.dispatcher | Failed to fetch updates - TelegramConflictError: Telegram server says - Conflict: terminated by other getUpdates request; make sure that only one bot instance is running
2026-07-08 17:57:26 | ERROR    | aiogram.dispatcher | Failed to fetch updates - TelegramConflictError: Telegram server says - Conflict: terminated by other getUpdates request; make sure that only one bot instance is running
2026-07-08 17:57:37 | ERROR    | aiogram.dispatcher | Failed to fetch updates - TelegramConflictError: Telegram server says - Conflict: terminated by other getUpdates request; make sure that only one bot instance is running
2026-07-08 17:57:47 | ERROR    | aiogram.dispatcher | Failed to fetch updates - TelegramConflictError: Telegram server says - Conflict: terminated by other getUpdates request; make sure that only one bot instance is running
2026-07-08 17:57:57 | ERROR    | aiogram.dispatcher | Failed to fetch updates - TelegramConflictError: Telegram server says - Conflict: terminated by other getUpdates request; make sure that only one bot instance is running
2026-07-08 17:58:08 | ERROR    | aiogram.dispatcher | Failed to fetch updates - TelegramConflictError: Telegram server says - Conflict: terminated by other getUpdates request; make sure that only one bot instance is running
2026-07-08 17:58:18 | ERROR    | aiogram.dispatcher | Failed to fetch updates - TelegramConflictError: Telegram server says - Conflict: terminated by other getUpdates request; make sure that only one bot instance is running
2026-07-08 17:58:29 | ERROR    | aiogram.dispatcher | Failed to fetch updates - TelegramConflictError: Telegram server says - Conflict: terminated by other getUpdates request; make sure that only one bot instance is running
2026-07-08 17:58:39 | ERROR    | aiogram.dispatcher | Failed to fetch updates - TelegramConflictError: Telegram server says - Conflict: terminated by other getUpdates request; make sure that only one bot instance is running
2026-07-08 17:58:49 | ERROR    | aiogram.dispatcher | Failed to fetch updates - TelegramConflictError: Telegram server says - Conflict: terminated by other getUpdates request; make sure that only one bot instance is running
2026-07-08 17:59:00 | ERROR    | aiogram.dispatcher | Failed to fetch updates - TelegramConflictError: Telegram server says - Conflict: terminated by other getUpdates request; make sure that only one bot instance is running
2026-07-08 17:59:10 | ERROR    | aiogram.dispatcher | Failed to fetch updates - TelegramConflictError: Telegram server says - Conflict: terminated by other getUpdates request; make sure that only one bot instance is running
2026-07-08 17:59:20 | ERROR    | aiogram.dispatcher | Failed to fetch updates - TelegramConflictError: Telegram server says - Conflict: terminated by other getUpdates request; make sure that only one bot instance is running
2026-07-08 17:59:30 | ERROR    | aiogram.dispatcher | Failed to fetch updates - TelegramConflictError: Telegram server says - Conflict: terminated by other getUpdates request; make sure that only one bot instance is running
2026-07-08 17:59:41 | ERROR    | aiogram.dispatcher | Failed to fetch updates - TelegramConflictError: Telegram server says - Conflict: terminated by other getUpdates request; make sure that only one bot instance is running
2026-07-08 17:59:51 | ERROR    | aiogram.dispatcher | Failed to fetch updates - TelegramConflictError: Telegram server says - Conflict: terminated by other getUpdates request; make sure that only one bot instance is running
2026-07-08 18:00:01 | ERROR    | aiogram.dispatcher | Failed to fetch updates - TelegramConflictError: Telegram server says - Conflict: terminated by other getUpdates request; make sure that only one bot instance is running
2026-07-08 18:00:12 | ERROR    | aiogram.dispatcher | Failed to fetch updates - TelegramConflictError: Telegram server says - Conflict: terminated by other getUpdates request; make sure that only one bot instance is running
2026-07-08 18:00:22 | ERROR    | aiogram.dispatcher | Failed to fetch updates - TelegramConflictError: Telegram server says - Conflict: terminated by other getUpdates request; make sure that only one bot instance is running
2026-07-08 18:00:32 | ERROR    | aiogram.dispatcher | Failed to fetch updates - TelegramConflictError: Telegram server says - Conflict: terminated by other getUpdates request; make sure that only one bot instance is running
2026-07-08 18:00:42 | ERROR    | aiogram.dispatcher | Failed to fetch updates - TelegramConflictError: Telegram server says - Conflict: terminated by other getUpdates request; make sure that only one bot instance is running
2026-07-08 18:00:52 | ERROR    | aiogram.dispatcher | Failed to fetch updates - TelegramConflictError: Telegram server says - Conflict: terminated by other getUpdates request; make sure that only one bot instance is running
2026-07-08 18:01:02 | ERROR    | aiogram.dispatcher | Failed to fetch updates - TelegramConflictError: Telegram server says - Conflict: terminated by other getUpdates request; make sure that only one bot instance is running
2026-07-08 18:01:12 | ERROR    | aiogram.dispatcher | Failed to fetch updates - TelegramConflictError: Telegram server says - Conflict: terminated by other getUpdates request; make sure that only one bot instance is running
2026-07-08 18:01:23 | ERROR    | aiogram.dispatcher | Failed to fetch updates - TelegramConflictError: Telegram server says - Conflict: terminated by other getUpdates request; make sure that only one bot instance is running
2026-07-08 18:01:33 | ERROR    | aiogram.dispatcher | Failed to fetch updates - TelegramConflictError: Telegram server says - Conflict: terminated by other getUpdates request; make sure that only one bot instance is running
2026-07-08 18:01:43 | ERROR    | aiogram.dispatcher | Failed to fetch updates - TelegramConflictError: Telegram server says - Conflict: terminated by other getUpdates request; make sure that only one bot instance is running
2026-07-08 18:01:53 | ERROR    | aiogram.dispatcher | Failed to fetch updates - TelegramConflictError: Telegram server says - Conflict: terminated by other getUpdates request; make sure that only one bot instance is running
2026-07-08 18:02:04 | ERROR    | aiogram.dispatcher | Failed to fetch updates - TelegramConflictError: Telegram server says - Conflict: terminated by other getUpdates request; make sure that only one bot instance is running
2026-07-08 18:02:14 | ERROR    | aiogram.dispatcher | Failed to fetch updates - TelegramConflictError: Telegram server says - Conflict: terminated by other getUpdates request; make sure that only one bot instance is running
2026-07-08 18:02:24 | ERROR    | aiogram.dispatcher | Failed to fetch updates - TelegramConflictError: Telegram server says - Conflict: terminated by other getUpdates request; make sure that only one bot instance is running
2026-07-08 18:02:35 | ERROR    | aiogram.dispatcher | Failed to fetch updates - TelegramNetworkError: HTTP Client says - ClientOSError: [WinError 1236] Подключение к сети было разорвано локальной системой
2026-07-08 18:02:40 | ERROR    | aiogram.dispatcher | Failed to fetch updates - TelegramNetworkError: HTTP Client says - ClientConnectorError: Cannot connect to host api.telegram.org:443 ssl:default [Сетевая папка недоступна. За информацией о разрешении проблем в сети обратитесь к справочной системе Windows]
2026-07-08 18:02:45 | ERROR    | aiogram.dispatcher | Failed to fetch updates - TelegramNetworkError: HTTP Client says - ClientConnectorError: Cannot connect to host api.telegram.org:443 ssl:default [Сетевая папка недоступна. За информацией о разрешении проблем в сети обратитесь к справочной системе Windows]
2026-07-08 18:02:50 | ERROR    | aiogram.dispatcher | Failed to fetch updates - TelegramNetworkError: HTTP Client says - ClientConnectorError: Cannot connect to host api.telegram.org:443 ssl:default [Сетевая папка недоступна. За информацией о разрешении проблем в сети обратитесь к справочной системе Windows]
2026-07-19 13:59:14 | ERROR    | aiogram.dispatcher | Failed to fetch updates - TelegramConflictError: Telegram server says - Conflict: terminated by other getUpdates request; make sure that only one bot instance is running
2026-07-19 13:59:21 | ERROR    | aiogram.dispatcher | Failed to fetch updates - TelegramConflictError: Telegram server says - Conflict: terminated by other getUpdates request; make sure that only one bot instance is running
2026-07-19 13:59:28 | ERROR    | aiogram.dispatcher | Failed to fetch updates - TelegramConflictError: Telegram server says - Conflict: terminated by other getUpdates request; make sure that only one bot instance is running
2026-07-19 13:59:35 | ERROR    | aiogram.dispatcher | Failed to fetch updates - TelegramConflictError: Telegram server says - Conflict: terminated by other getUpdates request; make sure that only one bot instance is running
2026-07-19 13:59:44 | ERROR    | aiogram.dispatcher | Failed to fetch updates - TelegramConflictError: Telegram server says - Conflict: terminated by other getUpdates request; make sure that only one bot instance is running
2026-07-19 13:59:53 | ERROR    | aiogram.dispatcher | Failed to fetch updates - TelegramConflictError: Telegram server says - Conflict: terminated by other getUpdates request; make sure that only one bot instance is running
2026-07-19 14:00:05 | ERROR    | aiogram.dispatcher | Failed to fetch updates - TelegramConflictError: Telegram server says - Conflict: terminated by other getUpdates request; make sure that only one bot instance is running
2026-07-19 14:00:19 | ERROR    | aiogram.dispatcher | Failed to fetch updates - TelegramConflictError: Telegram server says - Conflict: terminated by other getUpdates request; make sure that only one bot instance is running
2026-07-19 14:00:31 | ERROR    | aiogram.dispatcher | Failed to fetch updates - TelegramConflictError: Telegram server says - Conflict: terminated by other getUpdates request; make sure that only one bot instance is running
2026-07-19 14:00:41 | ERROR    | aiogram.dispatcher | Failed to fetch updates - TelegramConflictError: Telegram server says - Conflict: terminated by other getUpdates request; make sure that only one bot instance is running
2026-07-19 14:00:48 | ERROR    | aiogram.dispatcher | Failed to fetch updates - TelegramConflictError: Telegram server says - Conflict: terminated by other getUpdates request; make sure that only one bot instance is running
2026-07-19 14:29:08 | ERROR    | aiogram.dispatcher | Failed to fetch updates - TelegramConflictError: Telegram server says - Conflict: terminated by other getUpdates request; make sure that only one bot instance is running
2026-07-19 14:29:13 | ERROR    | aiogram.dispatcher | Failed to fetch updates - TelegramConflictError: Telegram server says - Conflict: terminated by other getUpdates request; make sure that only one bot instance is running
2026-07-19 14:29:19 | ERROR    | aiogram.dispatcher | Failed to fetch updates - TelegramConflictError: Telegram server says - Conflict: terminated by other getUpdates request; make sure that only one bot instance is running
2026-07-19 14:29:26 | ERROR    | aiogram.dispatcher | Failed to fetch updates - TelegramConflictError: Telegram server says - Conflict: terminated by other getUpdates request; make sure that only one bot instance is running
2026-07-19 14:29:32 | ERROR    | aiogram.dispatcher | Failed to fetch updates - TelegramConflictError: Telegram server says - Conflict: terminated by other getUpdates request; make sure that only one bot instance is running
2026-07-19 14:29:39 | ERROR    | aiogram.dispatcher | Failed to fetch updates - TelegramConflictError: Telegram server says - Conflict: terminated by other getUpdates request; make sure that only one bot instance is running
2026-07-19 14:29:47 | ERROR    | aiogram.dispatcher | Failed to fetch updates - TelegramConflictError: Telegram server says - Conflict: terminated by other getUpdates request; make sure that only one bot instance is running
2026-07-19 14:29:56 | ERROR    | aiogram.dispatcher | Failed to fetch updates - TelegramConflictError: Telegram server says - Conflict: terminated by other getUpdates request; make sure that only one bot instance is running
2026-07-19 14:30:07 | ERROR    | aiogram.dispatcher | Failed to fetch updates - TelegramConflictError: Telegram server says - Conflict: terminated by other getUpdates request; make sure that only one bot instance is running
2026-07-19 14:30:16 | ERROR    | aiogram.dispatcher | Failed to fetch updates - TelegramConflictError: Telegram server says - Conflict: terminated by other getUpdates request; make sure that only one bot instance is running
2026-07-19 14:30:27 | ERROR    | aiogram.dispatcher | Failed to fetch updates - TelegramConflictError: Telegram server says - Conflict: terminated by other getUpdates request; make sure that only one bot instance is running
2026-07-19 14:30:36 | ERROR    | aiogram.dispatcher | Failed to fetch updates - TelegramConflictError: Telegram server says - Conflict: terminated by other getUpdates request; make sure that only one bot instance is running
2026-07-19 14:30:45 | ERROR    | aiogram.dispatcher | Failed to fetch updates - TelegramConflictError: Telegram server says - Conflict: terminated by other getUpdates request; make sure that only one bot instance is running
2026-07-19 14:30:55 | ERROR    | aiogram.dispatcher | Failed to fetch updates - TelegramConflictError: Telegram server says - Conflict: terminated by other getUpdates request; make sure that only one bot instance is running
2026-07-19 14:31:04 | ERROR    | aiogram.dispatcher | Failed to fetch updates - TelegramConflictError: Telegram server says - Conflict: terminated by other getUpdates request; make sure that only one bot instance is running
2026-07-19 14:31:14 | ERROR    | aiogram.dispatcher | Failed to fetch updates - TelegramConflictError: Telegram server says - Conflict: terminated by other getUpdates request; make sure that only one bot instance is running
2026-07-19 14:31:23 | ERROR    | aiogram.dispatcher | Failed to fetch updates - TelegramConflictError: Telegram server says - Conflict: terminated by other getUpdates request; make sure that only one bot instance is running
2026-07-19 14:31:32 | ERROR    | aiogram.dispatcher | Failed to fetch updates - TelegramConflictError: Telegram server says - Conflict: terminated by other getUpdates request; make sure that only one bot instance is running
2026-07-19 14:31:42 | ERROR    | aiogram.dispatcher | Failed to fetch updates - TelegramConflictError: Telegram server says - Conflict: terminated by other getUpdates request; make sure that only one bot instance is running
2026-07-19 14:31:52 | ERROR    | aiogram.dispatcher | Failed to fetch updates - TelegramConflictError: Telegram server says - Conflict: terminated by other getUpdates request; make sure that only one bot instance is running
2026-07-19 14:32:03 | ERROR    | aiogram.dispatcher | Failed to fetch updates - TelegramConflictError: Telegram server says - Conflict: terminated by other getUpdates request; make sure that only one bot instance is running
2026-07-19 14:32:10 | ERROR    | aiogram.dispatcher | Failed to fetch updates - TelegramConflictError: Telegram server says - Conflict: terminated by other getUpdates request; make sure that only one bot instance is running
2026-07-19 14:32:19 | ERROR    | aiogram.dispatcher | Failed to fetch updates - TelegramConflictError: Telegram server says - Conflict: terminated by other getUpdates request; make sure that only one bot instance is running
2026-07-19 14:32:29 | ERROR    | aiogram.dispatcher | Failed to fetch updates - TelegramConflictError: Telegram server says - Conflict: terminated by other getUpdates request; make sure that only one bot instance is running
2026-07-19 14:32:40 | ERROR    | aiogram.dispatcher | Failed to fetch updates - TelegramConflictError: Telegram server says - Conflict: terminated by other getUpdates request; make sure that only one bot instance is running
2026-07-19 14:32:49 | ERROR    | aiogram.dispatcher | Failed to fetch updates - TelegramConflictError: Telegram server says - Conflict: terminated by other getUpdates request; make sure that only one bot instance is running
2026-07-19 14:32:55 | ERROR    | aiogram.dispatcher | Failed to fetch updates - TelegramConflictError: Telegram server says - Conflict: terminated by other getUpdates request; make sure that only one bot instance is running
2026-07-19 14:33:01 | ERROR    | aiogram.dispatcher | Failed to fetch updates - TelegramConflictError: Telegram server says - Conflict: terminated by other getUpdates request; make sure that only one bot instance is running
2026-07-19 14:33:06 | ERROR    | aiogram.dispatcher | Failed to fetch updates - TelegramConflictError: Telegram server says - Conflict: terminated by other getUpdates request; make sure that only one bot instance is running
2026-07-19 14:33:13 | ERROR    | aiogram.dispatcher | Failed to fetch updates - TelegramConflictError: Telegram server says - Conflict: terminated by other getUpdates request; make sure that only one bot instance is running
2026-07-19 14:33:19 | ERROR    | aiogram.dispatcher | Failed to fetch updates - TelegramConflictError: Telegram server says - Conflict: terminated by other getUpdates request; make sure that only one bot instance is running
2026-07-19 14:33:27 | ERROR    | aiogram.dispatcher | Failed to fetch updates - TelegramConflictError: Telegram server says - Conflict: terminated by other getUpdates request; make sure that only one bot instance is running
2026-07-19 14:33:36 | ERROR    | aiogram.dispatcher | Failed to fetch updates - TelegramConflictError: Telegram server says - Conflict: terminated by other getUpdates request; make sure that only one bot instance is running
2026-07-19 14:33:45 | ERROR    | aiogram.dispatcher | Failed to fetch updates - TelegramConflictError: Telegram server says - Conflict: terminated by other getUpdates request; make sure that only one bot instance is running
2026-07-19 14:33:51 | ERROR    | aiogram.dispatcher | Failed to fetch updates - TelegramConflictError: Telegram server says - Conflict: terminated by other getUpdates request; make sure that only one bot instance is running
2026-07-19 14:33:57 | ERROR    | aiogram.dispatcher | Failed to fetch updates - TelegramConflictError: Telegram server says - Conflict: terminated by other getUpdates request; make sure that only one bot instance is running
2026-07-19 14:34:03 | ERROR    | aiogram.dispatcher | Failed to fetch updates - TelegramConflictError: Telegram server says - Conflict: terminated by other getUpdates request; make sure that only one bot instance is running
2026-07-19 14:34:11 | ERROR    | aiogram.dispatcher | Failed to fetch updates - TelegramConflictError: Telegram server says - Conflict: terminated by other getUpdates request; make sure that only one bot instance is running
2026-07-19 14:34:20 | ERROR    | aiogram.dispatcher | Failed to fetch updates - TelegramConflictError: Telegram server says - Conflict: terminated by other getUpdates request; make sure that only one bot instance is running
2026-07-19 14:34:28 | ERROR    | aiogram.dispatcher | Failed to fetch updates - TelegramConflictError: Telegram server says - Conflict: terminated by other getUpdates request; make sure that only one bot instance is running
2026-07-19 14:34:38 | ERROR    | aiogram.dispatcher | Failed to fetch updates - TelegramConflictError: Telegram server says - Conflict: terminated by other getUpdates request; make sure that only one bot instance is running
2026-07-19 14:34:44 | ERROR    | aiogram.dispatcher | Failed to fetch updates - TelegramConflictError: Telegram server says - Conflict: terminated by other getUpdates request; make sure that only one bot instance is running
2026-07-19 14:34:49 | ERROR    | aiogram.dispatcher | Failed to fetch updates - TelegramConflictError: Telegram server says - Conflict: terminated by other getUpdates request; make sure that only one bot instance is running
2026-07-19 14:34:56 | ERROR    | aiogram.dispatcher | Failed to fetch updates - TelegramConflictError: Telegram server says - Conflict: terminated by other getUpdates request; make sure that only one bot instance is running
2026-07-19 14:35:02 | ERROR    | aiogram.dispatcher | Failed to fetch updates - TelegramConflictError: Telegram server says - Conflict: terminated by other getUpdates request; make sure that only one bot instance is running
2026-07-19 14:35:09 | ERROR    | aiogram.dispatcher | Failed to fetch updates - TelegramConflictError: Telegram server says - Conflict: terminated by other getUpdates request; make sure that only one bot instance is running
2026-07-19 14:35:17 | ERROR    | aiogram.dispatcher | Failed to fetch updates - TelegramConflictError: Telegram server says - Conflict: terminated by other getUpdates request; make sure that only one bot instance is running
2026-07-19 14:35:27 | ERROR    | aiogram.dispatcher | Failed to fetch updates - TelegramConflictError: Telegram server says - Conflict: terminated by other getUpdates request; make sure that only one bot instance is running
2026-07-19 14:35:37 | ERROR    | aiogram.dispatcher | Failed to fetch updates - TelegramConflictError: Telegram server says - Conflict: terminated by other getUpdates request; make sure that only one bot instance is running
2026-07-19 14:35:47 | ERROR    | aiogram.dispatcher | Failed to fetch updates - TelegramConflictError: Telegram server says - Conflict: terminated by other getUpdates request; make sure that only one bot instance is running
2026-07-19 14:35:59 | ERROR    | aiogram.dispatcher | Failed to fetch updates - TelegramConflictError: Telegram server says - Conflict: terminated by other getUpdates request; make sure that only one bot instance is running
2026-07-19 14:36:07 | ERROR    | aiogram.dispatcher | Failed to fetch updates - TelegramConflictError: Telegram server says - Conflict: terminated by other getUpdates request; make sure that only one bot instance is running
2026-07-19 14:36:17 | ERROR    | aiogram.dispatcher | Failed to fetch updates - TelegramConflictError: Telegram server says - Conflict: terminated by other getUpdates request; make sure that only one bot instance is running
2026-07-19 14:36:28 | ERROR    | aiogram.dispatcher | Failed to fetch updates - TelegramConflictError: Telegram server says - Conflict: terminated by other getUpdates request; make sure that only one bot instance is running
2026-07-19 14:36:38 | ERROR    | aiogram.dispatcher | Failed to fetch updates - TelegramConflictError: Telegram server says - Conflict: terminated by other getUpdates request; make sure that only one bot instance is running
2026-07-19 14:36:49 | ERROR    | aiogram.dispatcher | Failed to fetch updates - TelegramConflictError: Telegram server says - Conflict: terminated by other getUpdates request; make sure that only one bot instance is running
2026-07-19 14:36:59 | ERROR    | aiogram.dispatcher | Failed to fetch updates - TelegramConflictError: Telegram server says - Conflict: terminated by other getUpdates request; make sure that only one bot instance is running
2026-07-19 14:37:10 | ERROR    | aiogram.dispatcher | Failed to fetch updates - TelegramConflictError: Telegram server says - Conflict: terminated by other getUpdates request; make sure that only one bot instance is running
2026-07-19 14:37:20 | ERROR    | aiogram.dispatcher | Failed to fetch updates - TelegramConflictError: Telegram server says - Conflict: terminated by other getUpdates request; make sure that only one bot instance is running
2026-07-19 14:37:31 | ERROR    | aiogram.dispatcher | Failed to fetch updates - TelegramConflictError: Telegram server says - Conflict: terminated by other getUpdates request; make sure that only one bot instance is running
2026-07-19 14:37:41 | ERROR    | aiogram.dispatcher | Failed to fetch updates - TelegramConflictError: Telegram server says - Conflict: terminated by other getUpdates request; make sure that only one bot instance is running
2026-07-19 14:37:52 | ERROR    | aiogram.dispatcher | Failed to fetch updates - TelegramConflictError: Telegram server says - Conflict: terminated by other getUpdates request; make sure that only one bot instance is running
2026-07-19 14:38:02 | ERROR    | aiogram.dispatcher | Failed to fetch updates - TelegramConflictError: Telegram server says - Conflict: terminated by other getUpdates request; make sure that only one bot instance is running
2026-07-19 14:38:12 | ERROR    | aiogram.dispatcher | Failed to fetch updates - TelegramConflictError: Telegram server says - Conflict: terminated by other getUpdates request; make sure that only one bot instance is running
2026-07-19 14:38:22 | ERROR    | aiogram.dispatcher | Failed to fetch updates - TelegramConflictError: Telegram server says - Conflict: terminated by other getUpdates request; make sure that only one bot instance is running
2026-07-19 14:38:39 | ERROR    | aiogram.dispatcher | Failed to fetch updates - TelegramConflictError: Telegram server says - Conflict: terminated by other getUpdates request; make sure that only one bot instance is running
2026-07-19 14:38:45 | ERROR    | aiogram.dispatcher | Failed to fetch updates - TelegramConflictError: Telegram server says - Conflict: terminated by other getUpdates request; make sure that only one bot instance is running
2026-07-19 14:38:51 | ERROR    | aiogram.dispatcher | Failed to fetch updates - TelegramConflictError: Telegram server says - Conflict: terminated by other getUpdates request; make sure that only one bot instance is running
2026-07-19 14:38:57 | ERROR    | aiogram.dispatcher | Failed to fetch updates - TelegramConflictError: Telegram server says - Conflict: terminated by other getUpdates request; make sure that only one bot instance is running
2026-07-19 14:39:04 | ERROR    | aiogram.dispatcher | Failed to fetch updates - TelegramConflictError: Telegram server says - Conflict: terminated by other getUpdates request; make sure that only one bot instance is running
2026-07-19 14:39:11 | ERROR    | aiogram.dispatcher | Failed to fetch updates - TelegramConflictError: Telegram server says - Conflict: terminated by other getUpdates request; make sure that only one bot instance is running
2026-07-19 14:39:18 | ERROR    | aiogram.dispatcher | Failed to fetch updates - TelegramConflictError: Telegram server says - Conflict: terminated by other getUpdates request; make sure that only one bot instance is running
2026-07-19 14:39:26 | ERROR    | aiogram.dispatcher | Failed to fetch updates - TelegramConflictError: Telegram server says - Conflict: terminated by other getUpdates request; make sure that only one bot instance is running
2026-07-19 14:39:35 | ERROR    | aiogram.dispatcher | Failed to fetch updates - TelegramConflictError: Telegram server says - Conflict: terminated by other getUpdates request; make sure that only one bot instance is running
2026-07-19 14:39:46 | ERROR    | aiogram.dispatcher | Failed to fetch updates - TelegramConflictError: Telegram server says - Conflict: terminated by other getUpdates request; make sure that only one bot instance is running
2026-07-19 14:39:54 | ERROR    | aiogram.dispatcher | Failed to fetch updates - TelegramConflictError: Telegram server says - Conflict: terminated by other getUpdates request; make sure that only one bot instance is running
2026-07-19 14:40:04 | ERROR    | aiogram.dispatcher | Failed to fetch updates - TelegramConflictError: Telegram server says - Conflict: terminated by other getUpdates request; make sure that only one bot instance is running
2026-07-19 14:40:14 | ERROR    | aiogram.dispatcher | Failed to fetch updates - TelegramConflictError: Telegram server says - Conflict: terminated by other getUpdates request; make sure that only one bot instance is running
2026-07-19 14:40:25 | ERROR    | aiogram.dispatcher | Failed to fetch updates - TelegramConflictError: Telegram server says - Conflict: terminated by other getUpdates request; make sure that only one bot instance is running
2026-07-19 14:40:36 | ERROR    | aiogram.dispatcher | Failed to fetch updates - TelegramConflictError: Telegram server says - Conflict: terminated by other getUpdates request; make sure that only one bot instance is running
2026-07-19 14:40:46 | ERROR    | aiogram.dispatcher | Failed to fetch updates - TelegramConflictError: Telegram server says - Conflict: terminated by other getUpdates request; make sure that only one bot instance is running
2026-07-19 14:40:56 | ERROR    | aiogram.dispatcher | Failed to fetch updates - TelegramConflictError: Telegram server says - Conflict: terminated by other getUpdates request; make sure that only one bot instance is running
2026-07-19 14:41:06 | ERROR    | aiogram.dispatcher | Failed to fetch updates - TelegramConflictError: Telegram server says - Conflict: terminated by other getUpdates request; make sure that only one bot instance is running
2026-07-19 14:41:17 | ERROR    | aiogram.dispatcher | Failed to fetch updates - TelegramConflictError: Telegram server says - Conflict: terminated by other getUpdates request; make sure that only one bot instance is running
2026-07-19 14:41:27 | ERROR    | aiogram.dispatcher | Failed to fetch updates - TelegramConflictError: Telegram server says - Conflict: terminated by other getUpdates request; make sure that only one bot instance is running
2026-07-19 14:41:38 | ERROR    | aiogram.dispatcher | Failed to fetch updates - TelegramConflictError: Telegram server says - Conflict: terminated by other getUpdates request; make sure that only one bot instance is running
2026-07-19 14:41:48 | ERROR    | aiogram.dispatcher | Failed to fetch updates - TelegramConflictError: Telegram server says - Conflict: terminated by other getUpdates request; make sure that only one bot instance is running
2026-07-19 14:41:58 | ERROR    | aiogram.dispatcher | Failed to fetch updates - TelegramConflictError: Telegram server says - Conflict: terminated by other getUpdates request; make sure that only one bot instance is running
2026-07-19 14:42:09 | ERROR    | aiogram.dispatcher | Failed to fetch updates - TelegramConflictError: Telegram server says - Conflict: terminated by other getUpdates request; make sure that only one bot instance is running
2026-07-19 14:42:19 | ERROR    | aiogram.dispatcher | Failed to fetch updates - TelegramConflictError: Telegram server says - Conflict: terminated by other getUpdates request; make sure that only one bot instance is running
2026-07-19 14:42:29 | ERROR    | aiogram.dispatcher | Failed to fetch updates - TelegramConflictError: Telegram server says - Conflict: terminated by other getUpdates request; make sure that only one bot instance is running
2026-07-19 14:42:40 | ERROR    | aiogram.dispatcher | Failed to fetch updates - TelegramConflictError: Telegram server says - Conflict: terminated by other getUpdates request; make sure that only one bot instance is running
2026-07-19 14:42:50 | ERROR    | aiogram.dispatcher | Failed to fetch updates - TelegramConflictError: Telegram server says - Conflict: terminated by other getUpdates request; make sure that only one bot instance is running
2026-07-19 14:43:00 | ERROR    | aiogram.dispatcher | Failed to fetch updates - TelegramConflictError: Telegram server says - Conflict: terminated by other getUpdates request; make sure that only one bot instance is running
2026-07-19 14:43:11 | ERROR    | aiogram.dispatcher | Failed to fetch updates - TelegramConflictError: Telegram server says - Conflict: terminated by other getUpdates request; make sure that only one bot instance is running
2026-07-19 14:43:21 | ERROR    | aiogram.dispatcher | Failed to fetch updates - TelegramConflictError: Telegram server says - Conflict: terminated by other getUpdates request; make sure that only one bot instance is running
2026-07-19 14:43:31 | ERROR    | aiogram.dispatcher | Failed to fetch updates - TelegramConflictError: Telegram server says - Conflict: terminated by other getUpdates request; make sure that only one bot instance is running
2026-07-19 14:43:42 | ERROR    | aiogram.dispatcher | Failed to fetch updates - TelegramConflictError: Telegram server says - Conflict: terminated by other getUpdates request; make sure that only one bot instance is running
2026-07-19 14:43:52 | ERROR    | aiogram.dispatcher | Failed to fetch updates - TelegramConflictError: Telegram server says - Conflict: terminated by other getUpdates request; make sure that only one bot instance is running
2026-07-19 14:44:16 | ERROR    | aiogram.dispatcher | Failed to fetch updates - TelegramConflictError: Telegram server says - Conflict: terminated by other getUpdates request; make sure that only one bot instance is running
2026-07-19 14:44:25 | ERROR    | aiogram.dispatcher | Failed to fetch updates - TelegramConflictError: Telegram server says - Conflict: terminated by other getUpdates request; make sure that only one bot instance is running
2026-07-19 14:44:35 | ERROR    | aiogram.dispatcher | Failed to fetch updates - TelegramNetworkError: HTTP Client says - ServerDisconnectedError: Server disconnected
2026-07-19 14:44:50 | ERROR    | aiogram.dispatcher | Failed to fetch updates - TelegramConflictError: Telegram server says - Conflict: terminated by other getUpdates request; make sure that only one bot instance is running
2026-07-19 14:44:59 | ERROR    | aiogram.dispatcher | Failed to fetch updates - TelegramConflictError: Telegram server says - Conflict: terminated by other getUpdates request; make sure that only one bot instance is running
2026-07-19 14:45:09 | ERROR    | aiogram.dispatcher | Failed to fetch updates - TelegramConflictError: Telegram server says - Conflict: terminated by other getUpdates request; make sure that only one bot instance is running
2026-07-19 14:45:18 | ERROR    | aiogram.dispatcher | Failed to fetch updates - TelegramConflictError: Telegram server says - Conflict: terminated by other getUpdates request; make sure that only one bot instance is running
2026-07-19 14:45:28 | ERROR    | aiogram.dispatcher | Failed to fetch updates - TelegramConflictError: Telegram server says - Conflict: terminated by other getUpdates request; make sure that only one bot instance is running
2026-07-19 14:45:37 | ERROR    | aiogram.dispatcher | Failed to fetch updates - TelegramConflictError: Telegram server says - Conflict: terminated by other getUpdates request; make sure that only one bot instance is running
2026-07-19 14:45:47 | ERROR    | aiogram.dispatcher | Failed to fetch updates - TelegramConflictError: Telegram server says - Conflict: terminated by other getUpdates request; make sure that only one bot instance is running
2026-07-19 14:45:57 | ERROR    | aiogram.dispatcher | Failed to fetch updates - TelegramConflictError: Telegram server says - Conflict: terminated by other getUpdates request; make sure that only one bot instance is running
2026-07-19 14:46:07 | ERROR    | aiogram.dispatcher | Failed to fetch updates - TelegramConflictError: Telegram server says - Conflict: terminated by other getUpdates request; make sure that only one bot instance is running
2026-07-19 14:46:37 | ERROR    | aiogram.dispatcher | Failed to fetch updates - TelegramConflictError: Telegram server says - Conflict: terminated by other getUpdates request; make sure that only one bot instance is running
2026-07-19 14:46:41 | ERROR    | aiogram.dispatcher | Failed to fetch updates - TelegramConflictError: Telegram server says - Conflict: terminated by other getUpdates request; make sure that only one bot instance is running
2026-07-19 14:46:46 | ERROR    | aiogram.dispatcher | Failed to fetch updates - TelegramConflictError: Telegram server says - Conflict: terminated by other getUpdates request; make sure that only one bot instance is running
2026-07-19 14:46:51 | ERROR    | aiogram.dispatcher | Failed to fetch updates - TelegramConflictError: Telegram server says - Conflict: terminated by other getUpdates request; make sure that only one bot instance is running
2026-07-19 14:46:57 | ERROR    | aiogram.dispatcher | Failed to fetch updates - TelegramConflictError: Telegram server says - Conflict: terminated by other getUpdates request; make sure that only one bot instance is running
2026-07-19 14:47:16 | ERROR    | aiogram.dispatcher | Failed to fetch updates - TelegramConflictError: Telegram server says - Conflict: terminated by other getUpdates request; make sure that only one bot instance is running
2026-07-19 14:47:21 | ERROR    | aiogram.dispatcher | Failed to fetch updates - TelegramConflictError: Telegram server says - Conflict: terminated by other getUpdates request; make sure that only one bot instance is running
2026-07-19 14:47:27 | ERROR    | aiogram.dispatcher | Failed to fetch updates - TelegramConflictError: Telegram server says - Conflict: terminated by other getUpdates request; make sure that only one bot instance is running
2026-07-19 14:47:33 | ERROR    | aiogram.dispatcher | Failed to fetch updates - TelegramConflictError: Telegram server says - Conflict: terminated by other getUpdates request; make sure that only one bot instance is running
2026-07-19 14:47:40 | ERROR    | aiogram.dispatcher | Failed to fetch updates - TelegramConflictError: Telegram server says - Conflict: terminated by other getUpdates request; make sure that only one bot instance is running
2026-07-19 14:47:48 | ERROR    | aiogram.dispatcher | Failed to fetch updates - TelegramConflictError: Telegram server says - Conflict: terminated by other getUpdates request; make sure that only one bot instance is running
2026-07-19 14:47:55 | ERROR    | aiogram.dispatcher | Failed to fetch updates - TelegramConflictError: Telegram server says - Conflict: terminated by other getUpdates request; make sure that only one bot instance is running
2026-07-19 14:48:04 | ERROR    | aiogram.dispatcher | Failed to fetch updates - TelegramConflictError: Telegram server says - Conflict: terminated by other getUpdates request; make sure that only one bot instance is running
2026-07-19 14:48:14 | ERROR    | aiogram.dispatcher | Failed to fetch updates - TelegramConflictError: Telegram server says - Conflict: terminated by other getUpdates request; make sure that only one bot instance is running
2026-07-19 14:48:24 | ERROR    | aiogram.dispatcher | Failed to fetch updates - TelegramConflictError: Telegram server says - Conflict: terminated by other getUpdates request; make sure that only one bot instance is running
2026-07-19 14:48:33 | ERROR    | aiogram.dispatcher | Failed to fetch updates - TelegramConflictError: Telegram server says - Conflict: terminated by other getUpdates request; make sure that only one bot instance is running
2026-07-19 14:48:43 | ERROR    | aiogram.dispatcher | Failed to fetch updates - TelegramConflictError: Telegram server says - Conflict: terminated by other getUpdates request; make sure that only one bot instance is running
2026-07-19 14:48:53 | ERROR    | aiogram.dispatcher | Failed to fetch updates - TelegramConflictError: Telegram server says - Conflict: terminated by other getUpdates request; make sure that only one bot instance is running
2026-07-19 14:49:03 | ERROR    | aiogram.dispatcher | Failed to fetch updates - TelegramConflictError: Telegram server says - Conflict: terminated by other getUpdates request; make sure that only one bot instance is running
2026-07-19 14:49:12 | ERROR    | aiogram.dispatcher | Failed to fetch updates - TelegramConflictError: Telegram server says - Conflict: terminated by other getUpdates request; make sure that only one bot instance is running
2026-07-19 14:49:21 | ERROR    | aiogram.dispatcher | Failed to fetch updates - TelegramConflictError: Telegram server says - Conflict: terminated by other getUpdates request; make sure that only one bot instance is running
2026-07-19 14:49:27 | ERROR    | aiogram.dispatcher | Failed to fetch updates - TelegramConflictError: Telegram server says - Conflict: terminated by other getUpdates request; make sure that only one bot instance is running
2026-07-19 14:49:33 | ERROR    | aiogram.dispatcher | Failed to fetch updates - TelegramConflictError: Telegram server says - Conflict: terminated by other getUpdates request; make sure that only one bot instance is running
2026-07-19 14:49:39 | ERROR    | aiogram.dispatcher | Failed to fetch updates - TelegramConflictError: Telegram server says - Conflict: terminated by other getUpdates request; make sure that only one bot instance is running
2026-07-19 14:49:45 | ERROR    | aiogram.dispatcher | Failed to fetch updates - TelegramConflictError: Telegram server says - Conflict: terminated by other getUpdates request; make sure that only one bot instance is running
2026-07-19 14:49:52 | ERROR    | aiogram.dispatcher | Failed to fetch updates - TelegramConflictError: Telegram server says - Conflict: terminated by other getUpdates request; make sure that only one bot instance is running
2026-07-19 14:49:59 | ERROR    | aiogram.dispatcher | Failed to fetch updates - TelegramConflictError: Telegram server says - Conflict: terminated by other getUpdates request; make sure that only one bot instance is running
2026-07-19 14:50:07 | ERROR    | aiogram.dispatcher | Failed to fetch updates - TelegramConflictError: Telegram server says - Conflict: terminated by other getUpdates request; make sure that only one bot instance is running
2026-07-19 14:50:16 | ERROR    | aiogram.dispatcher | Failed to fetch updates - TelegramConflictError: Telegram server says - Conflict: terminated by other getUpdates request; make sure that only one bot instance is running
2026-07-19 14:50:26 | ERROR    | aiogram.dispatcher | Failed to fetch updates - TelegramConflictError: Telegram server says - Conflict: terminated by other getUpdates request; make sure that only one bot instance is running
2026-07-19 14:50:35 | ERROR    | aiogram.dispatcher | Failed to fetch updates - TelegramConflictError: Telegram server says - Conflict: terminated by other getUpdates request; make sure that only one bot instance is running
2026-07-19 14:50:45 | ERROR    | aiogram.dispatcher | Failed to fetch updates - TelegramConflictError: Telegram server says - Conflict: terminated by other getUpdates request; make sure that only one bot instance is running
2026-07-19 14:50:56 | ERROR    | aiogram.dispatcher | Failed to fetch updates - TelegramConflictError: Telegram server says - Conflict: terminated by other getUpdates request; make sure that only one bot instance is running
2026-07-19 14:51:04 | ERROR    | aiogram.dispatcher | Failed to fetch updates - TelegramConflictError: Telegram server says - Conflict: terminated by other getUpdates request; make sure that only one bot instance is running
2026-07-19 14:51:14 | ERROR    | aiogram.dispatcher | Failed to fetch updates - TelegramConflictError: Telegram server says - Conflict: terminated by other getUpdates request; make sure that only one bot instance is running
2026-07-19 14:51:24 | ERROR    | aiogram.dispatcher | Failed to fetch updates - TelegramConflictError: Telegram server says - Conflict: terminated by other getUpdates request; make sure that only one bot instance is running
2026-07-19 14:51:35 | ERROR    | aiogram.dispatcher | Failed to fetch updates - TelegramConflictError: Telegram server says - Conflict: terminated by other getUpdates request; make sure that only one bot instance is running
2026-07-19 14:51:45 | ERROR    | aiogram.dispatcher | Failed to fetch updates - TelegramConflictError: Telegram server says - Conflict: terminated by other getUpdates request; make sure that only one bot instance is running
2026-07-19 14:56:14 | ERROR    | aiogram.dispatcher | Failed to fetch updates - TelegramNetworkError: HTTP Client says - Request timeout error
2026-07-19 14:56:24 | ERROR    | aiogram.dispatcher | Failed to fetch updates - TelegramConflictError: Telegram server says - Conflict: terminated by other getUpdates request; make sure that only one bot instance is running
2026-07-19 14:56:34 | ERROR    | aiogram.dispatcher | Failed to fetch updates - TelegramConflictError: Telegram server says - Conflict: terminated by other getUpdates request; make sure that only one bot instance is running
2026-07-19 14:56:44 | ERROR    | aiogram.dispatcher | Failed to fetch updates - TelegramConflictError: Telegram server says - Conflict: terminated by other getUpdates request; make sure that only one bot instance is running
2026-07-19 14:56:59 | ERROR    | aiogram.dispatcher | Failed to fetch updates - TelegramConflictError: Telegram server says - Conflict: terminated by other getUpdates request; make sure that only one bot instance is running
2026-07-19 14:57:09 | ERROR    | aiogram.dispatcher | Failed to fetch updates - TelegramConflictError: Telegram server says - Conflict: terminated by other getUpdates request; make sure that only one bot instance is running
2026-07-19 14:57:19 | ERROR    | aiogram.dispatcher | Failed to fetch updates - TelegramConflictError: Telegram server says - Conflict: terminated by other getUpdates request; make sure that only one bot instance is running
2026-07-19 14:57:29 | ERROR    | aiogram.dispatcher | Failed to fetch updates - TelegramConflictError: Telegram server says - Conflict: terminated by other getUpdates request; make sure that only one bot instance is running
2026-07-19 14:57:40 | ERROR    | aiogram.dispatcher | Failed to fetch updates - TelegramConflictError: Telegram server says - Conflict: terminated by other getUpdates request; make sure that only one bot instance is running
2026-07-19 14:57:49 | ERROR    | aiogram.dispatcher | Failed to fetch updates - TelegramConflictError: Telegram server says - Conflict: terminated by other getUpdates request; make sure that only one bot instance is running
2026-07-19 14:57:59 | ERROR    | aiogram.dispatcher | Failed to fetch updates - TelegramConflictError: Telegram server says - Conflict: terminated by other getUpdates request; make sure that only one bot instance is running
2026-07-19 14:58:09 | ERROR    | aiogram.dispatcher | Failed to fetch updates - TelegramConflictError: Telegram server says - Conflict: terminated by other getUpdates request; make sure that only one bot instance is running
2026-07-19 14:58:20 | ERROR    | aiogram.dispatcher | Failed to fetch updates - TelegramConflictError: Telegram server says - Conflict: terminated by other getUpdates request; make sure that only one bot instance is running
2026-07-19 14:58:30 | ERROR    | aiogram.dispatcher | Failed to fetch updates - TelegramConflictError: Telegram server says - Conflict: terminated by other getUpdates request; make sure that only one bot instance is running
2026-07-19 14:58:40 | ERROR    | aiogram.dispatcher | Failed to fetch updates - TelegramConflictError: Telegram server says - Conflict: terminated by other getUpdates request; make sure that only one bot instance is running
2026-07-19 14:58:50 | ERROR    | aiogram.dispatcher | Failed to fetch updates - TelegramConflictError: Telegram server says - Conflict: terminated by other getUpdates request; make sure that only one bot instance is running
2026-07-19 14:59:01 | ERROR    | aiogram.dispatcher | Failed to fetch updates - TelegramConflictError: Telegram server says - Conflict: terminated by other getUpdates request; make sure that only one bot instance is running
2026-07-19 14:59:12 | ERROR    | aiogram.dispatcher | Failed to fetch updates - TelegramConflictError: Telegram server says - Conflict: terminated by other getUpdates request; make sure that only one bot instance is running
2026-07-19 14:59:22 | ERROR    | aiogram.dispatcher | Failed to fetch updates - TelegramConflictError: Telegram server says - Conflict: terminated by other getUpdates request; make sure that only one bot instance is running
2026-07-19 14:59:33 | ERROR    | aiogram.dispatcher | Failed to fetch updates - TelegramConflictError: Telegram server says - Conflict: terminated by other getUpdates request; make sure that only one bot instance is running
2026-07-19 14:59:43 | ERROR    | aiogram.dispatcher | Failed to fetch updates - TelegramConflictError: Telegram server says - Conflict: terminated by other getUpdates request; make sure that only one bot instance is running
2026-07-19 14:59:54 | ERROR    | aiogram.dispatcher | Failed to fetch updates - TelegramConflictError: Telegram server says - Conflict: terminated by other getUpdates request; make sure that only one bot instance is running
2026-07-19 15:00:04 | ERROR    | aiogram.dispatcher | Failed to fetch updates - TelegramConflictError: Telegram server says - Conflict: terminated by other getUpdates request; make sure that only one bot instance is running
2026-07-19 15:00:14 | ERROR    | aiogram.dispatcher | Failed to fetch updates - TelegramConflictError: Telegram server says - Conflict: terminated by other getUpdates request; make sure that only one bot instance is running
2026-07-19 15:00:25 | ERROR    | aiogram.dispatcher | Failed to fetch updates - TelegramConflictError: Telegram server says - Conflict: terminated by other getUpdates request; make sure that only one bot instance is running
2026-07-19 15:00:36 | ERROR    | aiogram.dispatcher | Failed to fetch updates - TelegramConflictError: Telegram server says - Conflict: terminated by other getUpdates request; make sure that only one bot instance is running
2026-07-19 15:00:52 | ERROR    | aiogram.dispatcher | Failed to fetch updates - TelegramConflictError: Telegram server says - Conflict: terminated by other getUpdates request; make sure that only one bot instance is running
2026-07-19 15:01:02 | ERROR    | aiogram.dispatcher | Failed to fetch updates - TelegramConflictError: Telegram server says - Conflict: terminated by other getUpdates request; make sure that only one bot instance is running
2026-07-19 15:01:11 | ERROR    | aiogram.dispatcher | Failed to fetch updates - TelegramConflictError: Telegram server says - Conflict: terminated by other getUpdates request; make sure that only one bot instance is running
2026-07-19 15:01:21 | ERROR    | aiogram.dispatcher | Failed to fetch updates - TelegramConflictError: Telegram server says - Conflict: terminated by other getUpdates request; make sure that only one bot instance is running
2026-07-19 15:01:32 | ERROR    | aiogram.dispatcher | Failed to fetch updates - TelegramConflictError: Telegram server says - Conflict: terminated by other getUpdates request; make sure that only one bot instance is running
2026-07-19 15:01:41 | ERROR    | aiogram.dispatcher | Failed to fetch updates - TelegramConflictError: Telegram server says - Conflict: terminated by other getUpdates request; make sure that only one bot instance is running
2026-07-19 15:01:50 | ERROR    | aiogram.dispatcher | Failed to fetch updates - TelegramConflictError: Telegram server says - Conflict: terminated by other getUpdates request; make sure that only one bot instance is running
2026-07-19 15:02:01 | ERROR    | aiogram.dispatcher | Failed to fetch updates - TelegramConflictError: Telegram server says - Conflict: terminated by other getUpdates request; make sure that only one bot instance is running
2026-07-19 15:02:11 | ERROR    | aiogram.dispatcher | Failed to fetch updates - TelegramConflictError: Telegram server says - Conflict: terminated by other getUpdates request; make sure that only one bot instance is running
2026-07-19 15:02:21 | ERROR    | aiogram.dispatcher | Failed to fetch updates - TelegramConflictError: Telegram server says - Conflict: terminated by other getUpdates request; make sure that only one bot instance is running
2026-07-19 15:02:32 | ERROR    | aiogram.dispatcher | Failed to fetch updates - TelegramConflictError: Telegram server says - Conflict: terminated by other getUpdates request; make sure that only one bot instance is running
2026-07-19 15:02:42 | ERROR    | aiogram.dispatcher | Failed to fetch updates - TelegramConflictError: Telegram server says - Conflict: terminated by other getUpdates request; make sure that only one bot instance is running
2026-07-19 15:02:53 | ERROR    | aiogram.dispatcher | Failed to fetch updates - TelegramConflictError: Telegram server says - Conflict: terminated by other getUpdates request; make sure that only one bot instance is running
2026-07-19 15:02:58 | ERROR    | aiogram.dispatcher | Failed to fetch updates - TelegramNetworkError: HTTP Client says - ServerDisconnectedError: Server disconnected
2026-07-19 15:03:14 | ERROR    | aiogram.dispatcher | Failed to fetch updates - TelegramConflictError: Telegram server says - Conflict: terminated by other getUpdates request; make sure that only one bot instance is running
2026-07-19 15:03:23 | ERROR    | aiogram.dispatcher | Failed to fetch updates - TelegramConflictError: Telegram server says - Conflict: terminated by other getUpdates request; make sure that only one bot instance is running
2026-07-19 15:03:33 | ERROR    | aiogram.dispatcher | Failed to fetch updates - TelegramConflictError: Telegram server says - Conflict: terminated by other getUpdates request; make sure that only one bot instance is running
2026-07-19 15:03:43 | ERROR    | aiogram.dispatcher | Failed to fetch updates - TelegramConflictError: Telegram server says - Conflict: terminated by other getUpdates request; make sure that only one bot instance is running
2026-07-19 15:03:50 | ERROR    | aiogram.dispatcher | Failed to fetch updates - TelegramConflictError: Telegram server says - Conflict: terminated by other getUpdates request; make sure that only one bot instance is running
2026-07-19 15:03:58 | ERROR    | aiogram.dispatcher | Failed to fetch updates - TelegramConflictError: Telegram server says - Conflict: terminated by other getUpdates request; make sure that only one bot instance is running
2026-07-19 15:04:07 | ERROR    | aiogram.dispatcher | Failed to fetch updates - TelegramConflictError: Telegram server says - Conflict: terminated by other getUpdates request; make sure that only one bot instance is running
2026-07-19 15:04:16 | ERROR    | aiogram.dispatcher | Failed to fetch updates - TelegramConflictError: Telegram server says - Conflict: terminated by other getUpdates request; make sure that only one bot instance is running
2026-07-19 15:04:26 | ERROR    | aiogram.dispatcher | Failed to fetch updates - TelegramConflictError: Telegram server says - Conflict: terminated by other getUpdates request; make sure that only one bot instance is running
2026-07-19 15:04:36 | ERROR    | aiogram.dispatcher | Failed to fetch updates - TelegramConflictError: Telegram server says - Conflict: terminated by other getUpdates request; make sure that only one bot instance is running
2026-07-19 15:04:46 | ERROR    | aiogram.dispatcher | Failed to fetch updates - TelegramConflictError: Telegram server says - Conflict: terminated by other getUpdates request; make sure that only one bot instance is running
2026-07-19 15:04:58 | ERROR    | aiogram.dispatcher | Failed to fetch updates - TelegramConflictError: Telegram server says - Conflict: terminated by other getUpdates request; make sure that only one bot instance is running
2026-07-19 15:05:07 | ERROR    | aiogram.dispatcher | Failed to fetch updates - TelegramConflictError: Telegram server says - Conflict: terminated by other getUpdates request; make sure that only one bot instance is running
2026-07-19 15:05:17 | ERROR    | aiogram.dispatcher | Failed to fetch updates - TelegramConflictError: Telegram server says - Conflict: terminated by other getUpdates request; make sure that only one bot instance is running
2026-07-19 15:05:27 | ERROR    | aiogram.dispatcher | Failed to fetch updates - TelegramConflictError: Telegram server says - Conflict: terminated by other getUpdates request; make sure that only one bot instance is running
2026-07-19 15:05:38 | ERROR    | aiogram.dispatcher | Failed to fetch updates - TelegramConflictError: Telegram server says - Conflict: terminated by other getUpdates request; make sure that only one bot instance is running
2026-07-19 15:05:48 | ERROR    | aiogram.dispatcher | Failed to fetch updates - TelegramConflictError: Telegram server says - Conflict: terminated by other getUpdates request; make sure that only one bot instance is running
2026-07-19 15:05:59 | ERROR    | aiogram.dispatcher | Failed to fetch updates - TelegramConflictError: Telegram server says - Conflict: terminated by other getUpdates request; make sure that only one bot instance is running
2026-07-19 15:06:12 | ERROR    | aiogram.dispatcher | Failed to fetch updates - TelegramConflictError: Telegram server says - Conflict: terminated by other getUpdates request; make sure that only one bot instance is running
2026-07-19 15:06:22 | ERROR    | aiogram.dispatcher | Failed to fetch updates - TelegramConflictError: Telegram server says - Conflict: terminated by other getUpdates request; make sure that only one bot instance is running
2026-07-19 15:06:33 | ERROR    | aiogram.dispatcher | Failed to fetch updates - TelegramConflictError: Telegram server says - Conflict: terminated by other getUpdates request; make sure that only one bot instance is running
2026-07-19 15:06:44 | ERROR    | aiogram.dispatcher | Failed to fetch updates - TelegramConflictError: Telegram server says - Conflict: terminated by other getUpdates request; make sure that only one bot instance is running
2026-07-19 15:06:54 | ERROR    | aiogram.dispatcher | Failed to fetch updates - TelegramConflictError: Telegram server says - Conflict: terminated by other getUpdates request; make sure that only one bot instance is running
2026-07-19 15:07:04 | ERROR    | aiogram.dispatcher | Failed to fetch updates - TelegramConflictError: Telegram server says - Conflict: terminated by other getUpdates request; make sure that only one bot instance is running
2026-07-19 15:07:14 | ERROR    | aiogram.dispatcher | Failed to fetch updates - TelegramConflictError: Telegram server says - Conflict: terminated by other getUpdates request; make sure that only one bot instance is running
2026-07-19 15:07:25 | ERROR    | aiogram.dispatcher | Failed to fetch updates - TelegramConflictError: Telegram server says - Conflict: terminated by other getUpdates request; make sure that only one bot instance is running
2026-07-19 15:07:35 | ERROR    | aiogram.dispatcher | Failed to fetch updates - TelegramConflictError: Telegram server says - Conflict: terminated by other getUpdates request; make sure that only one bot instance is running
2026-07-19 15:07:46 | ERROR    | aiogram.dispatcher | Failed to fetch updates - TelegramConflictError: Telegram server says - Conflict: terminated by other getUpdates request; make sure that only one bot instance is running
2026-07-19 15:07:56 | ERROR    | aiogram.dispatcher | Failed to fetch updates - TelegramConflictError: Telegram server says - Conflict: terminated by other getUpdates request; make sure that only one bot instance is running
2026-07-19 15:08:07 | ERROR    | aiogram.dispatcher | Failed to fetch updates - TelegramConflictError: Telegram server says - Conflict: terminated by other getUpdates request; make sure that only one bot instance is running
2026-07-19 15:08:18 | ERROR    | aiogram.dispatcher | Failed to fetch updates - TelegramConflictError: Telegram server says - Conflict: terminated by other getUpdates request; make sure that only one bot instance is running
2026-07-19 15:08:28 | ERROR    | aiogram.dispatcher | Failed to fetch updates - TelegramConflictError: Telegram server says - Conflict: terminated by other getUpdates request; make sure that only one bot instance is running
2026-07-19 15:08:39 | ERROR    | aiogram.dispatcher | Failed to fetch updates - TelegramConflictError: Telegram server says - Conflict: terminated by other getUpdates request; make sure that only one bot instance is running
2026-07-19 15:08:49 | ERROR    | aiogram.dispatcher | Failed to fetch updates - TelegramConflictError: Telegram server says - Conflict: terminated by other getUpdates request; make sure that only one bot instance is running
2026-07-19 15:08:59 | ERROR    | aiogram.dispatcher | Failed to fetch updates - TelegramConflictError: Telegram server says - Conflict: terminated by other getUpdates request; make sure that only one bot instance is running
2026-07-19 15:09:10 | ERROR    | aiogram.dispatcher | Failed to fetch updates - TelegramConflictError: Telegram server says - Conflict: terminated by other getUpdates request; make sure that only one bot instance is running
2026-07-19 15:09:20 | ERROR    | aiogram.dispatcher | Failed to fetch updates - TelegramConflictError: Telegram server says - Conflict: terminated by other getUpdates request; make sure that only one bot instance is running
2026-07-19 15:09:31 | ERROR    | aiogram.dispatcher | Failed to fetch updates - TelegramConflictError: Telegram server says - Conflict: terminated by other getUpdates request; make sure that only one bot instance is running
2026-07-19 15:09:41 | ERROR    | aiogram.dispatcher | Failed to fetch updates - TelegramConflictError: Telegram server says - Conflict: terminated by other getUpdates request; make sure that only one bot instance is running
2026-07-19 15:09:52 | ERROR    | aiogram.dispatcher | Failed to fetch updates - TelegramConflictError: Telegram server says - Conflict: terminated by other getUpdates request; make sure that only one bot instance is running
2026-07-19 15:10:02 | ERROR    | aiogram.dispatcher | Failed to fetch updates - TelegramConflictError: Telegram server says - Conflict: terminated by other getUpdates request; make sure that only one bot instance is running
2026-07-19 15:10:13 | ERROR    | aiogram.dispatcher | Failed to fetch updates - TelegramConflictError: Telegram server says - Conflict: terminated by other getUpdates request; make sure that only one bot instance is running
2026-07-19 15:10:23 | ERROR    | aiogram.dispatcher | Failed to fetch updates - TelegramConflictError: Telegram server says - Conflict: terminated by other getUpdates request; make sure that only one bot instance is running
2026-07-19 15:10:34 | ERROR    | aiogram.dispatcher | Failed to fetch updates - TelegramConflictError: Telegram server says - Conflict: terminated by other getUpdates request; make sure that only one bot instance is running
2026-07-19 15:10:45 | ERROR    | aiogram.dispatcher | Failed to fetch updates - TelegramConflictError: Telegram server says - Conflict: terminated by other getUpdates request; make sure that only one bot instance is running
2026-07-19 15:10:55 | ERROR    | aiogram.dispatcher | Failed to fetch updates - TelegramConflictError: Telegram server says - Conflict: terminated by other getUpdates request; make sure that only one bot instance is running
2026-07-19 15:11:05 | ERROR    | aiogram.dispatcher | Failed to fetch updates - TelegramConflictError: Telegram server says - Conflict: terminated by other getUpdates request; make sure that only one bot instance is running
2026-07-19 15:11:16 | ERROR    | aiogram.dispatcher | Failed to fetch updates - TelegramConflictError: Telegram server says - Conflict: terminated by other getUpdates request; make sure that only one bot instance is running
2026-07-19 15:11:27 | ERROR    | aiogram.dispatcher | Failed to fetch updates - TelegramConflictError: Telegram server says - Conflict: terminated by other getUpdates request; make sure that only one bot instance is running
2026-07-19 15:11:37 | ERROR    | aiogram.dispatcher | Failed to fetch updates - TelegramConflictError: Telegram server says - Conflict: terminated by other getUpdates request; make sure that only one bot instance is running
2026-07-19 15:11:47 | ERROR    | aiogram.dispatcher | Failed to fetch updates - TelegramConflictError: Telegram server says - Conflict: terminated by other getUpdates request; make sure that only one bot instance is running
2026-07-19 15:11:58 | ERROR    | aiogram.dispatcher | Failed to fetch updates - TelegramConflictError: Telegram server says - Conflict: terminated by other getUpdates request; make sure that only one bot instance is running
2026-07-19 15:12:08 | ERROR    | aiogram.dispatcher | Failed to fetch updates - TelegramConflictError: Telegram server says - Conflict: terminated by other getUpdates request; make sure that only one bot instance is running
2026-07-19 15:12:18 | ERROR    | aiogram.dispatcher | Failed to fetch updates - TelegramConflictError: Telegram server says - Conflict: terminated by other getUpdates request; make sure that only one bot instance is running
2026-07-19 15:12:29 | ERROR    | aiogram.dispatcher | Failed to fetch updates - TelegramConflictError: Telegram server says - Conflict: terminated by other getUpdates request; make sure that only one bot instance is running
2026-07-19 15:12:39 | ERROR    | aiogram.dispatcher | Failed to fetch updates - TelegramConflictError: Telegram server says - Conflict: terminated by other getUpdates request; make sure that only one bot instance is running
2026-07-19 15:12:49 | ERROR    | aiogram.dispatcher | Failed to fetch updates - TelegramConflictError: Telegram server says - Conflict: terminated by other getUpdates request; make sure that only one bot instance is running
2026-07-19 15:13:00 | ERROR    | aiogram.dispatcher | Failed to fetch updates - TelegramConflictError: Telegram server says - Conflict: terminated by other getUpdates request; make sure that only one bot instance is running
2026-07-19 15:13:10 | ERROR    | aiogram.dispatcher | Failed to fetch updates - TelegramConflictError: Telegram server says - Conflict: terminated by other getUpdates request; make sure that only one bot instance is running
2026-07-19 15:13:20 | ERROR    | aiogram.dispatcher | Failed to fetch updates - TelegramConflictError: Telegram server says - Conflict: terminated by other getUpdates request; make sure that only one bot instance is running
2026-07-19 15:13:31 | ERROR    | aiogram.dispatcher | Failed to fetch updates - TelegramConflictError: Telegram server says - Conflict: terminated by other getUpdates request; make sure that only one bot instance is running
2026-07-19 15:13:41 | ERROR    | aiogram.dispatcher | Failed to fetch updates - TelegramConflictError: Telegram server says - Conflict: terminated by other getUpdates request; make sure that only one bot instance is running
2026-07-19 15:13:51 | ERROR    | aiogram.dispatcher | Failed to fetch updates - TelegramConflictError: Telegram server says - Conflict: terminated by other getUpdates request; make sure that only one bot instance is running
2026-07-19 15:14:04 | ERROR    | aiogram.dispatcher | Failed to fetch updates - TelegramConflictError: Telegram server says - Conflict: terminated by other getUpdates request; make sure that only one bot instance is running
2026-07-19 15:14:14 | ERROR    | aiogram.dispatcher | Failed to fetch updates - TelegramConflictError: Telegram server says - Conflict: terminated by other getUpdates request; make sure that only one bot instance is running
2026-07-19 15:14:26 | ERROR    | aiogram.dispatcher | Failed to fetch updates - TelegramConflictError: Telegram server says - Conflict: terminated by other getUpdates request; make sure that only one bot instance is running
2026-07-19 15:14:36 | ERROR    | aiogram.dispatcher | Failed to fetch updates - TelegramConflictError: Telegram server says - Conflict: terminated by other getUpdates request; make sure that only one bot instance is running
2026-07-19 15:14:46 | ERROR    | aiogram.dispatcher | Failed to fetch updates - TelegramConflictError: Telegram server says - Conflict: terminated by other getUpdates request; make sure that only one bot instance is running
2026-07-19 15:14:57 | ERROR    | aiogram.dispatcher | Failed to fetch updates - TelegramConflictError: Telegram server says - Conflict: terminated by other getUpdates request; make sure that only one bot instance is running
2026-07-19 15:15:07 | ERROR    | aiogram.dispatcher | Failed to fetch updates - TelegramConflictError: Telegram server says - Conflict: terminated by other getUpdates request; make sure that only one bot instance is running
2026-07-19 15:15:18 | ERROR    | aiogram.dispatcher | Failed to fetch updates - TelegramConflictError: Telegram server says - Conflict: terminated by other getUpdates request; make sure that only one bot instance is running
2026-07-19 15:15:28 | ERROR    | aiogram.dispatcher | Failed to fetch updates - TelegramConflictError: Telegram server says - Conflict: terminated by other getUpdates request; make sure that only one bot instance is running
2026-07-19 15:15:39 | ERROR    | aiogram.dispatcher | Failed to fetch updates - TelegramConflictError: Telegram server says - Conflict: terminated by other getUpdates request; make sure that only one bot instance is running
2026-07-19 15:15:56 | ERROR    | aiogram.dispatcher | Failed to fetch updates - TelegramConflictError: Telegram server says - Conflict: terminated by other getUpdates request; make sure that only one bot instance is running
2026-07-19 15:16:06 | ERROR    | aiogram.dispatcher | Failed to fetch updates - TelegramConflictError: Telegram server says - Conflict: terminated by other getUpdates request; make sure that only one bot instance is running
2026-07-19 15:16:15 | ERROR    | aiogram.dispatcher | Failed to fetch updates - TelegramConflictError: Telegram server says - Conflict: terminated by other getUpdates request; make sure that only one bot instance is running
2026-07-19 15:16:25 | ERROR    | aiogram.dispatcher | Failed to fetch updates - TelegramConflictError: Telegram server says - Conflict: terminated by other getUpdates request; make sure that only one bot instance is running
2026-07-19 15:16:36 | ERROR    | aiogram.dispatcher | Failed to fetch updates - TelegramConflictError: Telegram server says - Conflict: terminated by other getUpdates request; make sure that only one bot instance is running
2026-07-19 15:16:47 | ERROR    | aiogram.dispatcher | Failed to fetch updates - TelegramConflictError: Telegram server says - Conflict: terminated by other getUpdates request; make sure that only one bot instance is running
2026-07-19 15:16:56 | ERROR    | aiogram.dispatcher | Failed to fetch updates - TelegramConflictError: Telegram server says - Conflict: terminated by other getUpdates request; make sure that only one bot instance is running
2026-07-19 15:17:08 | ERROR    | aiogram.dispatcher | Failed to fetch updates - TelegramNetworkError: HTTP Client says - ClientOSError: [WinError 1236] Подключение к сети было разорвано локальной системой
2026-07-19 15:17:13 | ERROR    | aiogram.dispatcher | Failed to fetch updates - TelegramNetworkError: HTTP Client says - ClientConnectorError: Cannot connect to host api.telegram.org:443 ssl:default [Сетевая папка недоступна. За информацией о разрешении проблем в сети обратитесь к справочной системе Windows]
2026-07-19 15:17:18 | ERROR    | aiogram.dispatcher | Failed to fetch updates - TelegramNetworkError: HTTP Client says - ClientConnectorError: Cannot connect to host api.telegram.org:443 ssl:default [Сетевая папка недоступна. За информацией о разрешении проблем в сети обратитесь к справочной системе Windows]
2026-07-19 15:17:23 | ERROR    | aiogram.dispatcher | Failed to fetch updates - TelegramNetworkError: HTTP Client says - ClientConnectorError: Cannot connect to host api.telegram.org:443 ssl:default [Сетевая папка недоступна. За информацией о разрешении проблем в сети обратитесь к справочной системе Windows]
2026-07-19 15:17:28 | ERROR    | aiogram.dispatcher | Failed to fetch updates - TelegramNetworkError: HTTP Client says - ClientConnectorError: Cannot connect to host api.telegram.org:443 ssl:default [Сетевая папка недоступна. За информацией о разрешении проблем в сети обратитесь к справочной системе Windows]
2026-07-19 15:17:33 | ERROR    | aiogram.dispatcher | Failed to fetch updates - TelegramNetworkError: HTTP Client says - ClientConnectorError: Cannot connect to host api.telegram.org:443 ssl:default [Сетевая папка недоступна. За информацией о разрешении проблем в сети обратитесь к справочной системе Windows]
2026-07-19 15:17:38 | ERROR    | aiogram.dispatcher | Failed to fetch updates - TelegramNetworkError: HTTP Client says - ClientConnectorError: Cannot connect to host api.telegram.org:443 ssl:default [Сетевая папка недоступна. За информацией о разрешении проблем в сети обратитесь к справочной системе Windows]
2026-07-19 15:17:43 | ERROR    | aiogram.dispatcher | Failed to fetch updates - TelegramNetworkError: HTTP Client says - ClientConnectorError: Cannot connect to host api.telegram.org:443 ssl:default [Сетевая папка недоступна. За информацией о разрешении проблем в сети обратитесь к справочной системе Windows]
2026-07-19 15:17:48 | ERROR    | aiogram.dispatcher | Failed to fetch updates - TelegramNetworkError: HTTP Client says - ClientConnectorError: Cannot connect to host api.telegram.org:443 ssl:default [Сетевая папка недоступна. За информацией о разрешении проблем в сети обратитесь к справочной системе Windows]
2026-07-19 15:17:53 | ERROR    | aiogram.dispatcher | Failed to fetch updates - TelegramNetworkError: HTTP Client says - ClientConnectorError: Cannot connect to host api.telegram.org:443 ssl:default [Сетевая папка недоступна. За информацией о разрешении проблем в сети обратитесь к справочной системе Windows]
2026-07-19 15:17:58 | ERROR    | aiogram.dispatcher | Failed to fetch updates - TelegramNetworkError: HTTP Client says - ClientConnectorError: Cannot connect to host api.telegram.org:443 ssl:default [Сетевая папка недоступна. За информацией о разрешении проблем в сети обратитесь к справочной системе Windows]
2026-07-19 15:18:03 | ERROR    | aiogram.dispatcher | Failed to fetch updates - TelegramNetworkError: HTTP Client says - ClientConnectorError: Cannot connect to host api.telegram.org:443 ssl:default [Сетевая папка недоступна. За информацией о разрешении проблем в сети обратитесь к справочной системе Windows]
2026-07-19 15:18:08 | ERROR    | aiogram.dispatcher | Failed to fetch updates - TelegramNetworkError: HTTP Client says - ClientConnectorError: Cannot connect to host api.telegram.org:443 ssl:default [Сетевая папка недоступна. За информацией о разрешении проблем в сети обратитесь к справочной системе Windows]
2026-07-19 15:18:13 | ERROR    | aiogram.dispatcher | Failed to fetch updates - TelegramNetworkError: HTTP Client says - ClientConnectorError: Cannot connect to host api.telegram.org:443 ssl:default [Сетевая папка недоступна. За информацией о разрешении проблем в сети обратитесь к справочной системе Windows]
2026-07-19 15:18:19 | ERROR    | aiogram.dispatcher | Failed to fetch updates - TelegramNetworkError: HTTP Client says - ClientConnectorError: Cannot connect to host api.telegram.org:443 ssl:default [Сетевая папка недоступна. За информацией о разрешении проблем в сети обратитесь к справочной системе Windows]
2026-07-19 15:18:24 | ERROR    | aiogram.dispatcher | Failed to fetch updates - TelegramNetworkError: HTTP Client says - ClientConnectorError: Cannot connect to host api.telegram.org:443 ssl:default [Сетевая папка недоступна. За информацией о разрешении проблем в сети обратитесь к справочной системе Windows]
2026-07-19 15:18:29 | ERROR    | aiogram.dispatcher | Failed to fetch updates - TelegramNetworkError: HTTP Client says - ClientConnectorError: Cannot connect to host api.telegram.org:443 ssl:default [Сетевая папка недоступна. За информацией о разрешении проблем в сети обратитесь к справочной системе Windows]
2026-07-19 15:18:34 | ERROR    | aiogram.dispatcher | Failed to fetch updates - TelegramNetworkError: HTTP Client says - ClientConnectorError: Cannot connect to host api.telegram.org:443 ssl:default [Сетевая папка недоступна. За информацией о разрешении проблем в сети обратитесь к справочной системе Windows]
2026-07-19 15:18:39 | ERROR    | aiogram.dispatcher | Failed to fetch updates - TelegramNetworkError: HTTP Client says - ClientConnectorError: Cannot connect to host api.telegram.org:443 ssl:default [Сетевая папка недоступна. За информацией о разрешении проблем в сети обратитесь к справочной системе Windows]
2026-07-19 15:18:44 | ERROR    | aiogram.dispatcher | Failed to fetch updates - TelegramNetworkError: HTTP Client says - ClientConnectorError: Cannot connect to host api.telegram.org:443 ssl:default [Сетевая папка недоступна. За информацией о разрешении проблем в сети обратитесь к справочной системе Windows]
2026-07-19 15:18:49 | ERROR    | aiogram.dispatcher | Failed to fetch updates - TelegramNetworkError: HTTP Client says - ClientConnectorError: Cannot connect to host api.telegram.org:443 ssl:default [Сетевая папка недоступна. За информацией о разрешении проблем в сети обратитесь к справочной системе Windows]
2026-07-19 15:18:54 | ERROR    | aiogram.dispatcher | Failed to fetch updates - TelegramNetworkError: HTTP Client says - ClientConnectorError: Cannot connect to host api.telegram.org:443 ssl:default [Сетевая папка недоступна. За информацией о разрешении проблем в сети обратитесь к справочной системе Windows]
2026-07-19 15:18:59 | ERROR    | aiogram.dispatcher | Failed to fetch updates - TelegramNetworkError: HTTP Client says - ClientConnectorError: Cannot connect to host api.telegram.org:443 ssl:default [Сетевая папка недоступна. За информацией о разрешении проблем в сети обратитесь к справочной системе Windows]
2026-07-19 15:19:04 | ERROR    | aiogram.dispatcher | Failed to fetch updates - TelegramNetworkError: HTTP Client says - ClientConnectorError: Cannot connect to host api.telegram.org:443 ssl:default [Сетевая папка недоступна. За информацией о разрешении проблем в сети обратитесь к справочной системе Windows]
2026-07-19 15:19:09 | ERROR    | aiogram.dispatcher | Failed to fetch updates - TelegramNetworkError: HTTP Client says - ClientConnectorError: Cannot connect to host api.telegram.org:443 ssl:default [Сетевая папка недоступна. За информацией о разрешении проблем в сети обратитесь к справочной системе Windows]
2026-07-19 15:19:14 | ERROR    | aiogram.dispatcher | Failed to fetch updates - TelegramNetworkError: HTTP Client says - ClientConnectorError: Cannot connect to host api.telegram.org:443 ssl:default [Сетевая папка недоступна. За информацией о разрешении проблем в сети обратитесь к справочной системе Windows]
2026-07-19 15:19:19 | ERROR    | aiogram.dispatcher | Failed to fetch updates - TelegramNetworkError: HTTP Client says - ClientConnectorError: Cannot connect to host api.telegram.org:443 ssl:default [Сетевая папка недоступна. За информацией о разрешении проблем в сети обратитесь к справочной системе Windows]
2026-07-19 15:19:24 | ERROR    | aiogram.dispatcher | Failed to fetch updates - TelegramNetworkError: HTTP Client says - ClientConnectorError: Cannot connect to host api.telegram.org:443 ssl:default [Сетевая папка недоступна. За информацией о разрешении проблем в сети обратитесь к справочной системе Windows]
2026-07-19 15:19:29 | ERROR    | aiogram.dispatcher | Failed to fetch updates - TelegramNetworkError: HTTP Client says - ClientConnectorError: Cannot connect to host api.telegram.org:443 ssl:default [Сетевая папка недоступна. За информацией о разрешении проблем в сети обратитесь к справочной системе Windows]
2026-07-19 15:19:34 | ERROR    | aiogram.dispatcher | Failed to fetch updates - TelegramNetworkError: HTTP Client says - ClientConnectorError: Cannot connect to host api.telegram.org:443 ssl:default [Сетевая папка недоступна. За информацией о разрешении проблем в сети обратитесь к справочной системе Windows]
2026-07-19 15:19:39 | ERROR    | aiogram.dispatcher | Failed to fetch updates - TelegramNetworkError: HTTP Client says - ClientConnectorError: Cannot connect to host api.telegram.org:443 ssl:default [Сетевая папка недоступна. За информацией о разрешении проблем в сети обратитесь к справочной системе Windows]
2026-07-19 15:19:44 | ERROR    | aiogram.dispatcher | Failed to fetch updates - TelegramNetworkError: HTTP Client says - ClientConnectorError: Cannot connect to host api.telegram.org:443 ssl:default [Сетевая папка недоступна. За информацией о разрешении проблем в сети обратитесь к справочной системе Windows]
2026-07-19 15:19:49 | ERROR    | aiogram.dispatcher | Failed to fetch updates - TelegramNetworkError: HTTP Client says - ClientConnectorError: Cannot connect to host api.telegram.org:443 ssl:default [Сетевая папка недоступна. За информацией о разрешении проблем в сети обратитесь к справочной системе Windows]
2026-07-19 15:19:54 | ERROR    | aiogram.dispatcher | Failed to fetch updates - TelegramNetworkError: HTTP Client says - ClientConnectorError: Cannot connect to host api.telegram.org:443 ssl:default [Сетевая папка недоступна. За информацией о разрешении проблем в сети обратитесь к справочной системе Windows]
2026-07-19 15:19:59 | ERROR    | aiogram.dispatcher | Failed to fetch updates - TelegramNetworkError: HTTP Client says - ClientConnectorError: Cannot connect to host api.telegram.org:443 ssl:default [Сетевая папка недоступна. За информацией о разрешении проблем в сети обратитесь к справочной системе Windows]
2026-07-19 15:20:04 | ERROR    | aiogram.dispatcher | Failed to fetch updates - TelegramNetworkError: HTTP Client says - ClientConnectorError: Cannot connect to host api.telegram.org:443 ssl:default [Сетевая папка недоступна. За информацией о разрешении проблем в сети обратитесь к справочной системе Windows]
2026-07-19 15:20:09 | ERROR    | aiogram.dispatcher | Failed to fetch updates - TelegramNetworkError: HTTP Client says - ClientConnectorError: Cannot connect to host api.telegram.org:443 ssl:default [Сетевая папка недоступна. За информацией о разрешении проблем в сети обратитесь к справочной системе Windows]
2026-07-19 15:20:14 | ERROR    | aiogram.dispatcher | Failed to fetch updates - TelegramNetworkError: HTTP Client says - ClientConnectorError: Cannot connect to host api.telegram.org:443 ssl:default [Сетевая папка недоступна. За информацией о разрешении проблем в сети обратитесь к справочной системе Windows]
2026-07-19 15:20:19 | ERROR    | aiogram.dispatcher | Failed to fetch updates - TelegramNetworkError: HTTP Client says - ClientConnectorError: Cannot connect to host api.telegram.org:443 ssl:default [Сетевая папка недоступна. За информацией о разрешении проблем в сети обратитесь к справочной системе Windows]
2026-07-19 15:20:24 | ERROR    | aiogram.dispatcher | Failed to fetch updates - TelegramNetworkError: HTTP Client says - ClientConnectorError: Cannot connect to host api.telegram.org:443 ssl:default [Сетевая папка недоступна. За информацией о разрешении проблем в сети обратитесь к справочной системе Windows]
2026-07-19 15:20:29 | ERROR    | aiogram.dispatcher | Failed to fetch updates - TelegramNetworkError: HTTP Client says - ClientConnectorError: Cannot connect to host api.telegram.org:443 ssl:default [Сетевая папка недоступна. За информацией о разрешении проблем в сети обратитесь к справочной системе Windows]
2026-07-19 15:20:34 | ERROR    | aiogram.dispatcher | Failed to fetch updates - TelegramNetworkError: HTTP Client says - ClientConnectorError: Cannot connect to host api.telegram.org:443 ssl:default [Сетевая папка недоступна. За информацией о разрешении проблем в сети обратитесь к справочной системе Windows]
2026-07-19 15:20:39 | ERROR    | aiogram.dispatcher | Failed to fetch updates - TelegramNetworkError: HTTP Client says - ClientConnectorError: Cannot connect to host api.telegram.org:443 ssl:default [Сетевая папка недоступна. За информацией о разрешении проблем в сети обратитесь к справочной системе Windows]
2026-07-19 15:20:44 | ERROR    | aiogram.dispatcher | Failed to fetch updates - TelegramNetworkError: HTTP Client says - ClientConnectorError: Cannot connect to host api.telegram.org:443 ssl:default [Сетевая папка недоступна. За информацией о разрешении проблем в сети обратитесь к справочной системе Windows]
2026-07-19 15:20:49 | ERROR    | aiogram.dispatcher | Failed to fetch updates - TelegramNetworkError: HTTP Client says - ClientConnectorError: Cannot connect to host api.telegram.org:443 ssl:default [Сетевая папка недоступна. За информацией о разрешении проблем в сети обратитесь к справочной системе Windows]
2026-07-19 15:20:54 | ERROR    | aiogram.dispatcher | Failed to fetch updates - TelegramNetworkError: HTTP Client says - ClientConnectorError: Cannot connect to host api.telegram.org:443 ssl:default [Сетевая папка недоступна. За информацией о разрешении проблем в сети обратитесь к справочной системе Windows]
2026-07-19 15:20:59 | ERROR    | aiogram.dispatcher | Failed to fetch updates - TelegramNetworkError: HTTP Client says - ClientConnectorError: Cannot connect to host api.telegram.org:443 ssl:default [Сетевая папка недоступна. За информацией о разрешении проблем в сети обратитесь к справочной системе Windows]
2026-07-19 15:21:04 | ERROR    | aiogram.dispatcher | Failed to fetch updates - TelegramNetworkError: HTTP Client says - ClientConnectorError: Cannot connect to host api.telegram.org:443 ssl:default [Сетевая папка недоступна. За информацией о разрешении проблем в сети обратитесь к справочной системе Windows]
2026-07-19 15:21:09 | ERROR    | aiogram.dispatcher | Failed to fetch updates - TelegramNetworkError: HTTP Client says - ClientConnectorError: Cannot connect to host api.telegram.org:443 ssl:default [Сетевая папка недоступна. За информацией о разрешении проблем в сети обратитесь к справочной системе Windows]
2026-07-19 15:21:14 | ERROR    | aiogram.dispatcher | Failed to fetch updates - TelegramNetworkError: HTTP Client says - ClientConnectorError: Cannot connect to host api.telegram.org:443 ssl:default [Сетевая папка недоступна. За информацией о разрешении проблем в сети обратитесь к справочной системе Windows]
2026-07-19 15:21:19 | ERROR    | aiogram.dispatcher | Failed to fetch updates - TelegramNetworkError: HTTP Client says - ClientConnectorError: Cannot connect to host api.telegram.org:443 ssl:default [Сетевая папка недоступна. За информацией о разрешении проблем в сети обратитесь к справочной системе Windows]
2026-07-19 15:28:51 | ERROR    | aiogram.dispatcher | Failed to fetch updates - TelegramNetworkError: HTTP Client says - ClientConnectorError: Cannot connect to host api.telegram.org:443 ssl:default [Сетевая папка недоступна. За информацией о разрешении проблем в сети обратитесь к справочной системе Windows]
2026-07-19 15:28:56 | ERROR    | aiogram.dispatcher | Failed to fetch updates - TelegramNetworkError: HTTP Client says - ClientConnectorError: Cannot connect to host api.telegram.org:443 ssl:default [Сетевая папка недоступна. За информацией о разрешении проблем в сети обратитесь к справочной системе Windows]
2026-07-19 15:29:01 | ERROR    | aiogram.dispatcher | Failed to fetch updates - TelegramNetworkError: HTTP Client says - ClientConnectorError: Cannot connect to host api.telegram.org:443 ssl:default [Сетевая папка недоступна. За информацией о разрешении проблем в сети обратитесь к справочной системе Windows]
2026-07-19 15:29:08 | ERROR    | aiogram.dispatcher | Failed to fetch updates - TelegramNetworkError: HTTP Client says - ClientConnectorError: Cannot connect to host api.telegram.org:443 ssl:default [Подключение к сети было разорвано локальной системой]
2026-07-19 15:29:13 | ERROR    | aiogram.dispatcher | Failed to fetch updates - TelegramNetworkError: HTTP Client says - ClientConnectorError: Cannot connect to host api.telegram.org:443 ssl:default [Сетевая папка недоступна. За информацией о разрешении проблем в сети обратитесь к справочной системе Windows]
2026-07-19 15:29:23 | ERROR    | aiogram.dispatcher | Failed to fetch updates - TelegramConflictError: Telegram server says - Conflict: terminated by other getUpdates request; make sure that only one bot instance is running
2026-07-19 15:29:33 | ERROR    | aiogram.dispatcher | Failed to fetch updates - TelegramConflictError: Telegram server says - Conflict: terminated by other getUpdates request; make sure that only one bot instance is running
2026-07-19 15:29:43 | ERROR    | aiogram.dispatcher | Failed to fetch updates - TelegramConflictError: Telegram server says - Conflict: terminated by other getUpdates request; make sure that only one bot instance is running
2026-07-19 15:29:54 | ERROR    | aiogram.dispatcher | Failed to fetch updates - TelegramConflictError: Telegram server says - Conflict: terminated by other getUpdates request; make sure that only one bot instance is running
2026-07-19 15:30:02 | ERROR    | aiogram.dispatcher | Failed to fetch updates - TelegramConflictError: Telegram server says - Conflict: terminated by other getUpdates request; make sure that only one bot instance is running
2026-07-19 15:30:11 | ERROR    | aiogram.dispatcher | Failed to fetch updates - TelegramConflictError: Telegram server says - Conflict: terminated by other getUpdates request; make sure that only one bot instance is running
2026-07-19 15:30:22 | ERROR    | aiogram.dispatcher | Failed to fetch updates - TelegramConflictError: Telegram server says - Conflict: terminated by other getUpdates request; make sure that only one bot instance is running
2026-07-19 15:31:27 | ERROR    | aiogram.dispatcher | Failed to fetch updates - TelegramConflictError: Telegram server says - Conflict: terminated by other getUpdates request; make sure that only one bot instance is running
2026-07-19 15:31:31 | ERROR    | aiogram.dispatcher | Failed to fetch updates - TelegramConflictError: Telegram server says - Conflict: terminated by other getUpdates request; make sure that only one bot instance is running
2026-07-19 15:31:36 | ERROR    | aiogram.dispatcher | Failed to fetch updates - TelegramConflictError: Telegram server says - Conflict: terminated by other getUpdates request; make sure that only one bot instance is running
2026-07-19 15:31:43 | ERROR    | aiogram.dispatcher | Failed to fetch updates - TelegramConflictError: Telegram server says - Conflict: terminated by other getUpdates request; make sure that only one bot instance is running
2026-07-19 15:31:48 | ERROR    | aiogram.dispatcher | Failed to fetch updates - TelegramConflictError: Telegram server says - Conflict: terminated by other getUpdates request; make sure that only one bot instance is running
2026-07-19 15:31:53 | ERROR    | aiogram.dispatcher | Failed to fetch updates - TelegramConflictError: Telegram server says - Conflict: terminated by other getUpdates request; make sure that only one bot instance is running
2026-07-19 15:32:00 | ERROR    | aiogram.dispatcher | Failed to fetch updates - TelegramConflictError: Telegram server says - Conflict: terminated by other getUpdates request; make sure that only one bot instance is running
2026-07-19 15:32:06 | ERROR    | aiogram.dispatcher | Failed to fetch updates - TelegramConflictError: Telegram server says - Conflict: terminated by other getUpdates request; make sure that only one bot instance is running
2026-07-19 15:32:11 | ERROR    | aiogram.dispatcher | Failed to fetch updates - TelegramConflictError: Telegram server says - Conflict: terminated by other getUpdates request; make sure that only one bot instance is running
2026-07-19 15:32:17 | ERROR    | aiogram.dispatcher | Failed to fetch updates - TelegramConflictError: Telegram server says - Conflict: terminated by other getUpdates request; make sure that only one bot instance is running
2026-07-19 15:32:23 | ERROR    | aiogram.dispatcher | Failed to fetch updates - TelegramConflictError: Telegram server says - Conflict: terminated by other getUpdates request; make sure that only one bot instance is running
2026-07-19 15:32:31 | ERROR    | aiogram.dispatcher | Failed to fetch updates - TelegramConflictError: Telegram server says - Conflict: terminated by other getUpdates request; make sure that only one bot instance is running
2026-07-19 15:32:40 | ERROR    | aiogram.dispatcher | Failed to fetch updates - TelegramConflictError: Telegram server says - Conflict: terminated by other getUpdates request; make sure that only one bot instance is running
2026-07-19 15:32:48 | ERROR    | aiogram.dispatcher | Failed to fetch updates - TelegramConflictError: Telegram server says - Conflict: terminated by other getUpdates request; make sure that only one bot instance is running
2026-07-19 15:32:58 | ERROR    | aiogram.dispatcher | Failed to fetch updates - TelegramConflictError: Telegram server says - Conflict: terminated by other getUpdates request; make sure that only one bot instance is running
2026-07-19 15:33:07 | ERROR    | aiogram.dispatcher | Failed to fetch updates - TelegramConflictError: Telegram server says - Conflict: terminated by other getUpdates request; make sure that only one bot instance is running
2026-07-19 15:33:13 | ERROR    | aiogram.dispatcher | Failed to fetch updates - TelegramConflictError: Telegram server says - Conflict: terminated by other getUpdates request; make sure that only one bot instance is running
2026-07-19 15:33:19 | ERROR    | aiogram.dispatcher | Failed to fetch updates - TelegramConflictError: Telegram server says - Conflict: terminated by other getUpdates request; make sure that only one bot instance is running
2026-07-19 15:33:25 | ERROR    | aiogram.dispatcher | Failed to fetch updates - TelegramConflictError: Telegram server says - Conflict: terminated by other getUpdates request; make sure that only one bot instance is running
2026-07-19 15:33:31 | ERROR    | aiogram.dispatcher | Failed to fetch updates - TelegramConflictError: Telegram server says - Conflict: terminated by other getUpdates request; make sure that only one bot instance is running
2026-07-19 15:33:38 | ERROR    | aiogram.dispatcher | Failed to fetch updates - TelegramConflictError: Telegram server says - Conflict: terminated by other getUpdates request; make sure that only one bot instance is running
2026-07-19 15:33:45 | ERROR    | aiogram.dispatcher | Failed to fetch updates - TelegramConflictError: Telegram server says - Conflict: terminated by other getUpdates request; make sure that only one bot instance is running
2026-07-19 15:33:55 | ERROR    | aiogram.dispatcher | Failed to fetch updates - TelegramConflictError: Telegram server says - Conflict: terminated by other getUpdates request; make sure that only one bot instance is running
2026-07-19 15:34:04 | ERROR    | aiogram.dispatcher | Failed to fetch updates - TelegramConflictError: Telegram server says - Conflict: terminated by other getUpdates request; make sure that only one bot instance is running
2026-07-19 15:34:13 | ERROR    | aiogram.dispatcher | Failed to fetch updates - TelegramConflictError: Telegram server says - Conflict: terminated by other getUpdates request; make sure that only one bot instance is running
2026-07-19 15:34:22 | ERROR    | aiogram.dispatcher | Failed to fetch updates - TelegramConflictError: Telegram server says - Conflict: terminated by other getUpdates request; make sure that only one bot instance is running
2026-07-19 15:34:31 | ERROR    | aiogram.dispatcher | Failed to fetch updates - TelegramConflictError: Telegram server says - Conflict: terminated by other getUpdates request; make sure that only one bot instance is running
2026-07-19 15:34:41 | ERROR    | aiogram.dispatcher | Failed to fetch updates - TelegramConflictError: Telegram server says - Conflict: terminated by other getUpdates request; make sure that only one bot instance is running
2026-07-19 15:34:50 | ERROR    | aiogram.dispatcher | Failed to fetch updates - TelegramConflictError: Telegram server says - Conflict: terminated by other getUpdates request; make sure that only one bot instance is running
2026-07-19 15:35:00 | ERROR    | aiogram.dispatcher | Failed to fetch updates - TelegramConflictError: Telegram server says - Conflict: terminated by other getUpdates request; make sure that only one bot instance is running
2026-07-19 15:35:09 | ERROR    | aiogram.dispatcher | Failed to fetch updates - TelegramConflictError: Telegram server says - Conflict: terminated by other getUpdates request; make sure that only one bot instance is running
2026-07-19 15:35:18 | ERROR    | aiogram.dispatcher | Failed to fetch updates - TelegramConflictError: Telegram server says - Conflict: terminated by other getUpdates request; make sure that only one bot instance is running
2026-07-19 15:35:28 | ERROR    | aiogram.dispatcher | Failed to fetch updates - TelegramConflictError: Telegram server says - Conflict: terminated by other getUpdates request; make sure that only one bot instance is running
2026-07-19 15:35:37 | ERROR    | aiogram.dispatcher | Failed to fetch updates - TelegramConflictError: Telegram server says - Conflict: terminated by other getUpdates request; make sure that only one bot instance is running
2026-07-19 15:35:47 | ERROR    | aiogram.dispatcher | Failed to fetch updates - TelegramConflictError: Telegram server says - Conflict: terminated by other getUpdates request; make sure that only one bot instance is running
2026-07-19 15:35:56 | ERROR    | aiogram.dispatcher | Failed to fetch updates - TelegramConflictError: Telegram server says - Conflict: terminated by other getUpdates request; make sure that only one bot instance is running
2026-07-19 15:36:05 | ERROR    | aiogram.dispatcher | Failed to fetch updates - TelegramConflictError: Telegram server says - Conflict: terminated by other getUpdates request; make sure that only one bot instance is running
2026-07-19 15:36:15 | ERROR    | aiogram.dispatcher | Failed to fetch updates - TelegramConflictError: Telegram server says - Conflict: terminated by other getUpdates request; make sure that only one bot instance is running
2026-07-19 15:36:25 | ERROR    | aiogram.dispatcher | Failed to fetch updates - TelegramConflictError: Telegram server says - Conflict: terminated by other getUpdates request; make sure that only one bot instance is running
2026-07-19 15:36:34 | ERROR    | aiogram.dispatcher | Failed to fetch updates - TelegramConflictError: Telegram server says - Conflict: terminated by other getUpdates request; make sure that only one bot instance is running
2026-07-19 15:36:43 | ERROR    | aiogram.dispatcher | Failed to fetch updates - TelegramConflictError: Telegram server says - Conflict: terminated by other getUpdates request; make sure that only one bot instance is running
2026-07-19 15:36:53 | ERROR    | aiogram.dispatcher | Failed to fetch updates - TelegramConflictError: Telegram server says - Conflict: terminated by other getUpdates request; make sure that only one bot instance is running
2026-07-19 15:37:02 | ERROR    | aiogram.dispatcher | Failed to fetch updates - TelegramConflictError: Telegram server says - Conflict: terminated by other getUpdates request; make sure that only one bot instance is running
2026-07-19 15:37:12 | ERROR    | aiogram.dispatcher | Failed to fetch updates - TelegramConflictError: Telegram server says - Conflict: terminated by other getUpdates request; make sure that only one bot instance is running
2026-07-19 15:37:20 | ERROR    | aiogram.dispatcher | Failed to fetch updates - TelegramConflictError: Telegram server says - Conflict: terminated by other getUpdates request; make sure that only one bot instance is running
2026-07-19 15:37:30 | ERROR    | aiogram.dispatcher | Failed to fetch updates - TelegramConflictError: Telegram server says - Conflict: terminated by other getUpdates request; make sure that only one bot instance is running
2026-07-19 15:37:39 | ERROR    | aiogram.dispatcher | Failed to fetch updates - TelegramConflictError: Telegram server says - Conflict: terminated by other getUpdates request; make sure that only one bot instance is running
2026-07-19 15:37:49 | ERROR    | aiogram.dispatcher | Failed to fetch updates - TelegramConflictError: Telegram server says - Conflict: terminated by other getUpdates request; make sure that only one bot instance is running
2026-07-19 15:37:57 | ERROR    | aiogram.dispatcher | Failed to fetch updates - TelegramConflictError: Telegram server says - Conflict: terminated by other getUpdates request; make sure that only one bot instance is running
2026-07-19 15:38:07 | ERROR    | aiogram.dispatcher | Failed to fetch updates - TelegramConflictError: Telegram server says - Conflict: terminated by other getUpdates request; make sure that only one bot instance is running
2026-07-19 15:39:23 | ERROR    | aiogram.dispatcher | Failed to fetch updates - TelegramNetworkError: HTTP Client says - Request timeout error
2026-07-19 15:39:33 | ERROR    | aiogram.dispatcher | Failed to fetch updates - TelegramConflictError: Telegram server says - Conflict: terminated by other getUpdates request; make sure that only one bot instance is running
2026-07-19 15:39:42 | ERROR    | aiogram.dispatcher | Failed to fetch updates - TelegramConflictError: Telegram server says - Conflict: terminated by other getUpdates request; make sure that only one bot instance is running
2026-07-19 15:39:52 | ERROR    | aiogram.dispatcher | Failed to fetch updates - TelegramConflictError: Telegram server says - Conflict: terminated by other getUpdates request; make sure that only one bot instance is running
2026-07-19 15:40:09 | ERROR    | aiogram.dispatcher | Failed to fetch updates - TelegramConflictError: Telegram server says - Conflict: terminated by other getUpdates request; make sure that only one bot instance is running
2026-07-19 15:40:14 | ERROR    | aiogram.dispatcher | Failed to fetch updates - TelegramConflictError: Telegram server says - Conflict: terminated by other getUpdates request; make sure that only one bot instance is running
2026-07-19 15:40:18 | ERROR    | aiogram.dispatcher | Failed to fetch updates - TelegramConflictError: Telegram server says - Conflict: terminated by other getUpdates request; make sure that only one bot instance is running
2026-07-19 15:40:24 | ERROR    | aiogram.dispatcher | Failed to fetch updates - TelegramConflictError: Telegram server says - Conflict: terminated by other getUpdates request; make sure that only one bot instance is running
2026-07-19 15:40:28 | ERROR    | aiogram.dispatcher | Failed to fetch updates - TelegramConflictError: Telegram server says - Conflict: terminated by other getUpdates request; make sure that only one bot instance is running
2026-07-19 15:40:35 | ERROR    | aiogram.dispatcher | Failed to fetch updates - TelegramConflictError: Telegram server says - Conflict: terminated by other getUpdates request; make sure that only one bot instance is running
2026-07-19 15:40:45 | ERROR    | aiogram.dispatcher | Failed to fetch updates - TelegramConflictError: Telegram server says - Conflict: terminated by other getUpdates request; make sure that only one bot instance is running
2026-07-19 15:40:53 | ERROR    | aiogram.dispatcher | Failed to fetch updates - TelegramConflictError: Telegram server says - Conflict: terminated by other getUpdates request; make sure that only one bot instance is running
2026-07-19 15:41:15 | ERROR    | aiogram.dispatcher | Failed to fetch updates - TelegramConflictError: Telegram server says - Conflict: terminated by other getUpdates request; make sure that only one bot instance is running
2026-07-19 15:41:24 | ERROR    | aiogram.dispatcher | Failed to fetch updates - TelegramConflictError: Telegram server says - Conflict: terminated by other getUpdates request; make sure that only one bot instance is running
2026-07-19 15:41:34 | ERROR    | aiogram.dispatcher | Failed to fetch updates - TelegramConflictError: Telegram server says - Conflict: terminated by other getUpdates request; make sure that only one bot instance is running
2026-07-19 15:41:44 | ERROR    | aiogram.dispatcher | Failed to fetch updates - TelegramConflictError: Telegram server says - Conflict: terminated by other getUpdates request; make sure that only one bot instance is running
2026-07-19 15:41:55 | ERROR    | aiogram.dispatcher | Failed to fetch updates - TelegramConflictError: Telegram server says - Conflict: terminated by other getUpdates request; make sure that only one bot instance is running
2026-07-19 15:42:06 | ERROR    | aiogram.dispatcher | Failed to fetch updates - TelegramConflictError: Telegram server says - Conflict: terminated by other getUpdates request; make sure that only one bot instance is running
2026-07-19 15:42:15 | ERROR    | aiogram.dispatcher | Failed to fetch updates - TelegramConflictError: Telegram server says - Conflict: terminated by other getUpdates request; make sure that only one bot instance is running
2026-07-19 15:42:24 | ERROR    | aiogram.dispatcher | Failed to fetch updates - TelegramConflictError: Telegram server says - Conflict: terminated by other getUpdates request; make sure that only one bot instance is running
2026-07-19 15:42:34 | ERROR    | aiogram.dispatcher | Failed to fetch updates - TelegramConflictError: Telegram server says - Conflict: terminated by other getUpdates request; make sure that only one bot instance is running
2026-07-19 15:42:43 | ERROR    | aiogram.dispatcher | Failed to fetch updates - TelegramConflictError: Telegram server says - Conflict: terminated by other getUpdates request; make sure that only one bot instance is running
2026-07-19 15:42:53 | ERROR    | aiogram.dispatcher | Failed to fetch updates - TelegramConflictError: Telegram server says - Conflict: terminated by other getUpdates request; make sure that only one bot instance is running
2026-07-19 15:43:03 | ERROR    | aiogram.dispatcher | Failed to fetch updates - TelegramConflictError: Telegram server says - Conflict: terminated by other getUpdates request; make sure that only one bot instance is running
2026-07-19 15:43:13 | ERROR    | aiogram.dispatcher | Failed to fetch updates - TelegramConflictError: Telegram server says - Conflict: terminated by other getUpdates request; make sure that only one bot instance is running
2026-07-19 15:43:22 | ERROR    | aiogram.dispatcher | Failed to fetch updates - TelegramConflictError: Telegram server says - Conflict: terminated by other getUpdates request; make sure that only one bot instance is running
2026-07-19 15:43:31 | ERROR    | aiogram.dispatcher | Failed to fetch updates - TelegramConflictError: Telegram server says - Conflict: terminated by other getUpdates request; make sure that only one bot instance is running
2026-07-19 15:51:15 | ERROR    | aiogram.dispatcher | Failed to fetch updates - TelegramNetworkError: HTTP Client says - Request timeout error
2026-07-19 15:51:16 | ERROR    | aiogram.dispatcher | Failed to fetch updates - TelegramNetworkError: HTTP Client says - ClientConnectorError: Cannot connect to host api.telegram.org:443 ssl:default [Сетевая папка недоступна. За информацией о разрешении проблем в сети обратитесь к справочной системе Windows]
