2026-07-07 21:26:36 | INFO     | __main__ | Baza ulandi: data/database.db
2026-07-07 21:26:36 | INFO     | aiogram.dispatcher | Start polling
2026-07-07 21:26:37 | INFO     | aiogram.dispatcher | Run polling for bot @uzbmediakino_bot id=8737871300 - 'UZB MEDIA'
2026-07-07 21:26:48 | INFO     | aiogram.event | Update id=905840200 is handled. Duration 751 ms by bot id=8737871300
2026-07-07 21:27:01 | INFO     | aiogram.event | Update id=905840201 is handled. Duration 193 ms by bot id=8737871300
2026-07-07 21:27:07 | INFO     | aiogram.event | Update id=905840202 is handled. Duration 201 ms by bot id=8737871300
2026-07-07 21:27:12 | INFO     | aiogram.event | Update id=905840203 is handled. Duration 276 ms by bot id=8737871300
2026-07-07 21:27:37 | INFO     | aiogram.event | Update id=905840204 is handled. Duration 215 ms by bot id=8737871300
2026-07-07 21:27:46 | INFO     | aiogram.event | Update id=905840205 is handled. Duration 266 ms by bot id=8737871300
2026-07-07 21:27:55 | INFO     | aiogram.event | Update id=905840206 is handled. Duration 206 ms by bot id=8737871300
2026-07-07 21:29:03 | ERROR    | aiogram.dispatcher | Failed to fetch updates - TelegramNetworkError: HTTP Client says - ClientOSError: [WinError 121] Превышен таймаут семафора
2026-07-07 21:29:03 | WARNING  | aiogram.dispatcher | Sleep for 1.000000 seconds and try again... (tryings = 0, bot id = 8737871300)
2026-07-07 21:29:20 | INFO     | aiogram.dispatcher | Connection established (tryings = 1, bot id = 8737871300)
2026-07-07 21:29:42 | INFO     | aiogram.event | Update id=905840207 is handled. Duration 574 ms by bot id=8737871300
2026-07-07 21:30:15 | INFO     | aiogram.event | Update id=905840208 is handled. Duration 192 ms by bot id=8737871300
2026-07-07 21:30:31 | INFO     | aiogram.event | Update id=905840209 is handled. Duration 1057 ms by bot id=8737871300
2026-07-07 21:31:31 | INFO     | aiogram.event | Update id=905840210 is handled. Duration 205 ms by bot id=8737871300
2026-07-07 21:31:43 | INFO     | aiogram.event | Update id=905840211 is handled. Duration 184 ms by bot id=8737871300
2026-07-07 21:31:54 | INFO     | aiogram.event | Update id=905840212 is handled. Duration 467 ms by bot id=8737871300
2026-07-07 21:35:31 | INFO     | aiogram.event | Update id=905840213 is handled. Duration 448 ms by bot id=8737871300
2026-07-07 21:35:33 | INFO     | aiogram.event | Update id=905840214 is handled. Duration 490 ms by bot id=8737871300
2026-07-07 21:35:41 | INFO     | aiogram.event | Update id=905840215 is handled. Duration 423 ms by bot id=8737871300
2026-07-07 21:35:44 | INFO     | aiogram.event | Update id=905840216 is handled. Duration 497 ms by bot id=8737871300
2026-07-07 21:36:04 | INFO     | aiogram.event | Update id=905840217 is handled. Duration 448 ms by bot id=8737871300
2026-07-07 21:36:13 | INFO     | aiogram.event | Update id=905840218 is handled. Duration 191 ms by bot id=8737871300
2026-07-07 21:36:22 | INFO     | aiogram.event | Update id=905840219 is handled. Duration 352 ms by bot id=8737871300
2026-07-07 21:36:26 | INFO     | aiogram.event | Update id=905840220 is handled. Duration 166 ms by bot id=8737871300
2026-07-07 21:36:29 | INFO     | aiogram.event | Update id=905840221 is handled. Duration 175 ms by bot id=8737871300
2026-07-07 21:36:33 | INFO     | aiogram.event | Update id=905840222 is handled. Duration 162 ms by bot id=8737871300
2026-07-07 21:36:37 | INFO     | aiogram.event | Update id=905840223 is handled. Duration 182 ms by bot id=8737871300
2026-07-07 21:36:39 | INFO     | aiogram.event | Update id=905840224 is handled. Duration 167 ms by bot id=8737871300
2026-07-07 21:36:40 | INFO     | aiogram.event | Update id=905840225 is handled. Duration 184 ms by bot id=8737871300
2026-07-07 21:36:41 | INFO     | aiogram.event | Update id=905840226 is handled. Duration 175 ms by bot id=8737871300
2026-07-07 21:36:43 | INFO     | aiogram.event | Update id=905840227 is handled. Duration 178 ms by bot id=8737871300
2026-07-07 21:36:46 | INFO     | aiogram.event | Update id=905840228 is handled. Duration 303 ms by bot id=8737871300
2026-07-07 21:36:49 | INFO     | aiogram.event | Update id=905840229 is handled. Duration 188 ms by bot id=8737871300
2026-07-07 21:36:53 | INFO     | aiogram.event | Update id=905840230 is handled. Duration 174 ms by bot id=8737871300
2026-07-07 21:36:54 | INFO     | aiogram.event | Update id=905840231 is handled. Duration 189 ms by bot id=8737871300
2026-07-07 21:36:56 | INFO     | aiogram.event | Update id=905840232 is handled. Duration 318 ms by bot id=8737871300
2026-07-07 21:36:58 | INFO     | aiogram.event | Update id=905840233 is handled. Duration 342 ms by bot id=8737871300
2026-07-07 21:37:01 | INFO     | aiogram.event | Update id=905840234 is handled. Duration 169 ms by bot id=8737871300
2026-07-07 21:37:03 | INFO     | aiogram.event | Update id=905840235 is handled. Duration 190 ms by bot id=8737871300
2026-07-07 21:37:08 | INFO     | aiogram.event | Update id=905840236 is handled. Duration 330 ms by bot id=8737871300
2026-07-07 21:37:14 | INFO     | aiogram.event | Update id=905840237 is handled. Duration 190 ms by bot id=8737871300
2026-07-07 21:37:16 | INFO     | aiogram.event | Update id=905840238 is handled. Duration 359 ms by bot id=8737871300
2026-07-07 21:37:22 | INFO     | aiogram.event | Update id=905840239 is handled. Duration 335 ms by bot id=8737871300
2026-07-07 21:37:23 | INFO     | aiogram.event | Update id=905840240 is handled. Duration 373 ms by bot id=8737871300
2026-07-07 21:37:25 | INFO     | aiogram.event | Update id=905840241 is handled. Duration 511 ms by bot id=8737871300
2026-07-07 21:37:29 | INFO     | aiogram.event | Update id=905840242 is handled. Duration 187 ms by bot id=8737871300
2026-07-07 21:37:30 | INFO     | aiogram.event | Update id=905840243 is not handled. Duration 4 ms by bot id=8737871300
2026-07-07 21:37:32 | INFO     | aiogram.event | Update id=905840244 is handled. Duration 502 ms by bot id=8737871300
2026-07-07 21:37:35 | INFO     | aiogram.event | Update id=905840245 is handled. Duration 285 ms by bot id=8737871300
2026-07-07 21:37:36 | INFO     | aiogram.event | Update id=905840246 is handled. Duration 159 ms by bot id=8737871300
2026-07-07 21:37:40 | INFO     | aiogram.event | Update id=905840247 is handled. Duration 423 ms by bot id=8737871300
2026-07-07 21:37:42 | INFO     | aiogram.event | Update id=905840248 is handled. Duration 442 ms by bot id=8737871300
2026-07-07 21:37:48 | INFO     | aiogram.event | Update id=905840249 is handled. Duration 271 ms by bot id=8737871300
2026-07-07 21:37:51 | INFO     | aiogram.event | Update id=905840250 is handled. Duration 314 ms by bot id=8737871300
2026-07-07 21:37:53 | INFO     | aiogram.event | Update id=905840251 is handled. Duration 565 ms by bot id=8737871300
2026-07-07 21:37:56 | INFO     | aiogram.event | Update id=905840252 is handled. Duration 167 ms by bot id=8737871300
2026-07-07 21:38:00 | INFO     | aiogram.event | Update id=905840253 is handled. Duration 396 ms by bot id=8737871300
2026-07-07 21:38:01 | INFO     | aiogram.event | Update id=905840254 is handled. Duration 512 ms by bot id=8737871300
2026-07-07 21:41:47 | INFO     | aiogram.event | Update id=905840255 is handled. Duration 423 ms by bot id=8737871300
2026-07-07 21:42:05 | INFO     | aiogram.event | Update id=905840256 is handled. Duration 192 ms by bot id=8737871300
2026-07-07 21:42:13 | INFO     | aiogram.event | Update id=905840257 is handled. Duration 174 ms by bot id=8737871300
2026-07-07 21:42:17 | INFO     | aiogram.event | Update id=905840258 is handled. Duration 189 ms by bot id=8737871300
2026-07-07 21:42:23 | INFO     | aiogram.event | Update id=905840259 is handled. Duration 269 ms by bot id=8737871300
2026-07-07 21:42:29 | INFO     | aiogram.event | Update id=905840260 is handled. Duration 208 ms by bot id=8737871300
2026-07-07 21:42:31 | INFO     | aiogram.event | Update id=905840261 is handled. Duration 197 ms by bot id=8737871300
2026-07-07 21:42:34 | INFO     | aiogram.event | Update id=905840262 is handled. Duration 197 ms by bot id=8737871300
2026-07-07 21:44:30 | INFO     | aiogram.event | Update id=905840263 is handled. Duration 217 ms by bot id=8737871300
2026-07-07 21:44:33 | INFO     | aiogram.event | Update id=905840264 is handled. Duration 520 ms by bot id=8737871300
2026-07-07 21:44:39 | INFO     | aiogram.event | Update id=905840265 is handled. Duration 182 ms by bot id=8737871300
2026-07-07 21:44:43 | INFO     | aiogram.event | Update id=905840266 is handled. Duration 202 ms by bot id=8737871300
2026-07-07 21:44:51 | INFO     | aiogram.event | Update id=905840267 is handled. Duration 215 ms by bot id=8737871300
2026-07-07 21:44:54 | INFO     | aiogram.event | Update id=905840268 is not handled. Duration 8 ms by bot id=8737871300
2026-07-07 21:46:30 | INFO     | aiogram.event | Update id=905840269 is handled. Duration 161 ms by bot id=8737871300
2026-07-07 21:52:53 | INFO     | aiogram.dispatcher | Polling stopped
2026-07-07 21:52:53 | ERROR    | aiogram.dispatcher | Failed to fetch updates - TelegramNetworkError: HTTP Client says - ServerDisconnectedError: Server disconnected
2026-07-07 21:52:53 | WARNING  | aiogram.dispatcher | Sleep for 1.000000 seconds and try again... (tryings = 0, bot id = 8737871300)
2026-07-07 21:52:53 | INFO     | __main__ | Bot to'xtatildi.
2026-07-07 21:52:53 | INFO     | aiogram.dispatcher | Polling stopped for bot @uzbmediakino_bot id=8737871300 - 'UZB MEDIA'
2026-07-07 21:52:53 | INFO     | __main__ | Bot foydalanuvchi tomonidan to'xtatildi.
2026-07-07 21:53:02 | INFO     | __main__ | Baza ulandi: data/database.db
2026-07-07 21:53:02 | INFO     | aiogram.dispatcher | Start polling
2026-07-07 21:53:02 | INFO     | aiogram.dispatcher | Run polling for bot @uzbmediakino_bot id=8737871300 - 'UZB MEDIA'
2026-07-07 21:53:34 | INFO     | aiogram.event | Update id=905840270 is handled. Duration 663 ms by bot id=8737871300
2026-07-07 21:53:39 | INFO     | aiogram.event | Update id=905840271 is handled. Duration 192 ms by bot id=8737871300
2026-07-07 21:53:41 | INFO     | aiogram.event | Update id=905840272 is handled. Duration 213 ms by bot id=8737871300
2026-07-07 21:53:42 | INFO     | aiogram.event | Update id=905840273 is handled. Duration 206 ms by bot id=8737871300
2026-07-07 21:53:43 | INFO     | aiogram.event | Update id=905840274 is handled. Duration 181 ms by bot id=8737871300
2026-07-07 21:53:47 | INFO     | aiogram.event | Update id=905840275 is handled. Duration 209 ms by bot id=8737871300
2026-07-07 21:53:52 | INFO     | aiogram.event | Update id=905840276 is handled. Duration 193 ms by bot id=8737871300
2026-07-07 21:53:54 | INFO     | aiogram.event | Update id=905840277 is handled. Duration 227 ms by bot id=8737871300
2026-07-07 21:56:00 | INFO     | aiogram.event | Update id=905840278 is handled. Duration 371 ms by bot id=8737871300
2026-07-07 21:56:02 | INFO     | aiogram.event | Update id=905840279 is handled. Duration 225 ms by bot id=8737871300
2026-07-07 21:56:17 | INFO     | __main__ | Baza ulandi: data/database.db
2026-07-07 21:56:17 | INFO     | aiogram.dispatcher | Start polling
2026-07-07 21:56:17 | INFO     | aiogram.dispatcher | Run polling for bot @uzbmediakino_bot id=8737871300 - 'UZB MEDIA'
2026-07-07 21:56:18 | INFO     | aiogram.event | Update id=905840281 is not handled. Duration 5 ms by bot id=8737871300
2026-07-07 21:56:22 | INFO     | aiogram.event | Update id=905840282 is handled. Duration 604 ms by bot id=8737871300
2026-07-07 21:56:24 | INFO     | aiogram.event | Update id=905840283 is handled. Duration 200 ms by bot id=8737871300
2026-07-07 21:56:26 | INFO     | aiogram.event | Update id=905840284 is handled. Duration 341 ms by bot id=8737871300
2026-07-07 21:56:27 | INFO     | aiogram.event | Update id=905840285 is handled. Duration 178 ms by bot id=8737871300
2026-07-07 21:56:28 | INFO     | aiogram.event | Update id=905840286 is handled. Duration 302 ms by bot id=8737871300
2026-07-07 21:56:29 | INFO     | aiogram.event | Update id=905840287 is handled. Duration 227 ms by bot id=8737871300
2026-07-07 21:56:33 | INFO     | aiogram.event | Update id=905840288 is handled. Duration 194 ms by bot id=8737871300
2026-07-07 21:56:34 | INFO     | aiogram.event | Update id=905840289 is handled. Duration 210 ms by bot id=8737871300
2026-07-07 21:56:35 | INFO     | aiogram.event | Update id=905840290 is handled. Duration 604 ms by bot id=8737871300
2026-07-07 21:56:35 | INFO     | aiogram.event | Update id=905840291 is handled. Duration 187 ms by bot id=8737871300
2026-07-07 21:56:36 | INFO     | aiogram.event | Update id=905840292 is handled. Duration 211 ms by bot id=8737871300
2026-07-07 21:58:59 | INFO     | aiogram.dispatcher | Polling stopped
2026-07-07 21:58:59 | ERROR    | aiogram.dispatcher | Failed to fetch updates - TelegramNetworkError: HTTP Client says - ServerDisconnectedError: Server disconnected
2026-07-07 21:58:59 | WARNING  | aiogram.dispatcher | Sleep for 1.000000 seconds and try again... (tryings = 0, bot id = 8737871300)
2026-07-07 21:58:59 | INFO     | __main__ | Bot to'xtatildi.
2026-07-07 21:58:59 | INFO     | aiogram.dispatcher | Polling stopped for bot @uzbmediakino_bot id=8737871300 - 'UZB MEDIA'
2026-07-07 21:58:59 | INFO     | __main__ | Bot foydalanuvchi tomonidan to'xtatildi.
2026-07-07 21:59:13 | INFO     | __main__ | Baza ulandi: data/database.db
2026-07-07 21:59:13 | INFO     | aiogram.dispatcher | Start polling
2026-07-07 21:59:13 | INFO     | aiogram.dispatcher | Run polling for bot @uzbmediakino_bot id=8737871300 - 'UZB MEDIA'
2026-07-07 21:59:18 | INFO     | aiogram.event | Update id=905840293 is handled. Duration 575 ms by bot id=8737871300
2026-07-07 21:59:20 | INFO     | aiogram.event | Update id=905840294 is handled. Duration 184 ms by bot id=8737871300
2026-07-07 21:59:22 | INFO     | aiogram.event | Update id=905840295 is handled. Duration 173 ms by bot id=8737871300
2026-07-07 21:59:24 | INFO     | aiogram.event | Update id=905840296 is handled. Duration 196 ms by bot id=8737871300
2026-07-07 21:59:25 | INFO     | aiogram.event | Update id=905840297 is handled. Duration 200 ms by bot id=8737871300
2026-07-07 21:59:27 | INFO     | aiogram.event | Update id=905840298 is handled. Duration 454 ms by bot id=8737871300
2026-07-07 21:59:34 | INFO     | aiogram.event | Update id=905840299 is handled. Duration 363 ms by bot id=8737871300
2026-07-07 21:59:38 | INFO     | aiogram.event | Update id=905840300 is handled. Duration 385 ms by bot id=8737871300
2026-07-07 21:59:39 | INFO     | aiogram.event | Update id=905840301 is handled. Duration 537 ms by bot id=8737871300
2026-07-07 21:59:45 | INFO     | aiogram.event | Update id=905840302 is handled. Duration 488 ms by bot id=8737871300
2026-07-07 21:59:49 | INFO     | aiogram.event | Update id=905840303 is handled. Duration 452 ms by bot id=8737871300
2026-07-07 21:59:55 | INFO     | aiogram.event | Update id=905840304 is handled. Duration 382 ms by bot id=8737871300
2026-07-07 21:59:58 | INFO     | aiogram.event | Update id=905840305 is handled. Duration 372 ms by bot id=8737871300
2026-07-07 22:00:00 | INFO     | aiogram.event | Update id=905840306 is handled. Duration 186 ms by bot id=8737871300
2026-07-07 22:00:03 | INFO     | aiogram.event | Update id=905840307 is handled. Duration 173 ms by bot id=8737871300
2026-07-07 22:00:07 | INFO     | aiogram.event | Update id=905840308 is handled. Duration 373 ms by bot id=8737871300
2026-07-07 22:00:08 | INFO     | aiogram.event | Update id=905840309 is handled. Duration 177 ms by bot id=8737871300
2026-07-07 22:00:11 | INFO     | aiogram.event | Update id=905840310 is handled. Duration 376 ms by bot id=8737871300
2026-07-07 22:00:14 | INFO     | aiogram.event | Update id=905840311 is handled. Duration 196 ms by bot id=8737871300
2026-07-07 22:00:17 | INFO     | aiogram.event | Update id=905840312 is handled. Duration 485 ms by bot id=8737871300
2026-07-07 22:02:40 | INFO     | aiogram.dispatcher | Polling stopped
2026-07-07 22:02:40 | ERROR    | aiogram.dispatcher | Failed to fetch updates - TelegramNetworkError: HTTP Client says - ServerDisconnectedError: Server disconnected
2026-07-07 22:02:40 | WARNING  | aiogram.dispatcher | Sleep for 1.000000 seconds and try again... (tryings = 0, bot id = 8737871300)
2026-07-07 22:02:41 | INFO     | __main__ | Bot to'xtatildi.
2026-07-07 22:02:41 | INFO     | aiogram.dispatcher | Polling stopped for bot @uzbmediakino_bot id=8737871300 - 'UZB MEDIA'
2026-07-07 22:02:41 | INFO     | __main__ | Bot foydalanuvchi tomonidan to'xtatildi.
2026-07-07 22:02:56 | INFO     | __main__ | Baza ulandi: data/database.db
2026-07-07 22:02:56 | INFO     | aiogram.dispatcher | Start polling
2026-07-07 22:02:56 | INFO     | aiogram.dispatcher | Run polling for bot @uzbmediakino_bot id=8737871300 - 'UZB MEDIA'
2026-07-07 22:03:34 | INFO     | aiogram.event | Update id=905840313 is handled. Duration 692 ms by bot id=8737871300
2026-07-07 22:03:36 | INFO     | aiogram.event | Update id=905840314 is handled. Duration 183 ms by bot id=8737871300
2026-07-07 22:03:37 | INFO     | aiogram.event | Update id=905840315 is handled. Duration 221 ms by bot id=8737871300
2026-07-07 22:03:39 | INFO     | aiogram.event | Update id=905840316 is handled. Duration 223 ms by bot id=8737871300
2026-07-07 22:03:41 | INFO     | aiogram.event | Update id=905840317 is handled. Duration 507 ms by bot id=8737871300
2026-07-07 22:03:44 | INFO     | aiogram.event | Update id=905840318 is handled. Duration 232 ms by bot id=8737871300
2026-07-07 22:03:46 | INFO     | aiogram.event | Update id=905840319 is handled. Duration 574 ms by bot id=8737871300
2026-07-07 22:03:47 | INFO     | aiogram.event | Update id=905840320 is handled. Duration 415 ms by bot id=8737871300
2026-07-07 22:03:49 | INFO     | aiogram.event | Update id=905840321 is handled. Duration 178 ms by bot id=8737871300
2026-07-07 22:05:22 | INFO     | aiogram.dispatcher | Polling stopped
2026-07-07 22:05:22 | ERROR    | aiogram.dispatcher | Failed to fetch updates - TelegramNetworkError: HTTP Client says - ServerDisconnectedError: Server disconnected
2026-07-07 22:05:22 | WARNING  | aiogram.dispatcher | Sleep for 1.000000 seconds and try again... (tryings = 0, bot id = 8737871300)
2026-07-07 22:05:23 | INFO     | __main__ | Bot to'xtatildi.
2026-07-07 22:05:23 | INFO     | aiogram.dispatcher | Polling stopped for bot @uzbmediakino_bot id=8737871300 - 'UZB MEDIA'
2026-07-07 22:05:23 | INFO     | __main__ | Bot foydalanuvchi tomonidan to'xtatildi.
2026-07-07 22:05:35 | INFO     | __main__ | Baza ulandi: data/database.db
2026-07-07 22:05:35 | INFO     | aiogram.dispatcher | Start polling
2026-07-07 22:05:35 | INFO     | aiogram.dispatcher | Run polling for bot @uzbmediakino_bot id=8737871300 - 'UZB MEDIA'
2026-07-07 22:06:13 | INFO     | aiogram.event | Update id=905840322 is handled. Duration 466 ms by bot id=8737871300
2026-07-07 22:06:15 | INFO     | aiogram.event | Update id=905840323 is handled. Duration 520 ms by bot id=8737871300
2026-07-07 22:10:18 | INFO     | aiogram.event | Update id=905840324 is handled. Duration 234 ms by bot id=8737871300
2026-07-07 22:10:21 | INFO     | aiogram.event | Update id=905840325 is handled. Duration 207 ms by bot id=8737871300
2026-07-07 22:15:05 | INFO     | aiogram.dispatcher | Polling stopped
2026-07-07 22:15:05 | ERROR    | aiogram.dispatcher | Failed to fetch updates - TelegramNetworkError: HTTP Client says - ServerDisconnectedError: Server disconnected
2026-07-07 22:15:05 | WARNING  | aiogram.dispatcher | Sleep for 1.000000 seconds and try again... (tryings = 0, bot id = 8737871300)
2026-07-07 22:15:05 | INFO     | __main__ | Bot to'xtatildi.
2026-07-07 22:15:05 | INFO     | aiogram.dispatcher | Polling stopped for bot @uzbmediakino_bot id=8737871300 - 'UZB MEDIA'
2026-07-07 22:15:05 | INFO     | __main__ | Bot foydalanuvchi tomonidan to'xtatildi.
2026-07-07 22:15:16 | INFO     | __main__ | Baza ulandi: data/database.db
2026-07-07 22:15:16 | INFO     | aiogram.dispatcher | Start polling
2026-07-07 22:15:16 | INFO     | aiogram.dispatcher | Run polling for bot @uzbmediakino_bot id=8737871300 - 'UZB MEDIA'
2026-07-07 22:15:56 | INFO     | aiogram.event | Update id=905840326 is handled. Duration 695 ms by bot id=8737871300
2026-07-07 22:16:50 | INFO     | aiogram.dispatcher | Polling stopped
2026-07-07 22:16:50 | ERROR    | aiogram.dispatcher | Failed to fetch updates - TelegramNetworkError: HTTP Client says - ServerDisconnectedError: Server disconnected
2026-07-07 22:16:50 | WARNING  | aiogram.dispatcher | Sleep for 1.000000 seconds and try again... (tryings = 0, bot id = 8737871300)
2026-07-07 22:16:50 | INFO     | __main__ | Bot to'xtatildi.
2026-07-07 22:16:50 | INFO     | aiogram.dispatcher | Polling stopped for bot @uzbmediakino_bot id=8737871300 - 'UZB MEDIA'
2026-07-07 22:16:50 | INFO     | __main__ | Bot foydalanuvchi tomonidan to'xtatildi.
2026-07-07 22:16:58 | INFO     | __main__ | Baza ulandi: data/database.db
2026-07-07 22:16:58 | INFO     | aiogram.dispatcher | Start polling
2026-07-07 22:16:58 | INFO     | aiogram.dispatcher | Run polling for bot @uzbmediakino_bot id=8737871300 - 'UZB MEDIA'
2026-07-07 22:17:04 | INFO     | aiogram.event | Update id=905840327 is handled. Duration 683 ms by bot id=8737871300
2026-07-07 23:25:11 | ERROR    | aiogram.dispatcher | Failed to fetch updates - TelegramNetworkError: HTTP Client says - Request timeout error
2026-07-07 23:25:11 | WARNING  | aiogram.dispatcher | Sleep for 1.000000 seconds and try again... (tryings = 0, bot id = 8737871300)
2026-07-07 23:25:23 | INFO     | aiogram.dispatcher | Connection established (tryings = 1, bot id = 8737871300)
2026-07-07 23:32:50 | ERROR    | aiogram.dispatcher | Failed to fetch updates - TelegramNetworkError: HTTP Client says - Request timeout error
2026-07-07 23:32:50 | WARNING  | aiogram.dispatcher | Sleep for 1.000000 seconds and try again... (tryings = 0, bot id = 8737871300)
2026-07-07 23:33:02 | INFO     | aiogram.dispatcher | Connection established (tryings = 1, bot id = 8737871300)
2026-07-07 23:38:43 | ERROR    | aiogram.dispatcher | Failed to fetch updates - TelegramNetworkError: HTTP Client says - ClientOSError: [WinError 64] Указанное сетевое имя более недоступно
2026-07-07 23:38:43 | WARNING  | aiogram.dispatcher | Sleep for 1.000000 seconds and try again... (tryings = 0, bot id = 8737871300)
2026-07-07 23:38:54 | INFO     | aiogram.dispatcher | Connection established (tryings = 1, bot id = 8737871300)
2026-07-08 13:47:41 | INFO     | __main__ | Baza ulandi: data/database.db
2026-07-08 13:47:41 | INFO     | aiogram.dispatcher | Start polling
2026-07-08 13:47:41 | INFO     | aiogram.dispatcher | Run polling for bot @uzbmediakino_bot id=8737871300 - 'UZB MEDIA'
2026-07-08 13:47:49 | INFO     | aiogram.event | Update id=905840328 is handled. Duration 733 ms by bot id=8737871300
2026-07-08 13:47:58 | INFO     | aiogram.event | Update id=905840329 is handled. Duration 226 ms by bot id=8737871300
2026-07-08 13:48:00 | INFO     | aiogram.event | Update id=905840330 is handled. Duration 293 ms by bot id=8737871300
2026-07-08 13:48:02 | INFO     | aiogram.event | Update id=905840331 is handled. Duration 258 ms by bot id=8737871300
2026-07-08 13:48:04 | INFO     | aiogram.event | Update id=905840332 is handled. Duration 516 ms by bot id=8737871300
2026-07-08 13:48:06 | INFO     | aiogram.event | Update id=905840333 is handled. Duration 202 ms by bot id=8737871300
2026-07-08 13:48:12 | INFO     | aiogram.event | Update id=905840334 is handled. Duration 593 ms by bot id=8737871300
2026-07-08 13:48:14 | INFO     | aiogram.event | Update id=905840335 is handled. Duration 262 ms by bot id=8737871300
2026-07-08 13:48:16 | INFO     | aiogram.event | Update id=905840336 is handled. Duration 194 ms by bot id=8737871300
2026-07-08 13:48:47 | INFO     | aiogram.event | Update id=905840337 is handled. Duration 230 ms by bot id=8737871300
2026-07-08 13:48:49 | INFO     | aiogram.event | Update id=905840338 is handled. Duration 207 ms by bot id=8737871300
2026-07-08 13:48:52 | INFO     | aiogram.event | Update id=905840339 is handled. Duration 376 ms by bot id=8737871300
2026-07-08 13:48:54 | INFO     | aiogram.event | Update id=905840340 is handled. Duration 366 ms by bot id=8737871300
2026-07-08 13:49:10 | INFO     | aiogram.event | Update id=905840341 is handled. Duration 288 ms by bot id=8737871300
2026-07-08 14:04:17 | INFO     | aiogram.dispatcher | Polling stopped
2026-07-08 14:04:17 | ERROR    | aiogram.dispatcher | Failed to fetch updates - TelegramNetworkError: HTTP Client says - ServerDisconnectedError: Server disconnected
2026-07-08 14:04:17 | WARNING  | aiogram.dispatcher | Sleep for 1.000000 seconds and try again... (tryings = 0, bot id = 8737871300)
2026-07-08 14:04:17 | INFO     | __main__ | Bot to'xtatildi.
2026-07-08 14:04:17 | INFO     | aiogram.dispatcher | Polling stopped for bot @uzbmediakino_bot id=8737871300 - 'UZB MEDIA'
2026-07-08 14:04:17 | INFO     | __main__ | Bot foydalanuvchi tomonidan to'xtatildi.
2026-07-08 14:04:24 | INFO     | __main__ | Baza ulandi: data/database.db
2026-07-08 14:04:24 | INFO     | aiogram.dispatcher | Start polling
2026-07-08 14:04:24 | INFO     | aiogram.dispatcher | Run polling for bot @uzbmediakino_bot id=8737871300 - 'UZB MEDIA'
2026-07-08 14:04:40 | INFO     | aiogram.event | Update id=905840342 is handled. Duration 735 ms by bot id=8737871300
2026-07-08 14:04:59 | INFO     | aiogram.event | Update id=905840343 is handled. Duration 382 ms by bot id=8737871300
2026-07-08 14:05:05 | INFO     | aiogram.event | Update id=905840344 is handled. Duration 159 ms by bot id=8737871300
2026-07-08 14:05:09 | INFO     | aiogram.event | Update id=905840345 is handled. Duration 188 ms by bot id=8737871300
2026-07-08 14:05:16 | INFO     | aiogram.event | Update id=905840346 is handled. Duration 329 ms by bot id=8737871300
2026-07-08 14:05:25 | INFO     | aiogram.event | Update id=905840347 is handled. Duration 187 ms by bot id=8737871300
2026-07-08 14:05:30 | INFO     | aiogram.event | Update id=905840348 is handled. Duration 318 ms by bot id=8737871300
2026-07-08 14:05:39 | ERROR    | __main__ | Update ishlov berishda xatolik: 'Update' object has no attribute 'answer' | update=update_id=905840349 message=Message(message_id=1287, date=datetime.datetime(2026, 7, 8, 9, 5, 39, tzinfo=TzInfo(UTC)), chat=Chat(id=5041903465, type='private', title=None, username='maftunaaa_012', first_name='Maftuna', last_name=None, is_forum=None, is_direct_messages=None, accent_color_id=None, active_usernames=None, available_reactions=None, background_custom_emoji_id=None, bio=None, birthdate=None, business_intro=None, business_location=None, business_opening_hours=None, can_set_sticker_set=None, custom_emoji_sticker_set_name=None, description=None, emoji_status_custom_emoji_id=None, emoji_status_expiration_date=None, has_aggressive_anti_spam_enabled=None, has_hidden_members=None, has_private_forwards=None, has_protected_content=None, has_restricted_voice_and_video_messages=None, has_visible_history=None, invite_link=None, join_by_request=None, join_to_send_messages=None, linked_chat_id=None, location=None, message_auto_delete_time=None, permissions=None, personal_chat=None, photo=None, pinned_message=None, profile_accent_color_id=None, profile_background_custom_emoji_id=None, slow_mode_delay=None, sticker_set_name=None, unrestrict_boost_count=None), message_thread_id=None, direct_messages_topic=None, from_user=User(id=5041903465, is_bot=False, first_name='Maftuna', last_name=None, username='maftunaaa_012', language_code='uz', is_premium=None, added_to_attachment_menu=None, can_join_groups=None, can_read_all_group_messages=None, supports_guest_queries=None, supports_inline_queries=None, can_connect_to_business=None, has_main_web_app=None, has_topics_enabled=None, allows_users_to_create_topics=None, can_manage_bots=None, supports_join_request_queries=None), sender_chat=None, sender_boost_count=None, sender_business_bot=None, sender_tag=None, guest_query_id=None, business_connection_id=None, forward_origin=None, is_topic_message=None, is_automatic_forward=None, reply_to_message=None, external_reply=None, quote=None, reply_to_story=None, reply_to_checklist_task_id=None, reply_to_poll_option_id=None, via_bot=None, guest_bot_caller_user=None, guest_bot_caller_chat=None, edit_date=None, has_protected_content=None, is_from_offline=None, is_paid_post=None, media_group_id=None, author_signature=None, paid_star_count=None, text='/start', entities=[MessageEntity(type='bot_command', offset=0, length=6, url=None, user=None, language=None, custom_emoji_id=None, unix_time=None, date_time_format=None)], link_preview_options=None, suggested_post_info=None, effect_id=None, animation=None, audio=None, document=None, live_photo=None, paid_media=None, photo=None, sticker=None, story=None, video=None, video_note=None, voice=None, caption=None, caption_entities=None, show_caption_above_media=None, has_media_spoiler=None, checklist=None, contact=None, dice=None, game=None, poll=None, venue=None, location=None, new_chat_members=None, left_chat_member=None, chat_owner_left=None, chat_owner_changed=None, new_chat_title=None, new_chat_photo=None, delete_chat_photo=None, group_chat_created=None, supergroup_chat_created=None, channel_chat_created=None, message_auto_delete_timer_changed=None, migrate_to_chat_id=None, migrate_from_chat_id=None, pinned_message=None, invoice=None, successful_payment=None, refunded_payment=None, users_shared=None, chat_shared=None, gift=None, unique_gift=None, gift_upgrade_sent=None, connected_website=None, write_access_allowed=None, passport_data=None, proximity_alert_triggered=None, boost_added=None, chat_background_set=None, checklist_tasks_done=None, checklist_tasks_added=None, direct_message_price_changed=None, forum_topic_created=None, forum_topic_edited=None, forum_topic_closed=None, forum_topic_reopened=None, general_forum_topic_hidden=None, general_forum_topic_unhidden=None, giveaway_created=None, giveaway=None, giveaway_winners=None, giveaway_completed=None, managed_bot_created=None, paid_message_price_changed=None, poll_option_added=None, poll_option_deleted=None, suggested_post_approved=None, suggested_post_approval_failed=None, suggested_post_declined=None, suggested_post_paid=None, suggested_post_refunded=None, video_chat_scheduled=None, video_chat_started=None, video_chat_ended=None, video_chat_participants_invited=None, web_app_data=None, reply_markup=None, rich_message=None, forward_date=None, forward_from=None, forward_from_chat=None, forward_from_message_id=None, forward_sender_name=None, forward_signature=None, user_shared=None) edited_message=None channel_post=None edited_channel_post=None business_connection=None business_message=None edited_business_message=None deleted_business_messages=None guest_message=None message_reaction=None message_reaction_count=None inline_query=None chosen_inline_result=None callback_query=None shipping_query=None pre_checkout_query=None purchased_paid_media=None poll=None poll_answer=None my_chat_member=None chat_member=None chat_join_request=None chat_boost=None removed_chat_boost=None managed_bot=None
Traceback (most recent call last):
  File "C:\Users\PC.UZ\AppData\Local\Programs\Python\Python313\Lib\site-packages\aiogram\dispatcher\middlewares\error.py", line 27, in __call__
    return await handler(event, data)
           ^^^^^^^^^^^^^^^^^^^^^^^^^^
  File "C:\Users\PC.UZ\AppData\Local\Programs\Python\Python313\Lib\site-packages\aiogram\dispatcher\middlewares\user_context.py", line 58, in __call__
    return await handler(event, data)
           ^^^^^^^^^^^^^^^^^^^^^^^^^^
  File "C:\Users\PC.UZ\AppData\Local\Programs\Python\Python313\Lib\site-packages\aiogram\fsm\middleware.py", line 43, in __call__
    return await handler(event, data)
           ^^^^^^^^^^^^^^^^^^^^^^^^^^
  File "C:\Users\PC.UZ\AppData\Local\Programs\Python\Python313\Lib\site-packages\aiogram\dispatcher\event\telegram.py", line 126, in trigger
    return await wrapped_inner(event, kwargs)
           ^^^^^^^^^^^^^^^^^^^^^^^^^^^^^^^^^^
  File "c:\Users\PC.UZ\Desktop\cinema_bot\middlewares\db.py", line 23, in __call__
    return await handler(event, data)
           ^^^^^^^^^^^^^^^^^^^^^^^^^^
  File "c:\Users\PC.UZ\Desktop\cinema_bot\middlewares\i18n.py", line 42, in __call__
    return await handler(event, data)
           ^^^^^^^^^^^^^^^^^^^^^^^^^^
  File "c:\Users\PC.UZ\Desktop\cinema_bot\middlewares\block.py", line 33, in __call__
    await event.answer(text)
          ^^^^^^^^^^^^
  File "C:\Users\PC.UZ\AppData\Roaming\Python\Python313\site-packages\pydantic\main.py", line 991, in __getattr__
    raise AttributeError(f'{type(self).__name__!r} object has no attribute {item!r}')
AttributeError: 'Update' object has no attribute 'answer'
2026-07-08 14:05:39 | INFO     | aiogram.event | Update id=905840349 is handled. Duration 46 ms by bot id=8737871300
2026-07-08 14:05:41 | ERROR    | __main__ | Update ishlov berishda xatolik: 'Update' object has no attribute 'answer' | update=update_id=905840350 message=Message(message_id=1288, date=datetime.datetime(2026, 7, 8, 9, 5, 41, tzinfo=TzInfo(UTC)), chat=Chat(id=5041903465, type='private', title=None, username='maftunaaa_012', first_name='Maftuna', last_name=None, is_forum=None, is_direct_messages=None, accent_color_id=None, active_usernames=None, available_reactions=None, background_custom_emoji_id=None, bio=None, birthdate=None, business_intro=None, business_location=None, business_opening_hours=None, can_set_sticker_set=None, custom_emoji_sticker_set_name=None, description=None, emoji_status_custom_emoji_id=None, emoji_status_expiration_date=None, has_aggressive_anti_spam_enabled=None, has_hidden_members=None, has_private_forwards=None, has_protected_content=None, has_restricted_voice_and_video_messages=None, has_visible_history=None, invite_link=None, join_by_request=None, join_to_send_messages=None, linked_chat_id=None, location=None, message_auto_delete_time=None, permissions=None, personal_chat=None, photo=None, pinned_message=None, profile_accent_color_id=None, profile_background_custom_emoji_id=None, slow_mode_delay=None, sticker_set_name=None, unrestrict_boost_count=None), message_thread_id=None, direct_messages_topic=None, from_user=User(id=5041903465, is_bot=False, first_name='Maftuna', last_name=None, username='maftunaaa_012', language_code='uz', is_premium=None, added_to_attachment_menu=None, can_join_groups=None, can_read_all_group_messages=None, supports_guest_queries=None, supports_inline_queries=None, can_connect_to_business=None, has_main_web_app=None, has_topics_enabled=None, allows_users_to_create_topics=None, can_manage_bots=None, supports_join_request_queries=None), sender_chat=None, sender_boost_count=None, sender_business_bot=None, sender_tag=None, guest_query_id=None, business_connection_id=None, forward_origin=None, is_topic_message=None, is_automatic_forward=None, reply_to_message=None, external_reply=None, quote=None, reply_to_story=None, reply_to_checklist_task_id=None, reply_to_poll_option_id=None, via_bot=None, guest_bot_caller_user=None, guest_bot_caller_chat=None, edit_date=None, has_protected_content=None, is_from_offline=None, is_paid_post=None, media_group_id=None, author_signature=None, paid_star_count=None, text='/start', entities=[MessageEntity(type='bot_command', offset=0, length=6, url=None, user=None, language=None, custom_emoji_id=None, unix_time=None, date_time_format=None)], link_preview_options=None, suggested_post_info=None, effect_id=None, animation=None, audio=None, document=None, live_photo=None, paid_media=None, photo=None, sticker=None, story=None, video=None, video_note=None, voice=None, caption=None, caption_entities=None, show_caption_above_media=None, has_media_spoiler=None, checklist=None, contact=None, dice=None, game=None, poll=None, venue=None, location=None, new_chat_members=None, left_chat_member=None, chat_owner_left=None, chat_owner_changed=None, new_chat_title=None, new_chat_photo=None, delete_chat_photo=None, group_chat_created=None, supergroup_chat_created=None, channel_chat_created=None, message_auto_delete_timer_changed=None, migrate_to_chat_id=None, migrate_from_chat_id=None, pinned_message=None, invoice=None, successful_payment=None, refunded_payment=None, users_shared=None, chat_shared=None, gift=None, unique_gift=None, gift_upgrade_sent=None, connected_website=None, write_access_allowed=None, passport_data=None, proximity_alert_triggered=None, boost_added=None, chat_background_set=None, checklist_tasks_done=None, checklist_tasks_added=None, direct_message_price_changed=None, forum_topic_created=None, forum_topic_edited=None, forum_topic_closed=None, forum_topic_reopened=None, general_forum_topic_hidden=None, general_forum_topic_unhidden=None, giveaway_created=None, giveaway=None, giveaway_winners=None, giveaway_completed=None, managed_bot_created=None, paid_message_price_changed=None, poll_option_added=None, poll_option_deleted=None, suggested_post_approved=None, suggested_post_approval_failed=None, suggested_post_declined=None, suggested_post_paid=None, suggested_post_refunded=None, video_chat_scheduled=None, video_chat_started=None, video_chat_ended=None, video_chat_participants_invited=None, web_app_data=None, reply_markup=None, rich_message=None, forward_date=None, forward_from=None, forward_from_chat=None, forward_from_message_id=None, forward_sender_name=None, forward_signature=None, user_shared=None) edited_message=None channel_post=None edited_channel_post=None business_connection=None business_message=None edited_business_message=None deleted_business_messages=None guest_message=None message_reaction=None message_reaction_count=None inline_query=None chosen_inline_result=None callback_query=None shipping_query=None pre_checkout_query=None purchased_paid_media=None poll=None poll_answer=None my_chat_member=None chat_member=None chat_join_request=None chat_boost=None removed_chat_boost=None managed_bot=None
Traceback (most recent call last):
  File "C:\Users\PC.UZ\AppData\Local\Programs\Python\Python313\Lib\site-packages\aiogram\dispatcher\middlewares\error.py", line 27, in __call__
    return await handler(event, data)
           ^^^^^^^^^^^^^^^^^^^^^^^^^^
  File "C:\Users\PC.UZ\AppData\Local\Programs\Python\Python313\Lib\site-packages\aiogram\dispatcher\middlewares\user_context.py", line 58, in __call__
    return await handler(event, data)
           ^^^^^^^^^^^^^^^^^^^^^^^^^^
  File "C:\Users\PC.UZ\AppData\Local\Programs\Python\Python313\Lib\site-packages\aiogram\fsm\middleware.py", line 43, in __call__
    return await handler(event, data)
           ^^^^^^^^^^^^^^^^^^^^^^^^^^
  File "C:\Users\PC.UZ\AppData\Local\Programs\Python\Python313\Lib\site-packages\aiogram\dispatcher\event\telegram.py", line 126, in trigger
    return await wrapped_inner(event, kwargs)
           ^^^^^^^^^^^^^^^^^^^^^^^^^^^^^^^^^^
  File "c:\Users\PC.UZ\Desktop\cinema_bot\middlewares\db.py", line 23, in __call__
    return await handler(event, data)
           ^^^^^^^^^^^^^^^^^^^^^^^^^^
  File "c:\Users\PC.UZ\Desktop\cinema_bot\middlewares\i18n.py", line 42, in __call__
    return await handler(event, data)
           ^^^^^^^^^^^^^^^^^^^^^^^^^^
  File "c:\Users\PC.UZ\Desktop\cinema_bot\middlewares\block.py", line 33, in __call__
    await event.answer(text)
          ^^^^^^^^^^^^
  File "C:\Users\PC.UZ\AppData\Roaming\Python\Python313\site-packages\pydantic\main.py", line 991, in __getattr__
    raise AttributeError(f'{type(self).__name__!r} object has no attribute {item!r}')
AttributeError: 'Update' object has no attribute 'answer'
2026-07-08 14:05:41 | INFO     | aiogram.event | Update id=905840350 is handled. Duration 7 ms by bot id=8737871300
2026-07-08 14:05:42 | ERROR    | __main__ | Update ishlov berishda xatolik: 'Update' object has no attribute 'answer' | update=update_id=905840351 message=Message(message_id=1289, date=datetime.datetime(2026, 7, 8, 9, 5, 42, tzinfo=TzInfo(UTC)), chat=Chat(id=5041903465, type='private', title=None, username='maftunaaa_012', first_name='Maftuna', last_name=None, is_forum=None, is_direct_messages=None, accent_color_id=None, active_usernames=None, available_reactions=None, background_custom_emoji_id=None, bio=None, birthdate=None, business_intro=None, business_location=None, business_opening_hours=None, can_set_sticker_set=None, custom_emoji_sticker_set_name=None, description=None, emoji_status_custom_emoji_id=None, emoji_status_expiration_date=None, has_aggressive_anti_spam_enabled=None, has_hidden_members=None, has_private_forwards=None, has_protected_content=None, has_restricted_voice_and_video_messages=None, has_visible_history=None, invite_link=None, join_by_request=None, join_to_send_messages=None, linked_chat_id=None, location=None, message_auto_delete_time=None, permissions=None, personal_chat=None, photo=None, pinned_message=None, profile_accent_color_id=None, profile_background_custom_emoji_id=None, slow_mode_delay=None, sticker_set_name=None, unrestrict_boost_count=None), message_thread_id=None, direct_messages_topic=None, from_user=User(id=5041903465, is_bot=False, first_name='Maftuna', last_name=None, username='maftunaaa_012', language_code='uz', is_premium=None, added_to_attachment_menu=None, can_join_groups=None, can_read_all_group_messages=None, supports_guest_queries=None, supports_inline_queries=None, can_connect_to_business=None, has_main_web_app=None, has_topics_enabled=None, allows_users_to_create_topics=None, can_manage_bots=None, supports_join_request_queries=None), sender_chat=None, sender_boost_count=None, sender_business_bot=None, sender_tag=None, guest_query_id=None, business_connection_id=None, forward_origin=None, is_topic_message=None, is_automatic_forward=None, reply_to_message=None, external_reply=None, quote=None, reply_to_story=None, reply_to_checklist_task_id=None, reply_to_poll_option_id=None, via_bot=None, guest_bot_caller_user=None, guest_bot_caller_chat=None, edit_date=None, has_protected_content=None, is_from_offline=None, is_paid_post=None, media_group_id=None, author_signature=None, paid_star_count=None, text='/start', entities=[MessageEntity(type='bot_command', offset=0, length=6, url=None, user=None, language=None, custom_emoji_id=None, unix_time=None, date_time_format=None)], link_preview_options=None, suggested_post_info=None, effect_id=None, animation=None, audio=None, document=None, live_photo=None, paid_media=None, photo=None, sticker=None, story=None, video=None, video_note=None, voice=None, caption=None, caption_entities=None, show_caption_above_media=None, has_media_spoiler=None, checklist=None, contact=None, dice=None, game=None, poll=None, venue=None, location=None, new_chat_members=None, left_chat_member=None, chat_owner_left=None, chat_owner_changed=None, new_chat_title=None, new_chat_photo=None, delete_chat_photo=None, group_chat_created=None, supergroup_chat_created=None, channel_chat_created=None, message_auto_delete_timer_changed=None, migrate_to_chat_id=None, migrate_from_chat_id=None, pinned_message=None, invoice=None, successful_payment=None, refunded_payment=None, users_shared=None, chat_shared=None, gift=None, unique_gift=None, gift_upgrade_sent=None, connected_website=None, write_access_allowed=None, passport_data=None, proximity_alert_triggered=None, boost_added=None, chat_background_set=None, checklist_tasks_done=None, checklist_tasks_added=None, direct_message_price_changed=None, forum_topic_created=None, forum_topic_edited=None, forum_topic_closed=None, forum_topic_reopened=None, general_forum_topic_hidden=None, general_forum_topic_unhidden=None, giveaway_created=None, giveaway=None, giveaway_winners=None, giveaway_completed=None, managed_bot_created=None, paid_message_price_changed=None, poll_option_added=None, poll_option_deleted=None, suggested_post_approved=None, suggested_post_approval_failed=None, suggested_post_declined=None, suggested_post_paid=None, suggested_post_refunded=None, video_chat_scheduled=None, video_chat_started=None, video_chat_ended=None, video_chat_participants_invited=None, web_app_data=None, reply_markup=None, rich_message=None, forward_date=None, forward_from=None, forward_from_chat=None, forward_from_message_id=None, forward_sender_name=None, forward_signature=None, user_shared=None) edited_message=None channel_post=None edited_channel_post=None business_connection=None business_message=None edited_business_message=None deleted_business_messages=None guest_message=None message_reaction=None message_reaction_count=None inline_query=None chosen_inline_result=None callback_query=None shipping_query=None pre_checkout_query=None purchased_paid_media=None poll=None poll_answer=None my_chat_member=None chat_member=None chat_join_request=None chat_boost=None removed_chat_boost=None managed_bot=None
Traceback (most recent call last):
  File "C:\Users\PC.UZ\AppData\Local\Programs\Python\Python313\Lib\site-packages\aiogram\dispatcher\middlewares\error.py", line 27, in __call__
    return await handler(event, data)
           ^^^^^^^^^^^^^^^^^^^^^^^^^^
  File "C:\Users\PC.UZ\AppData\Local\Programs\Python\Python313\Lib\site-packages\aiogram\dispatcher\middlewares\user_context.py", line 58, in __call__
    return await handler(event, data)
           ^^^^^^^^^^^^^^^^^^^^^^^^^^
  File "C:\Users\PC.UZ\AppData\Local\Programs\Python\Python313\Lib\site-packages\aiogram\fsm\middleware.py", line 43, in __call__
    return await handler(event, data)
           ^^^^^^^^^^^^^^^^^^^^^^^^^^
  File "C:\Users\PC.UZ\AppData\Local\Programs\Python\Python313\Lib\site-packages\aiogram\dispatcher\event\telegram.py", line 126, in trigger
    return await wrapped_inner(event, kwargs)
           ^^^^^^^^^^^^^^^^^^^^^^^^^^^^^^^^^^
  File "c:\Users\PC.UZ\Desktop\cinema_bot\middlewares\db.py", line 23, in __call__
    return await handler(event, data)
           ^^^^^^^^^^^^^^^^^^^^^^^^^^
  File "c:\Users\PC.UZ\Desktop\cinema_bot\middlewares\i18n.py", line 42, in __call__
    return await handler(event, data)
           ^^^^^^^^^^^^^^^^^^^^^^^^^^
  File "c:\Users\PC.UZ\Desktop\cinema_bot\middlewares\block.py", line 33, in __call__
    await event.answer(text)
          ^^^^^^^^^^^^
  File "C:\Users\PC.UZ\AppData\Roaming\Python\Python313\site-packages\pydantic\main.py", line 991, in __getattr__
    raise AttributeError(f'{type(self).__name__!r} object has no attribute {item!r}')
AttributeError: 'Update' object has no attribute 'answer'
2026-07-08 14:05:42 | INFO     | aiogram.event | Update id=905840351 is handled. Duration 5 ms by bot id=8737871300
2026-07-08 14:05:43 | ERROR    | __main__ | Update ishlov berishda xatolik: 'Update' object has no attribute 'answer' | update=update_id=905840352 message=Message(message_id=1290, date=datetime.datetime(2026, 7, 8, 9, 5, 43, tzinfo=TzInfo(UTC)), chat=Chat(id=5041903465, type='private', title=None, username='maftunaaa_012', first_name='Maftuna', last_name=None, is_forum=None, is_direct_messages=None, accent_color_id=None, active_usernames=None, available_reactions=None, background_custom_emoji_id=None, bio=None, birthdate=None, business_intro=None, business_location=None, business_opening_hours=None, can_set_sticker_set=None, custom_emoji_sticker_set_name=None, description=None, emoji_status_custom_emoji_id=None, emoji_status_expiration_date=None, has_aggressive_anti_spam_enabled=None, has_hidden_members=None, has_private_forwards=None, has_protected_content=None, has_restricted_voice_and_video_messages=None, has_visible_history=None, invite_link=None, join_by_request=None, join_to_send_messages=None, linked_chat_id=None, location=None, message_auto_delete_time=None, permissions=None, personal_chat=None, photo=None, pinned_message=None, profile_accent_color_id=None, profile_background_custom_emoji_id=None, slow_mode_delay=None, sticker_set_name=None, unrestrict_boost_count=None), message_thread_id=None, direct_messages_topic=None, from_user=User(id=5041903465, is_bot=False, first_name='Maftuna', last_name=None, username='maftunaaa_012', language_code='uz', is_premium=None, added_to_attachment_menu=None, can_join_groups=None, can_read_all_group_messages=None, supports_guest_queries=None, supports_inline_queries=None, can_connect_to_business=None, has_main_web_app=None, has_topics_enabled=None, allows_users_to_create_topics=None, can_manage_bots=None, supports_join_request_queries=None), sender_chat=None, sender_boost_count=None, sender_business_bot=None, sender_tag=None, guest_query_id=None, business_connection_id=None, forward_origin=None, is_topic_message=None, is_automatic_forward=None, reply_to_message=None, external_reply=None, quote=None, reply_to_story=None, reply_to_checklist_task_id=None, reply_to_poll_option_id=None, via_bot=None, guest_bot_caller_user=None, guest_bot_caller_chat=None, edit_date=None, has_protected_content=None, is_from_offline=None, is_paid_post=None, media_group_id=None, author_signature=None, paid_star_count=None, text='/start', entities=[MessageEntity(type='bot_command', offset=0, length=6, url=None, user=None, language=None, custom_emoji_id=None, unix_time=None, date_time_format=None)], link_preview_options=None, suggested_post_info=None, effect_id=None, animation=None, audio=None, document=None, live_photo=None, paid_media=None, photo=None, sticker=None, story=None, video=None, video_note=None, voice=None, caption=None, caption_entities=None, show_caption_above_media=None, has_media_spoiler=None, checklist=None, contact=None, dice=None, game=None, poll=None, venue=None, location=None, new_chat_members=None, left_chat_member=None, chat_owner_left=None, chat_owner_changed=None, new_chat_title=None, new_chat_photo=None, delete_chat_photo=None, group_chat_created=None, supergroup_chat_created=None, channel_chat_created=None, message_auto_delete_timer_changed=None, migrate_to_chat_id=None, migrate_from_chat_id=None, pinned_message=None, invoice=None, successful_payment=None, refunded_payment=None, users_shared=None, chat_shared=None, gift=None, unique_gift=None, gift_upgrade_sent=None, connected_website=None, write_access_allowed=None, passport_data=None, proximity_alert_triggered=None, boost_added=None, chat_background_set=None, checklist_tasks_done=None, checklist_tasks_added=None, direct_message_price_changed=None, forum_topic_created=None, forum_topic_edited=None, forum_topic_closed=None, forum_topic_reopened=None, general_forum_topic_hidden=None, general_forum_topic_unhidden=None, giveaway_created=None, giveaway=None, giveaway_winners=None, giveaway_completed=None, managed_bot_created=None, paid_message_price_changed=None, poll_option_added=None, poll_option_deleted=None, suggested_post_approved=None, suggested_post_approval_failed=None, suggested_post_declined=None, suggested_post_paid=None, suggested_post_refunded=None, video_chat_scheduled=None, video_chat_started=None, video_chat_ended=None, video_chat_participants_invited=None, web_app_data=None, reply_markup=None, rich_message=None, forward_date=None, forward_from=None, forward_from_chat=None, forward_from_message_id=None, forward_sender_name=None, forward_signature=None, user_shared=None) edited_message=None channel_post=None edited_channel_post=None business_connection=None business_message=None edited_business_message=None deleted_business_messages=None guest_message=None message_reaction=None message_reaction_count=None inline_query=None chosen_inline_result=None callback_query=None shipping_query=None pre_checkout_query=None purchased_paid_media=None poll=None poll_answer=None my_chat_member=None chat_member=None chat_join_request=None chat_boost=None removed_chat_boost=None managed_bot=None
Traceback (most recent call last):
  File "C:\Users\PC.UZ\AppData\Local\Programs\Python\Python313\Lib\site-packages\aiogram\dispatcher\middlewares\error.py", line 27, in __call__
    return await handler(event, data)
           ^^^^^^^^^^^^^^^^^^^^^^^^^^
  File "C:\Users\PC.UZ\AppData\Local\Programs\Python\Python313\Lib\site-packages\aiogram\dispatcher\middlewares\user_context.py", line 58, in __call__
    return await handler(event, data)
           ^^^^^^^^^^^^^^^^^^^^^^^^^^
  File "C:\Users\PC.UZ\AppData\Local\Programs\Python\Python313\Lib\site-packages\aiogram\fsm\middleware.py", line 43, in __call__
    return await handler(event, data)
           ^^^^^^^^^^^^^^^^^^^^^^^^^^
  File "C:\Users\PC.UZ\AppData\Local\Programs\Python\Python313\Lib\site-packages\aiogram\dispatcher\event\telegram.py", line 126, in trigger
    return await wrapped_inner(event, kwargs)
           ^^^^^^^^^^^^^^^^^^^^^^^^^^^^^^^^^^
  File "c:\Users\PC.UZ\Desktop\cinema_bot\middlewares\db.py", line 23, in __call__
    return await handler(event, data)
           ^^^^^^^^^^^^^^^^^^^^^^^^^^
  File "c:\Users\PC.UZ\Desktop\cinema_bot\middlewares\i18n.py", line 42, in __call__
    return await handler(event, data)
           ^^^^^^^^^^^^^^^^^^^^^^^^^^
  File "c:\Users\PC.UZ\Desktop\cinema_bot\middlewares\block.py", line 33, in __call__
    await event.answer(text)
          ^^^^^^^^^^^^
  File "C:\Users\PC.UZ\AppData\Roaming\Python\Python313\site-packages\pydantic\main.py", line 991, in __getattr__
    raise AttributeError(f'{type(self).__name__!r} object has no attribute {item!r}')
AttributeError: 'Update' object has no attribute 'answer'
2026-07-08 14:05:43 | INFO     | aiogram.event | Update id=905840352 is handled. Duration 11 ms by bot id=8737871300
2026-07-08 14:05:43 | ERROR    | __main__ | Update ishlov berishda xatolik: 'Update' object has no attribute 'answer' | update=update_id=905840353 message=Message(message_id=1291, date=datetime.datetime(2026, 7, 8, 9, 5, 44, tzinfo=TzInfo(UTC)), chat=Chat(id=5041903465, type='private', title=None, username='maftunaaa_012', first_name='Maftuna', last_name=None, is_forum=None, is_direct_messages=None, accent_color_id=None, active_usernames=None, available_reactions=None, background_custom_emoji_id=None, bio=None, birthdate=None, business_intro=None, business_location=None, business_opening_hours=None, can_set_sticker_set=None, custom_emoji_sticker_set_name=None, description=None, emoji_status_custom_emoji_id=None, emoji_status_expiration_date=None, has_aggressive_anti_spam_enabled=None, has_hidden_members=None, has_private_forwards=None, has_protected_content=None, has_restricted_voice_and_video_messages=None, has_visible_history=None, invite_link=None, join_by_request=None, join_to_send_messages=None, linked_chat_id=None, location=None, message_auto_delete_time=None, permissions=None, personal_chat=None, photo=None, pinned_message=None, profile_accent_color_id=None, profile_background_custom_emoji_id=None, slow_mode_delay=None, sticker_set_name=None, unrestrict_boost_count=None), message_thread_id=None, direct_messages_topic=None, from_user=User(id=5041903465, is_bot=False, first_name='Maftuna', last_name=None, username='maftunaaa_012', language_code='uz', is_premium=None, added_to_attachment_menu=None, can_join_groups=None, can_read_all_group_messages=None, supports_guest_queries=None, supports_inline_queries=None, can_connect_to_business=None, has_main_web_app=None, has_topics_enabled=None, allows_users_to_create_topics=None, can_manage_bots=None, supports_join_request_queries=None), sender_chat=None, sender_boost_count=None, sender_business_bot=None, sender_tag=None, guest_query_id=None, business_connection_id=None, forward_origin=None, is_topic_message=None, is_automatic_forward=None, reply_to_message=None, external_reply=None, quote=None, reply_to_story=None, reply_to_checklist_task_id=None, reply_to_poll_option_id=None, via_bot=None, guest_bot_caller_user=None, guest_bot_caller_chat=None, edit_date=None, has_protected_content=None, is_from_offline=None, is_paid_post=None, media_group_id=None, author_signature=None, paid_star_count=None, text='/start', entities=[MessageEntity(type='bot_command', offset=0, length=6, url=None, user=None, language=None, custom_emoji_id=None, unix_time=None, date_time_format=None)], link_preview_options=None, suggested_post_info=None, effect_id=None, animation=None, audio=None, document=None, live_photo=None, paid_media=None, photo=None, sticker=None, story=None, video=None, video_note=None, voice=None, caption=None, caption_entities=None, show_caption_above_media=None, has_media_spoiler=None, checklist=None, contact=None, dice=None, game=None, poll=None, venue=None, location=None, new_chat_members=None, left_chat_member=None, chat_owner_left=None, chat_owner_changed=None, new_chat_title=None, new_chat_photo=None, delete_chat_photo=None, group_chat_created=None, supergroup_chat_created=None, channel_chat_created=None, message_auto_delete_timer_changed=None, migrate_to_chat_id=None, migrate_from_chat_id=None, pinned_message=None, invoice=None, successful_payment=None, refunded_payment=None, users_shared=None, chat_shared=None, gift=None, unique_gift=None, gift_upgrade_sent=None, connected_website=None, write_access_allowed=None, passport_data=None, proximity_alert_triggered=None, boost_added=None, chat_background_set=None, checklist_tasks_done=None, checklist_tasks_added=None, direct_message_price_changed=None, forum_topic_created=None, forum_topic_edited=None, forum_topic_closed=None, forum_topic_reopened=None, general_forum_topic_hidden=None, general_forum_topic_unhidden=None, giveaway_created=None, giveaway=None, giveaway_winners=None, giveaway_completed=None, managed_bot_created=None, paid_message_price_changed=None, poll_option_added=None, poll_option_deleted=None, suggested_post_approved=None, suggested_post_approval_failed=None, suggested_post_declined=None, suggested_post_paid=None, suggested_post_refunded=None, video_chat_scheduled=None, video_chat_started=None, video_chat_ended=None, video_chat_participants_invited=None, web_app_data=None, reply_markup=None, rich_message=None, forward_date=None, forward_from=None, forward_from_chat=None, forward_from_message_id=None, forward_sender_name=None, forward_signature=None, user_shared=None) edited_message=None channel_post=None edited_channel_post=None business_connection=None business_message=None edited_business_message=None deleted_business_messages=None guest_message=None message_reaction=None message_reaction_count=None inline_query=None chosen_inline_result=None callback_query=None shipping_query=None pre_checkout_query=None purchased_paid_media=None poll=None poll_answer=None my_chat_member=None chat_member=None chat_join_request=None chat_boost=None removed_chat_boost=None managed_bot=None
Traceback (most recent call last):
  File "C:\Users\PC.UZ\AppData\Local\Programs\Python\Python313\Lib\site-packages\aiogram\dispatcher\middlewares\error.py", line 27, in __call__
    return await handler(event, data)
           ^^^^^^^^^^^^^^^^^^^^^^^^^^
  File "C:\Users\PC.UZ\AppData\Local\Programs\Python\Python313\Lib\site-packages\aiogram\dispatcher\middlewares\user_context.py", line 58, in __call__
    return await handler(event, data)
           ^^^^^^^^^^^^^^^^^^^^^^^^^^
  File "C:\Users\PC.UZ\AppData\Local\Programs\Python\Python313\Lib\site-packages\aiogram\fsm\middleware.py", line 43, in __call__
    return await handler(event, data)
           ^^^^^^^^^^^^^^^^^^^^^^^^^^
  File "C:\Users\PC.UZ\AppData\Local\Programs\Python\Python313\Lib\site-packages\aiogram\dispatcher\event\telegram.py", line 126, in trigger
    return await wrapped_inner(event, kwargs)
           ^^^^^^^^^^^^^^^^^^^^^^^^^^^^^^^^^^
  File "c:\Users\PC.UZ\Desktop\cinema_bot\middlewares\db.py", line 23, in __call__
    return await handler(event, data)
           ^^^^^^^^^^^^^^^^^^^^^^^^^^
  File "c:\Users\PC.UZ\Desktop\cinema_bot\middlewares\i18n.py", line 42, in __call__
    return await handler(event, data)
           ^^^^^^^^^^^^^^^^^^^^^^^^^^
  File "c:\Users\PC.UZ\Desktop\cinema_bot\middlewares\block.py", line 33, in __call__
    await event.answer(text)
          ^^^^^^^^^^^^
  File "C:\Users\PC.UZ\AppData\Roaming\Python\Python313\site-packages\pydantic\main.py", line 991, in __getattr__
    raise AttributeError(f'{type(self).__name__!r} object has no attribute {item!r}')
AttributeError: 'Update' object has no attribute 'answer'
2026-07-08 14:05:43 | INFO     | aiogram.event | Update id=905840353 is handled. Duration 8 ms by bot id=8737871300
2026-07-08 14:05:44 | ERROR    | __main__ | Update ishlov berishda xatolik: 'Update' object has no attribute 'answer' | update=update_id=905840354 message=Message(message_id=1292, date=datetime.datetime(2026, 7, 8, 9, 5, 44, tzinfo=TzInfo(UTC)), chat=Chat(id=5041903465, type='private', title=None, username='maftunaaa_012', first_name='Maftuna', last_name=None, is_forum=None, is_direct_messages=None, accent_color_id=None, active_usernames=None, available_reactions=None, background_custom_emoji_id=None, bio=None, birthdate=None, business_intro=None, business_location=None, business_opening_hours=None, can_set_sticker_set=None, custom_emoji_sticker_set_name=None, description=None, emoji_status_custom_emoji_id=None, emoji_status_expiration_date=None, has_aggressive_anti_spam_enabled=None, has_hidden_members=None, has_private_forwards=None, has_protected_content=None, has_restricted_voice_and_video_messages=None, has_visible_history=None, invite_link=None, join_by_request=None, join_to_send_messages=None, linked_chat_id=None, location=None, message_auto_delete_time=None, permissions=None, personal_chat=None, photo=None, pinned_message=None, profile_accent_color_id=None, profile_background_custom_emoji_id=None, slow_mode_delay=None, sticker_set_name=None, unrestrict_boost_count=None), message_thread_id=None, direct_messages_topic=None, from_user=User(id=5041903465, is_bot=False, first_name='Maftuna', last_name=None, username='maftunaaa_012', language_code='uz', is_premium=None, added_to_attachment_menu=None, can_join_groups=None, can_read_all_group_messages=None, supports_guest_queries=None, supports_inline_queries=None, can_connect_to_business=None, has_main_web_app=None, has_topics_enabled=None, allows_users_to_create_topics=None, can_manage_bots=None, supports_join_request_queries=None), sender_chat=None, sender_boost_count=None, sender_business_bot=None, sender_tag=None, guest_query_id=None, business_connection_id=None, forward_origin=None, is_topic_message=None, is_automatic_forward=None, reply_to_message=None, external_reply=None, quote=None, reply_to_story=None, reply_to_checklist_task_id=None, reply_to_poll_option_id=None, via_bot=None, guest_bot_caller_user=None, guest_bot_caller_chat=None, edit_date=None, has_protected_content=None, is_from_offline=None, is_paid_post=None, media_group_id=None, author_signature=None, paid_star_count=None, text='/start', entities=[MessageEntity(type='bot_command', offset=0, length=6, url=None, user=None, language=None, custom_emoji_id=None, unix_time=None, date_time_format=None)], link_preview_options=None, suggested_post_info=None, effect_id=None, animation=None, audio=None, document=None, live_photo=None, paid_media=None, photo=None, sticker=None, story=None, video=None, video_note=None, voice=None, caption=None, caption_entities=None, show_caption_above_media=None, has_media_spoiler=None, checklist=None, contact=None, dice=None, game=None, poll=None, venue=None, location=None, new_chat_members=None, left_chat_member=None, chat_owner_left=None, chat_owner_changed=None, new_chat_title=None, new_chat_photo=None, delete_chat_photo=None, group_chat_created=None, supergroup_chat_created=None, channel_chat_created=None, message_auto_delete_timer_changed=None, migrate_to_chat_id=None, migrate_from_chat_id=None, pinned_message=None, invoice=None, successful_payment=None, refunded_payment=None, users_shared=None, chat_shared=None, gift=None, unique_gift=None, gift_upgrade_sent=None, connected_website=None, write_access_allowed=None, passport_data=None, proximity_alert_triggered=None, boost_added=None, chat_background_set=None, checklist_tasks_done=None, checklist_tasks_added=None, direct_message_price_changed=None, forum_topic_created=None, forum_topic_edited=None, forum_topic_closed=None, forum_topic_reopened=None, general_forum_topic_hidden=None, general_forum_topic_unhidden=None, giveaway_created=None, giveaway=None, giveaway_winners=None, giveaway_completed=None, managed_bot_created=None, paid_message_price_changed=None, poll_option_added=None, poll_option_deleted=None, suggested_post_approved=None, suggested_post_approval_failed=None, suggested_post_declined=None, suggested_post_paid=None, suggested_post_refunded=None, video_chat_scheduled=None, video_chat_started=None, video_chat_ended=None, video_chat_participants_invited=None, web_app_data=None, reply_markup=None, rich_message=None, forward_date=None, forward_from=None, forward_from_chat=None, forward_from_message_id=None, forward_sender_name=None, forward_signature=None, user_shared=None) edited_message=None channel_post=None edited_channel_post=None business_connection=None business_message=None edited_business_message=None deleted_business_messages=None guest_message=None message_reaction=None message_reaction_count=None inline_query=None chosen_inline_result=None callback_query=None shipping_query=None pre_checkout_query=None purchased_paid_media=None poll=None poll_answer=None my_chat_member=None chat_member=None chat_join_request=None chat_boost=None removed_chat_boost=None managed_bot=None
Traceback (most recent call last):
  File "C:\Users\PC.UZ\AppData\Local\Programs\Python\Python313\Lib\site-packages\aiogram\dispatcher\middlewares\error.py", line 27, in __call__
    return await handler(event, data)
           ^^^^^^^^^^^^^^^^^^^^^^^^^^
  File "C:\Users\PC.UZ\AppData\Local\Programs\Python\Python313\Lib\site-packages\aiogram\dispatcher\middlewares\user_context.py", line 58, in __call__
    return await handler(event, data)
           ^^^^^^^^^^^^^^^^^^^^^^^^^^
  File "C:\Users\PC.UZ\AppData\Local\Programs\Python\Python313\Lib\site-packages\aiogram\fsm\middleware.py", line 43, in __call__
    return await handler(event, data)
           ^^^^^^^^^^^^^^^^^^^^^^^^^^
  File "C:\Users\PC.UZ\AppData\Local\Programs\Python\Python313\Lib\site-packages\aiogram\dispatcher\event\telegram.py", line 126, in trigger
    return await wrapped_inner(event, kwargs)
           ^^^^^^^^^^^^^^^^^^^^^^^^^^^^^^^^^^
  File "c:\Users\PC.UZ\Desktop\cinema_bot\middlewares\db.py", line 23, in __call__
    return await handler(event, data)
           ^^^^^^^^^^^^^^^^^^^^^^^^^^
  File "c:\Users\PC.UZ\Desktop\cinema_bot\middlewares\i18n.py", line 42, in __call__
    return await handler(event, data)
           ^^^^^^^^^^^^^^^^^^^^^^^^^^
  File "c:\Users\PC.UZ\Desktop\cinema_bot\middlewares\block.py", line 33, in __call__
    await event.answer(text)
          ^^^^^^^^^^^^
  File "C:\Users\PC.UZ\AppData\Roaming\Python\Python313\site-packages\pydantic\main.py", line 991, in __getattr__
    raise AttributeError(f'{type(self).__name__!r} object has no attribute {item!r}')
AttributeError: 'Update' object has no attribute 'answer'
2026-07-08 14:05:44 | INFO     | aiogram.event | Update id=905840354 is handled. Duration 9 ms by bot id=8737871300
2026-07-08 14:05:45 | ERROR    | __main__ | Update ishlov berishda xatolik: 'Update' object has no attribute 'answer' | update=update_id=905840355 message=Message(message_id=1293, date=datetime.datetime(2026, 7, 8, 9, 5, 45, tzinfo=TzInfo(UTC)), chat=Chat(id=5041903465, type='private', title=None, username='maftunaaa_012', first_name='Maftuna', last_name=None, is_forum=None, is_direct_messages=None, accent_color_id=None, active_usernames=None, available_reactions=None, background_custom_emoji_id=None, bio=None, birthdate=None, business_intro=None, business_location=None, business_opening_hours=None, can_set_sticker_set=None, custom_emoji_sticker_set_name=None, description=None, emoji_status_custom_emoji_id=None, emoji_status_expiration_date=None, has_aggressive_anti_spam_enabled=None, has_hidden_members=None, has_private_forwards=None, has_protected_content=None, has_restricted_voice_and_video_messages=None, has_visible_history=None, invite_link=None, join_by_request=None, join_to_send_messages=None, linked_chat_id=None, location=None, message_auto_delete_time=None, permissions=None, personal_chat=None, photo=None, pinned_message=None, profile_accent_color_id=None, profile_background_custom_emoji_id=None, slow_mode_delay=None, sticker_set_name=None, unrestrict_boost_count=None), message_thread_id=None, direct_messages_topic=None, from_user=User(id=5041903465, is_bot=False, first_name='Maftuna', last_name=None, username='maftunaaa_012', language_code='uz', is_premium=None, added_to_attachment_menu=None, can_join_groups=None, can_read_all_group_messages=None, supports_guest_queries=None, supports_inline_queries=None, can_connect_to_business=None, has_main_web_app=None, has_topics_enabled=None, allows_users_to_create_topics=None, can_manage_bots=None, supports_join_request_queries=None), sender_chat=None, sender_boost_count=None, sender_business_bot=None, sender_tag=None, guest_query_id=None, business_connection_id=None, forward_origin=None, is_topic_message=None, is_automatic_forward=None, reply_to_message=None, external_reply=None, quote=None, reply_to_story=None, reply_to_checklist_task_id=None, reply_to_poll_option_id=None, via_bot=None, guest_bot_caller_user=None, guest_bot_caller_chat=None, edit_date=None, has_protected_content=None, is_from_offline=None, is_paid_post=None, media_group_id=None, author_signature=None, paid_star_count=None, text='/start', entities=[MessageEntity(type='bot_command', offset=0, length=6, url=None, user=None, language=None, custom_emoji_id=None, unix_time=None, date_time_format=None)], link_preview_options=None, suggested_post_info=None, effect_id=None, animation=None, audio=None, document=None, live_photo=None, paid_media=None, photo=None, sticker=None, story=None, video=None, video_note=None, voice=None, caption=None, caption_entities=None, show_caption_above_media=None, has_media_spoiler=None, checklist=None, contact=None, dice=None, game=None, poll=None, venue=None, location=None, new_chat_members=None, left_chat_member=None, chat_owner_left=None, chat_owner_changed=None, new_chat_title=None, new_chat_photo=None, delete_chat_photo=None, group_chat_created=None, supergroup_chat_created=None, channel_chat_created=None, message_auto_delete_timer_changed=None, migrate_to_chat_id=None, migrate_from_chat_id=None, pinned_message=None, invoice=None, successful_payment=None, refunded_payment=None, users_shared=None, chat_shared=None, gift=None, unique_gift=None, gift_upgrade_sent=None, connected_website=None, write_access_allowed=None, passport_data=None, proximity_alert_triggered=None, boost_added=None, chat_background_set=None, checklist_tasks_done=None, checklist_tasks_added=None, direct_message_price_changed=None, forum_topic_created=None, forum_topic_edited=None, forum_topic_closed=None, forum_topic_reopened=None, general_forum_topic_hidden=None, general_forum_topic_unhidden=None, giveaway_created=None, giveaway=None, giveaway_winners=None, giveaway_completed=None, managed_bot_created=None, paid_message_price_changed=None, poll_option_added=None, poll_option_deleted=None, suggested_post_approved=None, suggested_post_approval_failed=None, suggested_post_declined=None, suggested_post_paid=None, suggested_post_refunded=None, video_chat_scheduled=None, video_chat_started=None, video_chat_ended=None, video_chat_participants_invited=None, web_app_data=None, reply_markup=None, rich_message=None, forward_date=None, forward_from=None, forward_from_chat=None, forward_from_message_id=None, forward_sender_name=None, forward_signature=None, user_shared=None) edited_message=None channel_post=None edited_channel_post=None business_connection=None business_message=None edited_business_message=None deleted_business_messages=None guest_message=None message_reaction=None message_reaction_count=None inline_query=None chosen_inline_result=None callback_query=None shipping_query=None pre_checkout_query=None purchased_paid_media=None poll=None poll_answer=None my_chat_member=None chat_member=None chat_join_request=None chat_boost=None removed_chat_boost=None managed_bot=None
Traceback (most recent call last):
  File "C:\Users\PC.UZ\AppData\Local\Programs\Python\Python313\Lib\site-packages\aiogram\dispatcher\middlewares\error.py", line 27, in __call__
    return await handler(event, data)
           ^^^^^^^^^^^^^^^^^^^^^^^^^^
  File "C:\Users\PC.UZ\AppData\Local\Programs\Python\Python313\Lib\site-packages\aiogram\dispatcher\middlewares\user_context.py", line 58, in __call__
    return await handler(event, data)
           ^^^^^^^^^^^^^^^^^^^^^^^^^^
  File "C:\Users\PC.UZ\AppData\Local\Programs\Python\Python313\Lib\site-packages\aiogram\fsm\middleware.py", line 43, in __call__
    return await handler(event, data)
           ^^^^^^^^^^^^^^^^^^^^^^^^^^
  File "C:\Users\PC.UZ\AppData\Local\Programs\Python\Python313\Lib\site-packages\aiogram\dispatcher\event\telegram.py", line 126, in trigger
    return await wrapped_inner(event, kwargs)
           ^^^^^^^^^^^^^^^^^^^^^^^^^^^^^^^^^^
  File "c:\Users\PC.UZ\Desktop\cinema_bot\middlewares\db.py", line 23, in __call__
    return await handler(event, data)
           ^^^^^^^^^^^^^^^^^^^^^^^^^^
  File "c:\Users\PC.UZ\Desktop\cinema_bot\middlewares\i18n.py", line 42, in __call__
    return await handler(event, data)
           ^^^^^^^^^^^^^^^^^^^^^^^^^^
  File "c:\Users\PC.UZ\Desktop\cinema_bot\middlewares\block.py", line 33, in __call__
    await event.answer(text)
          ^^^^^^^^^^^^
  File "C:\Users\PC.UZ\AppData\Roaming\Python\Python313\site-packages\pydantic\main.py", line 991, in __getattr__
    raise AttributeError(f'{type(self).__name__!r} object has no attribute {item!r}')
AttributeError: 'Update' object has no attribute 'answer'
2026-07-08 14:05:45 | INFO     | aiogram.event | Update id=905840355 is handled. Duration 4 ms by bot id=8737871300
2026-07-08 14:05:45 | ERROR    | __main__ | Update ishlov berishda xatolik: 'Update' object has no attribute 'answer' | update=update_id=905840356 message=Message(message_id=1294, date=datetime.datetime(2026, 7, 8, 9, 5, 45, tzinfo=TzInfo(UTC)), chat=Chat(id=5041903465, type='private', title=None, username='maftunaaa_012', first_name='Maftuna', last_name=None, is_forum=None, is_direct_messages=None, accent_color_id=None, active_usernames=None, available_reactions=None, background_custom_emoji_id=None, bio=None, birthdate=None, business_intro=None, business_location=None, business_opening_hours=None, can_set_sticker_set=None, custom_emoji_sticker_set_name=None, description=None, emoji_status_custom_emoji_id=None, emoji_status_expiration_date=None, has_aggressive_anti_spam_enabled=None, has_hidden_members=None, has_private_forwards=None, has_protected_content=None, has_restricted_voice_and_video_messages=None, has_visible_history=None, invite_link=None, join_by_request=None, join_to_send_messages=None, linked_chat_id=None, location=None, message_auto_delete_time=None, permissions=None, personal_chat=None, photo=None, pinned_message=None, profile_accent_color_id=None, profile_background_custom_emoji_id=None, slow_mode_delay=None, sticker_set_name=None, unrestrict_boost_count=None), message_thread_id=None, direct_messages_topic=None, from_user=User(id=5041903465, is_bot=False, first_name='Maftuna', last_name=None, username='maftunaaa_012', language_code='uz', is_premium=None, added_to_attachment_menu=None, can_join_groups=None, can_read_all_group_messages=None, supports_guest_queries=None, supports_inline_queries=None, can_connect_to_business=None, has_main_web_app=None, has_topics_enabled=None, allows_users_to_create_topics=None, can_manage_bots=None, supports_join_request_queries=None), sender_chat=None, sender_boost_count=None, sender_business_bot=None, sender_tag=None, guest_query_id=None, business_connection_id=None, forward_origin=None, is_topic_message=None, is_automatic_forward=None, reply_to_message=None, external_reply=None, quote=None, reply_to_story=None, reply_to_checklist_task_id=None, reply_to_poll_option_id=None, via_bot=None, guest_bot_caller_user=None, guest_bot_caller_chat=None, edit_date=None, has_protected_content=None, is_from_offline=None, is_paid_post=None, media_group_id=None, author_signature=None, paid_star_count=None, text='/start', entities=[MessageEntity(type='bot_command', offset=0, length=6, url=None, user=None, language=None, custom_emoji_id=None, unix_time=None, date_time_format=None)], link_preview_options=None, suggested_post_info=None, effect_id=None, animation=None, audio=None, document=None, live_photo=None, paid_media=None, photo=None, sticker=None, story=None, video=None, video_note=None, voice=None, caption=None, caption_entities=None, show_caption_above_media=None, has_media_spoiler=None, checklist=None, contact=None, dice=None, game=None, poll=None, venue=None, location=None, new_chat_members=None, left_chat_member=None, chat_owner_left=None, chat_owner_changed=None, new_chat_title=None, new_chat_photo=None, delete_chat_photo=None, group_chat_created=None, supergroup_chat_created=None, channel_chat_created=None, message_auto_delete_timer_changed=None, migrate_to_chat_id=None, migrate_from_chat_id=None, pinned_message=None, invoice=None, successful_payment=None, refunded_payment=None, users_shared=None, chat_shared=None, gift=None, unique_gift=None, gift_upgrade_sent=None, connected_website=None, write_access_allowed=None, passport_data=None, proximity_alert_triggered=None, boost_added=None, chat_background_set=None, checklist_tasks_done=None, checklist_tasks_added=None, direct_message_price_changed=None, forum_topic_created=None, forum_topic_edited=None, forum_topic_closed=None, forum_topic_reopened=None, general_forum_topic_hidden=None, general_forum_topic_unhidden=None, giveaway_created=None, giveaway=None, giveaway_winners=None, giveaway_completed=None, managed_bot_created=None, paid_message_price_changed=None, poll_option_added=None, poll_option_deleted=None, suggested_post_approved=None, suggested_post_approval_failed=None, suggested_post_declined=None, suggested_post_paid=None, suggested_post_refunded=None, video_chat_scheduled=None, video_chat_started=None, video_chat_ended=None, video_chat_participants_invited=None, web_app_data=None, reply_markup=None, rich_message=None, forward_date=None, forward_from=None, forward_from_chat=None, forward_from_message_id=None, forward_sender_name=None, forward_signature=None, user_shared=None) edited_message=None channel_post=None edited_channel_post=None business_connection=None business_message=None edited_business_message=None deleted_business_messages=None guest_message=None message_reaction=None message_reaction_count=None inline_query=None chosen_inline_result=None callback_query=None shipping_query=None pre_checkout_query=None purchased_paid_media=None poll=None poll_answer=None my_chat_member=None chat_member=None chat_join_request=None chat_boost=None removed_chat_boost=None managed_bot=None
Traceback (most recent call last):
  File "C:\Users\PC.UZ\AppData\Local\Programs\Python\Python313\Lib\site-packages\aiogram\dispatcher\middlewares\error.py", line 27, in __call__
    return await handler(event, data)
           ^^^^^^^^^^^^^^^^^^^^^^^^^^
  File "C:\Users\PC.UZ\AppData\Local\Programs\Python\Python313\Lib\site-packages\aiogram\dispatcher\middlewares\user_context.py", line 58, in __call__
    return await handler(event, data)
           ^^^^^^^^^^^^^^^^^^^^^^^^^^
  File "C:\Users\PC.UZ\AppData\Local\Programs\Python\Python313\Lib\site-packages\aiogram\fsm\middleware.py", line 43, in __call__
    return await handler(event, data)
           ^^^^^^^^^^^^^^^^^^^^^^^^^^
  File "C:\Users\PC.UZ\AppData\Local\Programs\Python\Python313\Lib\site-packages\aiogram\dispatcher\event\telegram.py", line 126, in trigger
    return await wrapped_inner(event, kwargs)
           ^^^^^^^^^^^^^^^^^^^^^^^^^^^^^^^^^^
  File "c:\Users\PC.UZ\Desktop\cinema_bot\middlewares\db.py", line 23, in __call__
    return await handler(event, data)
           ^^^^^^^^^^^^^^^^^^^^^^^^^^
  File "c:\Users\PC.UZ\Desktop\cinema_bot\middlewares\i18n.py", line 42, in __call__
    return await handler(event, data)
           ^^^^^^^^^^^^^^^^^^^^^^^^^^
  File "c:\Users\PC.UZ\Desktop\cinema_bot\middlewares\block.py", line 33, in __call__
    await event.answer(text)
          ^^^^^^^^^^^^
  File "C:\Users\PC.UZ\AppData\Roaming\Python\Python313\site-packages\pydantic\main.py", line 991, in __getattr__
    raise AttributeError(f'{type(self).__name__!r} object has no attribute {item!r}')
AttributeError: 'Update' object has no attribute 'answer'
2026-07-08 14:05:45 | INFO     | aiogram.event | Update id=905840356 is handled. Duration 2 ms by bot id=8737871300
2026-07-08 14:05:55 | INFO     | aiogram.event | Update id=905840357 is handled. Duration 161 ms by bot id=8737871300
2026-07-08 14:05:57 | INFO     | aiogram.event | Update id=905840358 is handled. Duration 478 ms by bot id=8737871300
2026-07-08 14:06:05 | INFO     | aiogram.event | Update id=905840359 is handled. Duration 158 ms by bot id=8737871300
2026-07-08 14:06:08 | INFO     | aiogram.event | Update id=905840360 is handled. Duration 351 ms by bot id=8737871300
2026-07-08 14:06:19 | INFO     | aiogram.event | Update id=905840361 is handled. Duration 480 ms by bot id=8737871300
2026-07-08 14:36:55 | INFO     | __main__ | Baza ulandi: data/database.db
2026-07-08 14:36:55 | INFO     | aiogram.dispatcher | Start polling
2026-07-08 14:36:56 | INFO     | aiogram.dispatcher | Run polling for bot @uzbmediakino_bot id=8737871300 - 'UZB MEDIA'
2026-07-08 14:37:01 | INFO     | aiogram.event | Update id=905840364 is handled. Duration 628 ms by bot id=8737871300
2026-07-08 15:16:34 | INFO     | __main__ | Baza ulandi: data/database.db
2026-07-08 15:16:34 | INFO     | aiogram.dispatcher | Start polling
2026-07-08 15:16:35 | INFO     | aiogram.dispatcher | Run polling for bot @uzbmediakino_bot id=8737871300 - 'UZB MEDIA'
2026-07-08 15:16:36 | INFO     | aiogram.dispatcher | Polling stopped
2026-07-08 15:16:36 | ERROR    | aiogram.dispatcher | Failed to fetch updates - TelegramNetworkError: HTTP Client says - ServerDisconnectedError: Server disconnected
2026-07-08 15:16:36 | WARNING  | aiogram.dispatcher | Sleep for 1.000000 seconds and try again... (tryings = 0, bot id = 8737871300)
2026-07-08 15:16:36 | INFO     | __main__ | Bot to'xtatildi.
2026-07-08 15:16:36 | INFO     | aiogram.dispatcher | Polling stopped for bot @uzbmediakino_bot id=8737871300 - 'UZB MEDIA'
2026-07-08 15:16:36 | INFO     | __main__ | Bot foydalanuvchi tomonidan to'xtatildi.
2026-07-08 15:16:43 | INFO     | __main__ | Baza ulandi: data/database.db
2026-07-08 15:16:43 | INFO     | aiogram.dispatcher | Start polling
2026-07-08 15:16:43 | INFO     | aiogram.dispatcher | Run polling for bot @uzbmediakino_bot id=8737871300 - 'UZB MEDIA'
2026-07-08 15:16:48 | ERROR    | aiogram.dispatcher | Failed to fetch updates - TelegramConflictError: Telegram server says - Conflict: terminated by other getUpdates request; make sure that only one bot instance is running
2026-07-08 15:16:48 | WARNING  | aiogram.dispatcher | Sleep for 1.000000 seconds and try again... (tryings = 0, bot id = 8737871300)
2026-07-08 15:16:54 | ERROR    | aiogram.dispatcher | Failed to fetch updates - TelegramConflictError: Telegram server says - Conflict: terminated by other getUpdates request; make sure that only one bot instance is running
2026-07-08 15:16:54 | WARNING  | aiogram.dispatcher | Sleep for 1.255956 seconds and try again... (tryings = 1, bot id = 8737871300)
2026-07-08 15:17:01 | ERROR    | aiogram.dispatcher | Failed to fetch updates - TelegramConflictError: Telegram server says - Conflict: terminated by other getUpdates request; make sure that only one bot instance is running
2026-07-08 15:17:01 | WARNING  | aiogram.dispatcher | Sleep for 1.575489 seconds and try again... (tryings = 2, bot id = 8737871300)
2026-07-08 15:17:06 | ERROR    | aiogram.dispatcher | Failed to fetch updates - TelegramConflictError: Telegram server says - Conflict: terminated by other getUpdates request; make sure that only one bot instance is running
2026-07-08 15:17:06 | WARNING  | aiogram.dispatcher | Sleep for 2.105835 seconds and try again... (tryings = 3, bot id = 8737871300)
2026-07-08 15:17:15 | ERROR    | aiogram.dispatcher | Failed to fetch updates - TelegramConflictError: Telegram server says - Conflict: terminated by other getUpdates request; make sure that only one bot instance is running
2026-07-08 15:17:15 | WARNING  | aiogram.dispatcher | Sleep for 2.708846 seconds and try again... (tryings = 4, bot id = 8737871300)
2026-07-08 15:17:26 | ERROR    | aiogram.dispatcher | Failed to fetch updates - TelegramConflictError: Telegram server says - Conflict: terminated by other getUpdates request; make sure that only one bot instance is running
2026-07-08 15:17:26 | WARNING  | aiogram.dispatcher | Sleep for 3.600165 seconds and try again... (tryings = 5, bot id = 8737871300)
2026-07-08 15:17:35 | INFO     | aiogram.dispatcher | Polling stopped
2026-07-08 15:17:35 | ERROR    | aiogram.dispatcher | Failed to fetch updates - TelegramNetworkError: HTTP Client says - ServerDisconnectedError: Server disconnected
2026-07-08 15:17:35 | WARNING  | aiogram.dispatcher | Sleep for 4.608323 seconds and try again... (tryings = 6, bot id = 8737871300)
2026-07-08 15:17:35 | INFO     | __main__ | Bot to'xtatildi.
2026-07-08 15:17:35 | INFO     | aiogram.dispatcher | Polling stopped for bot @uzbmediakino_bot id=8737871300 - 'UZB MEDIA'
2026-07-08 15:17:35 | INFO     | __main__ | Bot foydalanuvchi tomonidan to'xtatildi.
2026-07-08 15:17:43 | INFO     | __main__ | Baza ulandi: data/database.db
2026-07-08 15:17:43 | INFO     | aiogram.dispatcher | Start polling
2026-07-08 15:17:43 | INFO     | aiogram.dispatcher | Run polling for bot @uzbmediakino_bot id=8737871300 - 'UZB MEDIA'
2026-07-08 15:17:48 | ERROR    | aiogram.dispatcher | Failed to fetch updates - TelegramConflictError: Telegram server says - Conflict: terminated by other getUpdates request; make sure that only one bot instance is running
2026-07-08 15:17:48 | WARNING  | aiogram.dispatcher | Sleep for 1.000000 seconds and try again... (tryings = 0, bot id = 8737871300)
2026-07-08 15:17:57 | ERROR    | aiogram.dispatcher | Failed to fetch updates - TelegramConflictError: Telegram server says - Conflict: terminated by other getUpdates request; make sure that only one bot instance is running
2026-07-08 15:17:57 | WARNING  | aiogram.dispatcher | Sleep for 1.333815 seconds and try again... (tryings = 1, bot id = 8737871300)
2026-07-08 15:18:03 | INFO     | aiogram.dispatcher | Connection established (tryings = 2, bot id = 8737871300)
2026-07-08 15:18:04 | INFO     | aiogram.event | Update id=905840378 is handled. Duration 821 ms by bot id=8737871300
2026-07-08 15:18:07 | ERROR    | aiogram.dispatcher | Failed to fetch updates - TelegramConflictError: Telegram server says - Conflict: terminated by other getUpdates request; make sure that only one bot instance is running
2026-07-08 15:18:07 | WARNING  | aiogram.dispatcher | Sleep for 1.000000 seconds and try again... (tryings = 0, bot id = 8737871300)
2026-07-08 15:18:15 | INFO     | aiogram.dispatcher | Connection established (tryings = 1, bot id = 8737871300)
2026-07-08 15:18:16 | INFO     | aiogram.event | Update id=905840379 is handled. Duration 190 ms by bot id=8737871300
2026-07-08 15:18:16 | ERROR    | aiogram.dispatcher | Failed to fetch updates - TelegramConflictError: Telegram server says - Conflict: terminated by other getUpdates request; make sure that only one bot instance is running
2026-07-08 15:18:16 | WARNING  | aiogram.dispatcher | Sleep for 1.000000 seconds and try again... (tryings = 0, bot id = 8737871300)
2026-07-08 15:18:18 | INFO     | aiogram.dispatcher | Connection established (tryings = 1, bot id = 8737871300)
2026-07-08 15:18:18 | INFO     | aiogram.event | Update id=905840380 is handled. Duration 176 ms by bot id=8737871300
2026-07-08 15:18:21 | INFO     | aiogram.event | Update id=905840381 is handled. Duration 179 ms by bot id=8737871300
2026-07-08 15:18:25 | ERROR    | aiogram.dispatcher | Failed to fetch updates - TelegramConflictError: Telegram server says - Conflict: terminated by other getUpdates request; make sure that only one bot instance is running
2026-07-08 15:18:25 | WARNING  | aiogram.dispatcher | Sleep for 1.000000 seconds and try again... (tryings = 0, bot id = 8737871300)
2026-07-08 15:18:32 | INFO     | aiogram.dispatcher | Connection established (tryings = 1, bot id = 8737871300)
2026-07-08 15:18:33 | INFO     | aiogram.event | Update id=905840382 is handled. Duration 180 ms by bot id=8737871300
2026-07-08 15:18:35 | ERROR    | aiogram.dispatcher | Failed to fetch updates - TelegramConflictError: Telegram server says - Conflict: terminated by other getUpdates request; make sure that only one bot instance is running
2026-07-08 15:18:35 | WARNING  | aiogram.dispatcher | Sleep for 1.000000 seconds and try again... (tryings = 0, bot id = 8737871300)
2026-07-08 15:18:38 | INFO     | aiogram.dispatcher | Connection established (tryings = 1, bot id = 8737871300)
2026-07-08 15:18:38 | INFO     | aiogram.event | Update id=905840383 is handled. Duration 275 ms by bot id=8737871300
2026-07-08 15:18:44 | ERROR    | aiogram.dispatcher | Failed to fetch updates - TelegramConflictError: Telegram server says - Conflict: terminated by other getUpdates request; make sure that only one bot instance is running
2026-07-08 15:18:44 | WARNING  | aiogram.dispatcher | Sleep for 1.000000 seconds and try again... (tryings = 0, bot id = 8737871300)
2026-07-08 15:18:53 | ERROR    | aiogram.dispatcher | Failed to fetch updates - TelegramConflictError: Telegram server says - Conflict: terminated by other getUpdates request; make sure that only one bot instance is running
2026-07-08 15:18:53 | WARNING  | aiogram.dispatcher | Sleep for 1.465416 seconds and try again... (tryings = 1, bot id = 8737871300)
2026-07-08 15:18:59 | ERROR    | aiogram.dispatcher | Failed to fetch updates - TelegramConflictError: Telegram server says - Conflict: terminated by other getUpdates request; make sure that only one bot instance is running
2026-07-08 15:18:59 | WARNING  | aiogram.dispatcher | Sleep for 1.959953 seconds and try again... (tryings = 2, bot id = 8737871300)
2026-07-08 15:19:06 | ERROR    | aiogram.dispatcher | Failed to fetch updates - TelegramConflictError: Telegram server says - Conflict: terminated by other getUpdates request; make sure that only one bot instance is running
2026-07-08 15:19:06 | WARNING  | aiogram.dispatcher | Sleep for 2.497860 seconds and try again... (tryings = 3, bot id = 8737871300)
2026-07-08 15:19:14 | ERROR    | aiogram.dispatcher | Failed to fetch updates - TelegramConflictError: Telegram server says - Conflict: terminated by other getUpdates request; make sure that only one bot instance is running
2026-07-08 15:19:14 | WARNING  | aiogram.dispatcher | Sleep for 3.401441 seconds and try again... (tryings = 4, bot id = 8737871300)
2026-07-08 15:19:23 | ERROR    | aiogram.dispatcher | Failed to fetch updates - TelegramConflictError: Telegram server says - Conflict: terminated by other getUpdates request; make sure that only one bot instance is running
2026-07-08 15:19:23 | WARNING  | aiogram.dispatcher | Sleep for 4.549409 seconds and try again... (tryings = 5, bot id = 8737871300)
2026-07-08 15:19:31 | ERROR    | aiogram.dispatcher | Failed to fetch updates - TelegramConflictError: Telegram server says - Conflict: terminated by other getUpdates request; make sure that only one bot instance is running
2026-07-08 15:19:31 | WARNING  | aiogram.dispatcher | Sleep for 5.023263 seconds and try again... (tryings = 6, bot id = 8737871300)
2026-07-08 15:19:41 | ERROR    | aiogram.dispatcher | Failed to fetch updates - TelegramConflictError: Telegram server says - Conflict: terminated by other getUpdates request; make sure that only one bot instance is running
2026-07-08 15:19:41 | WARNING  | aiogram.dispatcher | Sleep for 5.123686 seconds and try again... (tryings = 7, bot id = 8737871300)
2026-07-08 15:19:51 | ERROR    | aiogram.dispatcher | Failed to fetch updates - TelegramConflictError: Telegram server says - Conflict: terminated by other getUpdates request; make sure that only one bot instance is running
2026-07-08 15:19:51 | WARNING  | aiogram.dispatcher | Sleep for 4.938174 seconds and try again... (tryings = 8, bot id = 8737871300)
2026-07-08 15:20:01 | ERROR    | aiogram.dispatcher | Failed to fetch updates - TelegramConflictError: Telegram server says - Conflict: terminated by other getUpdates request; make sure that only one bot instance is running
2026-07-08 15:20:01 | WARNING  | aiogram.dispatcher | Sleep for 5.051997 seconds and try again... (tryings = 9, bot id = 8737871300)
2026-07-08 15:20:12 | ERROR    | aiogram.dispatcher | Failed to fetch updates - TelegramConflictError: Telegram server says - Conflict: terminated by other getUpdates request; make sure that only one bot instance is running
2026-07-08 15:20:12 | WARNING  | aiogram.dispatcher | Sleep for 5.017002 seconds and try again... (tryings = 10, bot id = 8737871300)
2026-07-08 15:20:22 | ERROR    | aiogram.dispatcher | Failed to fetch updates - TelegramConflictError: Telegram server says - Conflict: terminated by other getUpdates request; make sure that only one bot instance is running
2026-07-08 15:20:22 | WARNING  | aiogram.dispatcher | Sleep for 4.938549 seconds and try again... (tryings = 11, bot id = 8737871300)
2026-07-08 15:20:32 | ERROR    | aiogram.dispatcher | Failed to fetch updates - TelegramConflictError: Telegram server says - Conflict: terminated by other getUpdates request; make sure that only one bot instance is running
2026-07-08 15:20:32 | WARNING  | aiogram.dispatcher | Sleep for 4.967488 seconds and try again... (tryings = 12, bot id = 8737871300)
2026-07-08 15:20:43 | ERROR    | aiogram.dispatcher | Failed to fetch updates - TelegramConflictError: Telegram server says - Conflict: terminated by other getUpdates request; make sure that only one bot instance is running
2026-07-08 15:20:43 | WARNING  | aiogram.dispatcher | Sleep for 5.062375 seconds and try again... (tryings = 13, bot id = 8737871300)
2026-07-08 15:20:53 | ERROR    | aiogram.dispatcher | Failed to fetch updates - TelegramConflictError: Telegram server says - Conflict: terminated by other getUpdates request; make sure that only one bot instance is running
2026-07-08 15:20:53 | WARNING  | aiogram.dispatcher | Sleep for 5.061221 seconds and try again... (tryings = 14, bot id = 8737871300)
2026-07-08 15:21:03 | ERROR    | aiogram.dispatcher | Failed to fetch updates - TelegramConflictError: Telegram server says - Conflict: terminated by other getUpdates request; make sure that only one bot instance is running
2026-07-08 15:21:03 | WARNING  | aiogram.dispatcher | Sleep for 5.018444 seconds and try again... (tryings = 15, bot id = 8737871300)
2026-07-08 15:21:14 | ERROR    | aiogram.dispatcher | Failed to fetch updates - TelegramConflictError: Telegram server says - Conflict: terminated by other getUpdates request; make sure that only one bot instance is running
2026-07-08 15:21:14 | WARNING  | aiogram.dispatcher | Sleep for 4.851893 seconds and try again... (tryings = 16, bot id = 8737871300)
2026-07-08 15:21:24 | ERROR    | aiogram.dispatcher | Failed to fetch updates - TelegramConflictError: Telegram server says - Conflict: terminated by other getUpdates request; make sure that only one bot instance is running
2026-07-08 15:21:24 | WARNING  | aiogram.dispatcher | Sleep for 4.845263 seconds and try again... (tryings = 17, bot id = 8737871300)
2026-07-08 15:21:34 | ERROR    | aiogram.dispatcher | Failed to fetch updates - TelegramConflictError: Telegram server says - Conflict: terminated by other getUpdates request; make sure that only one bot instance is running
2026-07-08 15:21:34 | WARNING  | aiogram.dispatcher | Sleep for 5.048118 seconds and try again... (tryings = 18, bot id = 8737871300)
2026-07-08 15:21:44 | ERROR    | aiogram.dispatcher | Failed to fetch updates - TelegramConflictError: Telegram server says - Conflict: terminated by other getUpdates request; make sure that only one bot instance is running
2026-07-08 15:21:44 | WARNING  | aiogram.dispatcher | Sleep for 5.033275 seconds and try again... (tryings = 19, bot id = 8737871300)
2026-07-08 15:21:54 | ERROR    | aiogram.dispatcher | Failed to fetch updates - TelegramConflictError: Telegram server says - Conflict: terminated by other getUpdates request; make sure that only one bot instance is running
2026-07-08 15:21:54 | WARNING  | aiogram.dispatcher | Sleep for 4.865696 seconds and try again... (tryings = 20, bot id = 8737871300)
2026-07-08 15:22:05 | ERROR    | aiogram.dispatcher | Failed to fetch updates - TelegramConflictError: Telegram server says - Conflict: terminated by other getUpdates request; make sure that only one bot instance is running
2026-07-08 15:22:05 | WARNING  | aiogram.dispatcher | Sleep for 5.110914 seconds and try again... (tryings = 21, bot id = 8737871300)
2026-07-08 15:22:15 | ERROR    | aiogram.dispatcher | Failed to fetch updates - TelegramConflictError: Telegram server says - Conflict: terminated by other getUpdates request; make sure that only one bot instance is running
2026-07-08 15:22:15 | WARNING  | aiogram.dispatcher | Sleep for 5.093755 seconds and try again... (tryings = 22, bot id = 8737871300)
2026-07-08 15:22:25 | ERROR    | aiogram.dispatcher | Failed to fetch updates - TelegramConflictError: Telegram server says - Conflict: terminated by other getUpdates request; make sure that only one bot instance is running
2026-07-08 15:22:25 | WARNING  | aiogram.dispatcher | Sleep for 4.943879 seconds and try again... (tryings = 23, bot id = 8737871300)
2026-07-08 15:22:36 | ERROR    | aiogram.dispatcher | Failed to fetch updates - TelegramConflictError: Telegram server says - Conflict: terminated by other getUpdates request; make sure that only one bot instance is running
2026-07-08 15:22:36 | WARNING  | aiogram.dispatcher | Sleep for 5.117994 seconds and try again... (tryings = 24, bot id = 8737871300)
2026-07-08 15:22:46 | ERROR    | aiogram.dispatcher | Failed to fetch updates - TelegramConflictError: Telegram server says - Conflict: terminated by other getUpdates request; make sure that only one bot instance is running
2026-07-08 15:22:46 | WARNING  | aiogram.dispatcher | Sleep for 5.150595 seconds and try again... (tryings = 25, bot id = 8737871300)
2026-07-08 15:22:57 | ERROR    | aiogram.dispatcher | Failed to fetch updates - TelegramConflictError: Telegram server says - Conflict: terminated by other getUpdates request; make sure that only one bot instance is running
2026-07-08 15:22:57 | WARNING  | aiogram.dispatcher | Sleep for 5.012240 seconds and try again... (tryings = 26, bot id = 8737871300)
2026-07-08 15:23:07 | ERROR    | aiogram.dispatcher | Failed to fetch updates - TelegramConflictError: Telegram server says - Conflict: terminated by other getUpdates request; make sure that only one bot instance is running
2026-07-08 15:23:07 | WARNING  | aiogram.dispatcher | Sleep for 5.009807 seconds and try again... (tryings = 27, bot id = 8737871300)
2026-07-08 15:23:18 | ERROR    | aiogram.dispatcher | Failed to fetch updates - TelegramConflictError: Telegram server says - Conflict: terminated by other getUpdates request; make sure that only one bot instance is running
2026-07-08 15:23:18 | WARNING  | aiogram.dispatcher | Sleep for 4.993574 seconds and try again... (tryings = 28, bot id = 8737871300)
2026-07-08 15:23:28 | ERROR    | aiogram.dispatcher | Failed to fetch updates - TelegramConflictError: Telegram server says - Conflict: terminated by other getUpdates request; make sure that only one bot instance is running
2026-07-08 15:23:28 | WARNING  | aiogram.dispatcher | Sleep for 5.061984 seconds and try again... (tryings = 29, bot id = 8737871300)
2026-07-08 15:23:38 | ERROR    | aiogram.dispatcher | Failed to fetch updates - TelegramConflictError: Telegram server says - Conflict: terminated by other getUpdates request; make sure that only one bot instance is running
2026-07-08 15:23:38 | WARNING  | aiogram.dispatcher | Sleep for 5.024773 seconds and try again... (tryings = 30, bot id = 8737871300)
2026-07-08 15:23:49 | ERROR    | aiogram.dispatcher | Failed to fetch updates - TelegramConflictError: Telegram server says - Conflict: terminated by other getUpdates request; make sure that only one bot instance is running
2026-07-08 15:23:49 | WARNING  | aiogram.dispatcher | Sleep for 5.038593 seconds and try again... (tryings = 31, bot id = 8737871300)
2026-07-08 15:23:59 | ERROR    | aiogram.dispatcher | Failed to fetch updates - TelegramConflictError: Telegram server says - Conflict: terminated by other getUpdates request; make sure that only one bot instance is running
2026-07-08 15:23:59 | WARNING  | aiogram.dispatcher | Sleep for 5.070186 seconds and try again... (tryings = 32, bot id = 8737871300)
2026-07-08 15:24:09 | ERROR    | aiogram.dispatcher | Failed to fetch updates - TelegramConflictError: Telegram server says - Conflict: terminated by other getUpdates request; make sure that only one bot instance is running
2026-07-08 15:24:09 | WARNING  | aiogram.dispatcher | Sleep for 5.234725 seconds and try again... (tryings = 33, bot id = 8737871300)
2026-07-08 15:24:20 | ERROR    | aiogram.dispatcher | Failed to fetch updates - TelegramConflictError: Telegram server says - Conflict: terminated by other getUpdates request; make sure that only one bot instance is running
2026-07-08 15:24:20 | WARNING  | aiogram.dispatcher | Sleep for 4.921743 seconds and try again... (tryings = 34, bot id = 8737871300)
2026-07-08 15:24:30 | ERROR    | aiogram.dispatcher | Failed to fetch updates - TelegramConflictError: Telegram server says - Conflict: terminated by other getUpdates request; make sure that only one bot instance is running
2026-07-08 15:24:30 | WARNING  | aiogram.dispatcher | Sleep for 4.998447 seconds and try again... (tryings = 35, bot id = 8737871300)
2026-07-08 15:24:40 | ERROR    | aiogram.dispatcher | Failed to fetch updates - TelegramConflictError: Telegram server says - Conflict: terminated by other getUpdates request; make sure that only one bot instance is running
2026-07-08 15:24:40 | WARNING  | aiogram.dispatcher | Sleep for 5.097208 seconds and try again... (tryings = 36, bot id = 8737871300)
2026-07-08 15:24:51 | ERROR    | aiogram.dispatcher | Failed to fetch updates - TelegramConflictError: Telegram server says - Conflict: terminated by other getUpdates request; make sure that only one bot instance is running
2026-07-08 15:24:51 | WARNING  | aiogram.dispatcher | Sleep for 4.931350 seconds and try again... (tryings = 37, bot id = 8737871300)
2026-07-08 15:25:01 | ERROR    | aiogram.dispatcher | Failed to fetch updates - TelegramConflictError: Telegram server says - Conflict: terminated by other getUpdates request; make sure that only one bot instance is running
2026-07-08 15:25:01 | WARNING  | aiogram.dispatcher | Sleep for 5.041930 seconds and try again... (tryings = 38, bot id = 8737871300)
2026-07-08 15:25:11 | ERROR    | aiogram.dispatcher | Failed to fetch updates - TelegramConflictError: Telegram server says - Conflict: terminated by other getUpdates request; make sure that only one bot instance is running
2026-07-08 15:25:11 | WARNING  | aiogram.dispatcher | Sleep for 5.015687 seconds and try again... (tryings = 39, bot id = 8737871300)
2026-07-08 15:25:21 | ERROR    | aiogram.dispatcher | Failed to fetch updates - TelegramConflictError: Telegram server says - Conflict: terminated by other getUpdates request; make sure that only one bot instance is running
2026-07-08 15:25:21 | WARNING  | aiogram.dispatcher | Sleep for 5.253925 seconds and try again... (tryings = 40, bot id = 8737871300)
2026-07-08 15:25:32 | ERROR    | aiogram.dispatcher | Failed to fetch updates - TelegramConflictError: Telegram server says - Conflict: terminated by other getUpdates request; make sure that only one bot instance is running
2026-07-08 15:25:32 | WARNING  | aiogram.dispatcher | Sleep for 4.915973 seconds and try again... (tryings = 41, bot id = 8737871300)
2026-07-08 15:25:42 | ERROR    | aiogram.dispatcher | Failed to fetch updates - TelegramConflictError: Telegram server says - Conflict: terminated by other getUpdates request; make sure that only one bot instance is running
2026-07-08 15:25:42 | WARNING  | aiogram.dispatcher | Sleep for 4.988392 seconds and try again... (tryings = 42, bot id = 8737871300)
2026-07-08 15:25:52 | ERROR    | aiogram.dispatcher | Failed to fetch updates - TelegramConflictError: Telegram server says - Conflict: terminated by other getUpdates request; make sure that only one bot instance is running
2026-07-08 15:25:52 | WARNING  | aiogram.dispatcher | Sleep for 5.034619 seconds and try again... (tryings = 43, bot id = 8737871300)
2026-07-08 15:26:02 | ERROR    | aiogram.dispatcher | Failed to fetch updates - TelegramConflictError: Telegram server says - Conflict: terminated by other getUpdates request; make sure that only one bot instance is running
2026-07-08 15:26:02 | WARNING  | aiogram.dispatcher | Sleep for 4.800354 seconds and try again... (tryings = 44, bot id = 8737871300)
2026-07-08 15:26:12 | ERROR    | aiogram.dispatcher | Failed to fetch updates - TelegramConflictError: Telegram server says - Conflict: terminated by other getUpdates request; make sure that only one bot instance is running
2026-07-08 15:26:12 | WARNING  | aiogram.dispatcher | Sleep for 5.053090 seconds and try again... (tryings = 45, bot id = 8737871300)
2026-07-08 15:26:23 | ERROR    | aiogram.dispatcher | Failed to fetch updates - TelegramConflictError: Telegram server says - Conflict: terminated by other getUpdates request; make sure that only one bot instance is running
2026-07-08 15:26:23 | WARNING  | aiogram.dispatcher | Sleep for 5.034962 seconds and try again... (tryings = 46, bot id = 8737871300)
2026-07-08 15:26:33 | ERROR    | aiogram.dispatcher | Failed to fetch updates - TelegramConflictError: Telegram server says - Conflict: terminated by other getUpdates request; make sure that only one bot instance is running
2026-07-08 15:26:33 | WARNING  | aiogram.dispatcher | Sleep for 4.940161 seconds and try again... (tryings = 47, bot id = 8737871300)
2026-07-08 15:26:43 | ERROR    | aiogram.dispatcher | Failed to fetch updates - TelegramConflictError: Telegram server says - Conflict: terminated by other getUpdates request; make sure that only one bot instance is running
2026-07-08 15:26:43 | WARNING  | aiogram.dispatcher | Sleep for 5.070967 seconds and try again... (tryings = 48, bot id = 8737871300)
2026-07-08 15:26:53 | ERROR    | aiogram.dispatcher | Failed to fetch updates - TelegramConflictError: Telegram server says - Conflict: terminated by other getUpdates request; make sure that only one bot instance is running
2026-07-08 15:26:53 | WARNING  | aiogram.dispatcher | Sleep for 5.164107 seconds and try again... (tryings = 49, bot id = 8737871300)
2026-07-08 15:27:04 | ERROR    | aiogram.dispatcher | Failed to fetch updates - TelegramConflictError: Telegram server says - Conflict: terminated by other getUpdates request; make sure that only one bot instance is running
2026-07-08 15:27:04 | WARNING  | aiogram.dispatcher | Sleep for 5.040321 seconds and try again... (tryings = 50, bot id = 8737871300)
2026-07-08 15:27:14 | ERROR    | aiogram.dispatcher | Failed to fetch updates - TelegramConflictError: Telegram server says - Conflict: terminated by other getUpdates request; make sure that only one bot instance is running
2026-07-08 15:27:14 | WARNING  | aiogram.dispatcher | Sleep for 5.046556 seconds and try again... (tryings = 51, bot id = 8737871300)
2026-07-08 15:27:25 | ERROR    | aiogram.dispatcher | Failed to fetch updates - TelegramConflictError: Telegram server says - Conflict: terminated by other getUpdates request; make sure that only one bot instance is running
2026-07-08 15:27:25 | WARNING  | aiogram.dispatcher | Sleep for 5.077209 seconds and try again... (tryings = 52, bot id = 8737871300)
2026-07-08 15:27:35 | ERROR    | aiogram.dispatcher | Failed to fetch updates - TelegramConflictError: Telegram server says - Conflict: terminated by other getUpdates request; make sure that only one bot instance is running
2026-07-08 15:27:35 | WARNING  | aiogram.dispatcher | Sleep for 5.185367 seconds and try again... (tryings = 53, bot id = 8737871300)
2026-07-08 15:27:45 | ERROR    | aiogram.dispatcher | Failed to fetch updates - TelegramConflictError: Telegram server says - Conflict: terminated by other getUpdates request; make sure that only one bot instance is running
2026-07-08 15:27:45 | WARNING  | aiogram.dispatcher | Sleep for 4.852041 seconds and try again... (tryings = 54, bot id = 8737871300)
2026-07-08 15:27:55 | ERROR    | aiogram.dispatcher | Failed to fetch updates - TelegramConflictError: Telegram server says - Conflict: terminated by other getUpdates request; make sure that only one bot instance is running
2026-07-08 15:27:55 | WARNING  | aiogram.dispatcher | Sleep for 4.839766 seconds and try again... (tryings = 55, bot id = 8737871300)
2026-07-08 15:28:06 | ERROR    | aiogram.dispatcher | Failed to fetch updates - TelegramConflictError: Telegram server says - Conflict: terminated by other getUpdates request; make sure that only one bot instance is running
2026-07-08 15:28:06 | WARNING  | aiogram.dispatcher | Sleep for 5.052138 seconds and try again... (tryings = 56, bot id = 8737871300)
2026-07-08 15:28:16 | ERROR    | aiogram.dispatcher | Failed to fetch updates - TelegramConflictError: Telegram server says - Conflict: terminated by other getUpdates request; make sure that only one bot instance is running
2026-07-08 15:28:16 | WARNING  | aiogram.dispatcher | Sleep for 4.951040 seconds and try again... (tryings = 57, bot id = 8737871300)
2026-07-08 15:28:26 | ERROR    | aiogram.dispatcher | Failed to fetch updates - TelegramConflictError: Telegram server says - Conflict: terminated by other getUpdates request; make sure that only one bot instance is running
2026-07-08 15:28:26 | WARNING  | aiogram.dispatcher | Sleep for 4.877046 seconds and try again... (tryings = 58, bot id = 8737871300)
2026-07-08 15:28:37 | ERROR    | aiogram.dispatcher | Failed to fetch updates - TelegramConflictError: Telegram server says - Conflict: terminated by other getUpdates request; make sure that only one bot instance is running
2026-07-08 15:28:37 | WARNING  | aiogram.dispatcher | Sleep for 5.050577 seconds and try again... (tryings = 59, bot id = 8737871300)
2026-07-08 15:28:47 | ERROR    | aiogram.dispatcher | Failed to fetch updates - TelegramConflictError: Telegram server says - Conflict: terminated by other getUpdates request; make sure that only one bot instance is running
2026-07-08 15:28:47 | WARNING  | aiogram.dispatcher | Sleep for 5.154368 seconds and try again... (tryings = 60, bot id = 8737871300)
2026-07-08 15:28:57 | ERROR    | aiogram.dispatcher | Failed to fetch updates - TelegramConflictError: Telegram server says - Conflict: terminated by other getUpdates request; make sure that only one bot instance is running
2026-07-08 15:28:57 | WARNING  | aiogram.dispatcher | Sleep for 5.065029 seconds and try again... (tryings = 61, bot id = 8737871300)
2026-07-08 15:29:08 | ERROR    | aiogram.dispatcher | Failed to fetch updates - TelegramConflictError: Telegram server says - Conflict: terminated by other getUpdates request; make sure that only one bot instance is running
2026-07-08 15:29:08 | WARNING  | aiogram.dispatcher | Sleep for 4.935840 seconds and try again... (tryings = 62, bot id = 8737871300)
2026-07-08 15:29:18 | ERROR    | aiogram.dispatcher | Failed to fetch updates - TelegramConflictError: Telegram server says - Conflict: terminated by other getUpdates request; make sure that only one bot instance is running
2026-07-08 15:29:18 | WARNING  | aiogram.dispatcher | Sleep for 5.039225 seconds and try again... (tryings = 63, bot id = 8737871300)
2026-07-08 15:29:28 | ERROR    | aiogram.dispatcher | Failed to fetch updates - TelegramConflictError: Telegram server says - Conflict: terminated by other getUpdates request; make sure that only one bot instance is running
2026-07-08 15:29:28 | WARNING  | aiogram.dispatcher | Sleep for 4.995337 seconds and try again... (tryings = 64, bot id = 8737871300)
2026-07-08 15:29:39 | ERROR    | aiogram.dispatcher | Failed to fetch updates - TelegramConflictError: Telegram server says - Conflict: terminated by other getUpdates request; make sure that only one bot instance is running
2026-07-08 15:29:39 | WARNING  | aiogram.dispatcher | Sleep for 4.861052 seconds and try again... (tryings = 65, bot id = 8737871300)
2026-07-08 15:29:49 | ERROR    | aiogram.dispatcher | Failed to fetch updates - TelegramConflictError: Telegram server says - Conflict: terminated by other getUpdates request; make sure that only one bot instance is running
2026-07-08 15:29:49 | WARNING  | aiogram.dispatcher | Sleep for 4.811071 seconds and try again... (tryings = 66, bot id = 8737871300)
2026-07-08 15:29:59 | ERROR    | aiogram.dispatcher | Failed to fetch updates - TelegramConflictError: Telegram server says - Conflict: terminated by other getUpdates request; make sure that only one bot instance is running
2026-07-08 15:29:59 | WARNING  | aiogram.dispatcher | Sleep for 4.908083 seconds and try again... (tryings = 67, bot id = 8737871300)
2026-07-08 15:30:09 | ERROR    | aiogram.dispatcher | Failed to fetch updates - TelegramConflictError: Telegram server says - Conflict: terminated by other getUpdates request; make sure that only one bot instance is running
2026-07-08 15:30:09 | WARNING  | aiogram.dispatcher | Sleep for 5.028904 seconds and try again... (tryings = 68, bot id = 8737871300)
2026-07-08 15:30:19 | ERROR    | aiogram.dispatcher | Failed to fetch updates - TelegramConflictError: Telegram server says - Conflict: terminated by other getUpdates request; make sure that only one bot instance is running
2026-07-08 15:30:19 | WARNING  | aiogram.dispatcher | Sleep for 4.846729 seconds and try again... (tryings = 69, bot id = 8737871300)
2026-07-08 15:30:30 | ERROR    | aiogram.dispatcher | Failed to fetch updates - TelegramConflictError: Telegram server says - Conflict: terminated by other getUpdates request; make sure that only one bot instance is running
2026-07-08 15:30:30 | WARNING  | aiogram.dispatcher | Sleep for 4.934187 seconds and try again... (tryings = 70, bot id = 8737871300)
2026-07-08 15:30:40 | ERROR    | aiogram.dispatcher | Failed to fetch updates - TelegramConflictError: Telegram server says - Conflict: terminated by other getUpdates request; make sure that only one bot instance is running
2026-07-08 15:30:40 | WARNING  | aiogram.dispatcher | Sleep for 4.972145 seconds and try again... (tryings = 71, bot id = 8737871300)
2026-07-08 15:30:50 | ERROR    | aiogram.dispatcher | Failed to fetch updates - TelegramConflictError: Telegram server says - Conflict: terminated by other getUpdates request; make sure that only one bot instance is running
2026-07-08 15:30:50 | WARNING  | aiogram.dispatcher | Sleep for 5.004260 seconds and try again... (tryings = 72, bot id = 8737871300)
2026-07-08 15:31:00 | ERROR    | aiogram.dispatcher | Failed to fetch updates - TelegramConflictError: Telegram server says - Conflict: terminated by other getUpdates request; make sure that only one bot instance is running
2026-07-08 15:31:00 | WARNING  | aiogram.dispatcher | Sleep for 4.944624 seconds and try again... (tryings = 73, bot id = 8737871300)
2026-07-08 15:31:11 | ERROR    | aiogram.dispatcher | Failed to fetch updates - TelegramConflictError: Telegram server says - Conflict: terminated by other getUpdates request; make sure that only one bot instance is running
2026-07-08 15:31:11 | WARNING  | aiogram.dispatcher | Sleep for 4.914048 seconds and try again... (tryings = 74, bot id = 8737871300)
2026-07-08 15:31:21 | ERROR    | aiogram.dispatcher | Failed to fetch updates - TelegramConflictError: Telegram server says - Conflict: terminated by other getUpdates request; make sure that only one bot instance is running
2026-07-08 15:31:21 | WARNING  | aiogram.dispatcher | Sleep for 5.123891 seconds and try again... (tryings = 75, bot id = 8737871300)
2026-07-08 15:31:31 | ERROR    | aiogram.dispatcher | Failed to fetch updates - TelegramConflictError: Telegram server says - Conflict: terminated by other getUpdates request; make sure that only one bot instance is running
2026-07-08 15:31:31 | WARNING  | aiogram.dispatcher | Sleep for 4.879022 seconds and try again... (tryings = 76, bot id = 8737871300)
2026-07-08 15:31:41 | ERROR    | aiogram.dispatcher | Failed to fetch updates - TelegramConflictError: Telegram server says - Conflict: terminated by other getUpdates request; make sure that only one bot instance is running
2026-07-08 15:31:41 | WARNING  | aiogram.dispatcher | Sleep for 4.968591 seconds and try again... (tryings = 77, bot id = 8737871300)
2026-07-08 15:31:52 | ERROR    | aiogram.dispatcher | Failed to fetch updates - TelegramConflictError: Telegram server says - Conflict: terminated by other getUpdates request; make sure that only one bot instance is running
2026-07-08 15:31:52 | WARNING  | aiogram.dispatcher | Sleep for 4.987634 seconds and try again... (tryings = 78, bot id = 8737871300)
2026-07-08 15:32:02 | ERROR    | aiogram.dispatcher | Failed to fetch updates - TelegramConflictError: Telegram server says - Conflict: terminated by other getUpdates request; make sure that only one bot instance is running
2026-07-08 15:32:02 | WARNING  | aiogram.dispatcher | Sleep for 5.104324 seconds and try again... (tryings = 79, bot id = 8737871300)
2026-07-08 15:32:12 | ERROR    | aiogram.dispatcher | Failed to fetch updates - TelegramConflictError: Telegram server says - Conflict: terminated by other getUpdates request; make sure that only one bot instance is running
2026-07-08 15:32:12 | WARNING  | aiogram.dispatcher | Sleep for 4.946398 seconds and try again... (tryings = 80, bot id = 8737871300)
2026-07-08 15:32:23 | ERROR    | aiogram.dispatcher | Failed to fetch updates - TelegramConflictError: Telegram server says - Conflict: terminated by other getUpdates request; make sure that only one bot instance is running
2026-07-08 15:32:23 | WARNING  | aiogram.dispatcher | Sleep for 4.891690 seconds and try again... (tryings = 81, bot id = 8737871300)
2026-07-08 15:32:33 | ERROR    | aiogram.dispatcher | Failed to fetch updates - TelegramConflictError: Telegram server says - Conflict: terminated by other getUpdates request; make sure that only one bot instance is running
2026-07-08 15:32:33 | WARNING  | aiogram.dispatcher | Sleep for 5.030189 seconds and try again... (tryings = 82, bot id = 8737871300)
2026-07-08 15:32:43 | ERROR    | aiogram.dispatcher | Failed to fetch updates - TelegramConflictError: Telegram server says - Conflict: terminated by other getUpdates request; make sure that only one bot instance is running
2026-07-08 15:32:43 | WARNING  | aiogram.dispatcher | Sleep for 4.904172 seconds and try again... (tryings = 83, bot id = 8737871300)
2026-07-08 15:32:53 | ERROR    | aiogram.dispatcher | Failed to fetch updates - TelegramConflictError: Telegram server says - Conflict: terminated by other getUpdates request; make sure that only one bot instance is running
2026-07-08 15:32:53 | WARNING  | aiogram.dispatcher | Sleep for 5.004662 seconds and try again... (tryings = 84, bot id = 8737871300)
2026-07-08 15:33:04 | ERROR    | aiogram.dispatcher | Failed to fetch updates - TelegramConflictError: Telegram server says - Conflict: terminated by other getUpdates request; make sure that only one bot instance is running
2026-07-08 15:33:04 | WARNING  | aiogram.dispatcher | Sleep for 5.124142 seconds and try again... (tryings = 85, bot id = 8737871300)
2026-07-08 15:33:14 | ERROR    | aiogram.dispatcher | Failed to fetch updates - TelegramConflictError: Telegram server says - Conflict: terminated by other getUpdates request; make sure that only one bot instance is running
2026-07-08 15:33:14 | WARNING  | aiogram.dispatcher | Sleep for 5.082975 seconds and try again... (tryings = 86, bot id = 8737871300)
2026-07-08 15:33:24 | ERROR    | aiogram.dispatcher | Failed to fetch updates - TelegramConflictError: Telegram server says - Conflict: terminated by other getUpdates request; make sure that only one bot instance is running
2026-07-08 15:33:24 | WARNING  | aiogram.dispatcher | Sleep for 5.113617 seconds and try again... (tryings = 87, bot id = 8737871300)
2026-07-08 15:33:35 | ERROR    | aiogram.dispatcher | Failed to fetch updates - TelegramConflictError: Telegram server says - Conflict: terminated by other getUpdates request; make sure that only one bot instance is running
2026-07-08 15:33:35 | WARNING  | aiogram.dispatcher | Sleep for 5.091851 seconds and try again... (tryings = 88, bot id = 8737871300)
2026-07-08 15:33:45 | ERROR    | aiogram.dispatcher | Failed to fetch updates - TelegramConflictError: Telegram server says - Conflict: terminated by other getUpdates request; make sure that only one bot instance is running
2026-07-08 15:33:45 | WARNING  | aiogram.dispatcher | Sleep for 4.739622 seconds and try again... (tryings = 89, bot id = 8737871300)
2026-07-08 15:33:55 | ERROR    | aiogram.dispatcher | Failed to fetch updates - TelegramConflictError: Telegram server says - Conflict: terminated by other getUpdates request; make sure that only one bot instance is running
2026-07-08 15:33:55 | WARNING  | aiogram.dispatcher | Sleep for 5.032659 seconds and try again... (tryings = 90, bot id = 8737871300)
2026-07-08 15:34:05 | ERROR    | aiogram.dispatcher | Failed to fetch updates - TelegramConflictError: Telegram server says - Conflict: terminated by other getUpdates request; make sure that only one bot instance is running
2026-07-08 15:34:05 | WARNING  | aiogram.dispatcher | Sleep for 5.024990 seconds and try again... (tryings = 91, bot id = 8737871300)
2026-07-08 15:34:16 | ERROR    | aiogram.dispatcher | Failed to fetch updates - TelegramConflictError: Telegram server says - Conflict: terminated by other getUpdates request; make sure that only one bot instance is running
2026-07-08 15:34:16 | WARNING  | aiogram.dispatcher | Sleep for 5.023828 seconds and try again... (tryings = 92, bot id = 8737871300)
2026-07-08 15:34:26 | ERROR    | aiogram.dispatcher | Failed to fetch updates - TelegramConflictError: Telegram server says - Conflict: terminated by other getUpdates request; make sure that only one bot instance is running
2026-07-08 15:34:26 | WARNING  | aiogram.dispatcher | Sleep for 5.019467 seconds and try again... (tryings = 93, bot id = 8737871300)
2026-07-08 15:34:36 | ERROR    | aiogram.dispatcher | Failed to fetch updates - TelegramConflictError: Telegram server says - Conflict: terminated by other getUpdates request; make sure that only one bot instance is running
2026-07-08 15:34:36 | WARNING  | aiogram.dispatcher | Sleep for 5.013067 seconds and try again... (tryings = 94, bot id = 8737871300)
2026-07-08 15:34:46 | ERROR    | aiogram.dispatcher | Failed to fetch updates - TelegramConflictError: Telegram server says - Conflict: terminated by other getUpdates request; make sure that only one bot instance is running
2026-07-08 15:34:46 | WARNING  | aiogram.dispatcher | Sleep for 4.965676 seconds and try again... (tryings = 95, bot id = 8737871300)
2026-07-08 15:34:57 | ERROR    | aiogram.dispatcher | Failed to fetch updates - TelegramConflictError: Telegram server says - Conflict: terminated by other getUpdates request; make sure that only one bot instance is running
2026-07-08 15:34:57 | WARNING  | aiogram.dispatcher | Sleep for 4.944173 seconds and try again... (tryings = 96, bot id = 8737871300)
2026-07-08 15:35:07 | ERROR    | aiogram.dispatcher | Failed to fetch updates - TelegramConflictError: Telegram server says - Conflict: terminated by other getUpdates request; make sure that only one bot instance is running
2026-07-08 15:35:07 | WARNING  | aiogram.dispatcher | Sleep for 5.040439 seconds and try again... (tryings = 97, bot id = 8737871300)
2026-07-08 15:35:17 | ERROR    | aiogram.dispatcher | Failed to fetch updates - TelegramConflictError: Telegram server says - Conflict: terminated by other getUpdates request; make sure that only one bot instance is running
2026-07-08 15:35:17 | WARNING  | aiogram.dispatcher | Sleep for 4.974543 seconds and try again... (tryings = 98, bot id = 8737871300)
2026-07-08 15:35:27 | ERROR    | aiogram.dispatcher | Failed to fetch updates - TelegramConflictError: Telegram server says - Conflict: terminated by other getUpdates request; make sure that only one bot instance is running
2026-07-08 15:35:27 | WARNING  | aiogram.dispatcher | Sleep for 5.012225 seconds and try again... (tryings = 99, bot id = 8737871300)
2026-07-08 15:35:38 | ERROR    | aiogram.dispatcher | Failed to fetch updates - TelegramConflictError: Telegram server says - Conflict: terminated by other getUpdates request; make sure that only one bot instance is running
2026-07-08 15:35:38 | WARNING  | aiogram.dispatcher | Sleep for 5.122812 seconds and try again... (tryings = 100, bot id = 8737871300)
2026-07-08 15:35:48 | ERROR    | aiogram.dispatcher | Failed to fetch updates - TelegramConflictError: Telegram server says - Conflict: terminated by other getUpdates request; make sure that only one bot instance is running
2026-07-08 15:35:48 | WARNING  | aiogram.dispatcher | Sleep for 4.973555 seconds and try again... (tryings = 101, bot id = 8737871300)
2026-07-08 15:35:58 | ERROR    | aiogram.dispatcher | Failed to fetch updates - TelegramConflictError: Telegram server says - Conflict: terminated by other getUpdates request; make sure that only one bot instance is running
2026-07-08 15:35:58 | WARNING  | aiogram.dispatcher | Sleep for 4.850303 seconds and try again... (tryings = 102, bot id = 8737871300)
2026-07-08 15:36:08 | ERROR    | aiogram.dispatcher | Failed to fetch updates - TelegramConflictError: Telegram server says - Conflict: terminated by other getUpdates request; make sure that only one bot instance is running
2026-07-08 15:36:08 | WARNING  | aiogram.dispatcher | Sleep for 5.058495 seconds and try again... (tryings = 103, bot id = 8737871300)
2026-07-08 15:36:19 | ERROR    | aiogram.dispatcher | Failed to fetch updates - TelegramConflictError: Telegram server says - Conflict: terminated by other getUpdates request; make sure that only one bot instance is running
2026-07-08 15:36:19 | WARNING  | aiogram.dispatcher | Sleep for 5.059245 seconds and try again... (tryings = 104, bot id = 8737871300)
2026-07-08 15:36:29 | ERROR    | aiogram.dispatcher | Failed to fetch updates - TelegramConflictError: Telegram server says - Conflict: terminated by other getUpdates request; make sure that only one bot instance is running
2026-07-08 15:36:29 | WARNING  | aiogram.dispatcher | Sleep for 4.781804 seconds and try again... (tryings = 105, bot id = 8737871300)
2026-07-08 15:36:39 | ERROR    | aiogram.dispatcher | Failed to fetch updates - TelegramConflictError: Telegram server says - Conflict: terminated by other getUpdates request; make sure that only one bot instance is running
2026-07-08 15:36:39 | WARNING  | aiogram.dispatcher | Sleep for 4.769889 seconds and try again... (tryings = 106, bot id = 8737871300)
2026-07-08 15:36:49 | ERROR    | aiogram.dispatcher | Failed to fetch updates - TelegramConflictError: Telegram server says - Conflict: terminated by other getUpdates request; make sure that only one bot instance is running
2026-07-08 15:36:49 | WARNING  | aiogram.dispatcher | Sleep for 5.005797 seconds and try again... (tryings = 107, bot id = 8737871300)
2026-07-08 15:37:00 | ERROR    | aiogram.dispatcher | Failed to fetch updates - TelegramConflictError: Telegram server says - Conflict: terminated by other getUpdates request; make sure that only one bot instance is running
2026-07-08 15:37:00 | WARNING  | aiogram.dispatcher | Sleep for 4.924277 seconds and try again... (tryings = 108, bot id = 8737871300)
2026-07-08 15:37:10 | ERROR    | aiogram.dispatcher | Failed to fetch updates - TelegramConflictError: Telegram server says - Conflict: terminated by other getUpdates request; make sure that only one bot instance is running
2026-07-08 15:37:10 | WARNING  | aiogram.dispatcher | Sleep for 5.151025 seconds and try again... (tryings = 109, bot id = 8737871300)
2026-07-08 15:37:20 | ERROR    | aiogram.dispatcher | Failed to fetch updates - TelegramConflictError: Telegram server says - Conflict: terminated by other getUpdates request; make sure that only one bot instance is running
2026-07-08 15:37:20 | WARNING  | aiogram.dispatcher | Sleep for 5.029823 seconds and try again... (tryings = 110, bot id = 8737871300)
2026-07-08 15:37:31 | ERROR    | aiogram.dispatcher | Failed to fetch updates - TelegramConflictError: Telegram server says - Conflict: terminated by other getUpdates request; make sure that only one bot instance is running
2026-07-08 15:37:31 | WARNING  | aiogram.dispatcher | Sleep for 5.071091 seconds and try again... (tryings = 111, bot id = 8737871300)
2026-07-08 15:37:41 | ERROR    | aiogram.dispatcher | Failed to fetch updates - TelegramConflictError: Telegram server says - Conflict: terminated by other getUpdates request; make sure that only one bot instance is running
2026-07-08 15:37:41 | WARNING  | aiogram.dispatcher | Sleep for 5.003011 seconds and try again... (tryings = 112, bot id = 8737871300)
2026-07-08 15:37:51 | ERROR    | aiogram.dispatcher | Failed to fetch updates - TelegramConflictError: Telegram server says - Conflict: terminated by other getUpdates request; make sure that only one bot instance is running
2026-07-08 15:37:51 | WARNING  | aiogram.dispatcher | Sleep for 5.064516 seconds and try again... (tryings = 113, bot id = 8737871300)
2026-07-08 15:38:02 | ERROR    | aiogram.dispatcher | Failed to fetch updates - TelegramConflictError: Telegram server says - Conflict: terminated by other getUpdates request; make sure that only one bot instance is running
2026-07-08 15:38:02 | WARNING  | aiogram.dispatcher | Sleep for 4.948437 seconds and try again... (tryings = 114, bot id = 8737871300)
2026-07-08 15:38:12 | ERROR    | aiogram.dispatcher | Failed to fetch updates - TelegramConflictError: Telegram server says - Conflict: terminated by other getUpdates request; make sure that only one bot instance is running
2026-07-08 15:38:12 | WARNING  | aiogram.dispatcher | Sleep for 4.856904 seconds and try again... (tryings = 115, bot id = 8737871300)
2026-07-08 15:38:22 | ERROR    | aiogram.dispatcher | Failed to fetch updates - TelegramConflictError: Telegram server says - Conflict: terminated by other getUpdates request; make sure that only one bot instance is running
2026-07-08 15:38:22 | WARNING  | aiogram.dispatcher | Sleep for 4.867923 seconds and try again... (tryings = 116, bot id = 8737871300)
2026-07-08 15:38:32 | ERROR    | aiogram.dispatcher | Failed to fetch updates - TelegramConflictError: Telegram server says - Conflict: terminated by other getUpdates request; make sure that only one bot instance is running
2026-07-08 15:38:32 | WARNING  | aiogram.dispatcher | Sleep for 4.929833 seconds and try again... (tryings = 117, bot id = 8737871300)
2026-07-08 15:38:43 | ERROR    | aiogram.dispatcher | Failed to fetch updates - TelegramConflictError: Telegram server says - Conflict: terminated by other getUpdates request; make sure that only one bot instance is running
2026-07-08 15:38:43 | WARNING  | aiogram.dispatcher | Sleep for 5.208606 seconds and try again... (tryings = 118, bot id = 8737871300)
2026-07-08 15:38:53 | ERROR    | aiogram.dispatcher | Failed to fetch updates - TelegramConflictError: Telegram server says - Conflict: terminated by other getUpdates request; make sure that only one bot instance is running
2026-07-08 15:38:53 | WARNING  | aiogram.dispatcher | Sleep for 4.793039 seconds and try again... (tryings = 119, bot id = 8737871300)
2026-07-08 15:39:03 | ERROR    | aiogram.dispatcher | Failed to fetch updates - TelegramConflictError: Telegram server says - Conflict: terminated by other getUpdates request; make sure that only one bot instance is running
2026-07-08 15:39:03 | WARNING  | aiogram.dispatcher | Sleep for 5.004879 seconds and try again... (tryings = 120, bot id = 8737871300)
2026-07-08 15:39:14 | ERROR    | aiogram.dispatcher | Failed to fetch updates - TelegramConflictError: Telegram server says - Conflict: terminated by other getUpdates request; make sure that only one bot instance is running
2026-07-08 15:39:14 | WARNING  | aiogram.dispatcher | Sleep for 5.025774 seconds and try again... (tryings = 121, bot id = 8737871300)
2026-07-08 15:39:24 | ERROR    | aiogram.dispatcher | Failed to fetch updates - TelegramConflictError: Telegram server says - Conflict: terminated by other getUpdates request; make sure that only one bot instance is running
2026-07-08 15:39:24 | WARNING  | aiogram.dispatcher | Sleep for 5.093925 seconds and try again... (tryings = 122, bot id = 8737871300)
2026-07-08 15:39:35 | ERROR    | aiogram.dispatcher | Failed to fetch updates - TelegramConflictError: Telegram server says - Conflict: terminated by other getUpdates request; make sure that only one bot instance is running
2026-07-08 15:39:35 | WARNING  | aiogram.dispatcher | Sleep for 4.956752 seconds and try again... (tryings = 123, bot id = 8737871300)
2026-07-08 15:39:45 | ERROR    | aiogram.dispatcher | Failed to fetch updates - TelegramConflictError: Telegram server says - Conflict: terminated by other getUpdates request; make sure that only one bot instance is running
2026-07-08 15:39:45 | WARNING  | aiogram.dispatcher | Sleep for 5.081717 seconds and try again... (tryings = 124, bot id = 8737871300)
2026-07-08 15:39:55 | ERROR    | aiogram.dispatcher | Failed to fetch updates - TelegramConflictError: Telegram server says - Conflict: terminated by other getUpdates request; make sure that only one bot instance is running
2026-07-08 15:39:55 | WARNING  | aiogram.dispatcher | Sleep for 4.947323 seconds and try again... (tryings = 125, bot id = 8737871300)
2026-07-08 15:40:06 | ERROR    | aiogram.dispatcher | Failed to fetch updates - TelegramConflictError: Telegram server says - Conflict: terminated by other getUpdates request; make sure that only one bot instance is running
2026-07-08 15:40:06 | WARNING  | aiogram.dispatcher | Sleep for 4.945039 seconds and try again... (tryings = 126, bot id = 8737871300)
2026-07-08 15:40:16 | ERROR    | aiogram.dispatcher | Failed to fetch updates - TelegramConflictError: Telegram server says - Conflict: terminated by other getUpdates request; make sure that only one bot instance is running
2026-07-08 15:40:16 | WARNING  | aiogram.dispatcher | Sleep for 5.021125 seconds and try again... (tryings = 127, bot id = 8737871300)
2026-07-08 15:40:26 | ERROR    | aiogram.dispatcher | Failed to fetch updates - TelegramConflictError: Telegram server says - Conflict: terminated by other getUpdates request; make sure that only one bot instance is running
2026-07-08 15:40:26 | WARNING  | aiogram.dispatcher | Sleep for 5.037012 seconds and try again... (tryings = 128, bot id = 8737871300)
2026-07-08 15:40:36 | ERROR    | aiogram.dispatcher | Failed to fetch updates - TelegramConflictError: Telegram server says - Conflict: terminated by other getUpdates request; make sure that only one bot instance is running
2026-07-08 15:40:36 | WARNING  | aiogram.dispatcher | Sleep for 5.055159 seconds and try again... (tryings = 129, bot id = 8737871300)
2026-07-08 15:40:47 | ERROR    | aiogram.dispatcher | Failed to fetch updates - TelegramConflictError: Telegram server says - Conflict: terminated by other getUpdates request; make sure that only one bot instance is running
2026-07-08 15:40:47 | WARNING  | aiogram.dispatcher | Sleep for 4.889054 seconds and try again... (tryings = 130, bot id = 8737871300)
2026-07-08 15:40:57 | ERROR    | aiogram.dispatcher | Failed to fetch updates - TelegramConflictError: Telegram server says - Conflict: terminated by other getUpdates request; make sure that only one bot instance is running
2026-07-08 15:40:57 | WARNING  | aiogram.dispatcher | Sleep for 4.984952 seconds and try again... (tryings = 131, bot id = 8737871300)
2026-07-08 15:41:07 | ERROR    | aiogram.dispatcher | Failed to fetch updates - TelegramConflictError: Telegram server says - Conflict: terminated by other getUpdates request; make sure that only one bot instance is running
2026-07-08 15:41:07 | WARNING  | aiogram.dispatcher | Sleep for 4.982685 seconds and try again... (tryings = 132, bot id = 8737871300)
2026-07-08 15:41:18 | ERROR    | aiogram.dispatcher | Failed to fetch updates - TelegramConflictError: Telegram server says - Conflict: terminated by other getUpdates request; make sure that only one bot instance is running
2026-07-08 15:41:18 | WARNING  | aiogram.dispatcher | Sleep for 5.041822 seconds and try again... (tryings = 133, bot id = 8737871300)
2026-07-08 15:41:28 | ERROR    | aiogram.dispatcher | Failed to fetch updates - TelegramConflictError: Telegram server says - Conflict: terminated by other getUpdates request; make sure that only one bot instance is running
2026-07-08 15:41:28 | WARNING  | aiogram.dispatcher | Sleep for 5.046909 seconds and try again... (tryings = 134, bot id = 8737871300)
2026-07-08 15:41:38 | ERROR    | aiogram.dispatcher | Failed to fetch updates - TelegramConflictError: Telegram server says - Conflict: terminated by other getUpdates request; make sure that only one bot instance is running
2026-07-08 15:41:38 | WARNING  | aiogram.dispatcher | Sleep for 4.958050 seconds and try again... (tryings = 135, bot id = 8737871300)
2026-07-08 15:41:49 | ERROR    | aiogram.dispatcher | Failed to fetch updates - TelegramConflictError: Telegram server says - Conflict: terminated by other getUpdates request; make sure that only one bot instance is running
2026-07-08 15:41:49 | WARNING  | aiogram.dispatcher | Sleep for 5.005263 seconds and try again... (tryings = 136, bot id = 8737871300)
2026-07-08 15:41:59 | ERROR    | aiogram.dispatcher | Failed to fetch updates - TelegramConflictError: Telegram server says - Conflict: terminated by other getUpdates request; make sure that only one bot instance is running
2026-07-08 15:41:59 | WARNING  | aiogram.dispatcher | Sleep for 5.011138 seconds and try again... (tryings = 137, bot id = 8737871300)
2026-07-08 15:42:09 | ERROR    | aiogram.dispatcher | Failed to fetch updates - TelegramConflictError: Telegram server says - Conflict: terminated by other getUpdates request; make sure that only one bot instance is running
2026-07-08 15:42:09 | WARNING  | aiogram.dispatcher | Sleep for 4.814659 seconds and try again... (tryings = 138, bot id = 8737871300)
2026-07-08 15:42:19 | ERROR    | aiogram.dispatcher | Failed to fetch updates - TelegramConflictError: Telegram server says - Conflict: terminated by other getUpdates request; make sure that only one bot instance is running
2026-07-08 15:42:19 | WARNING  | aiogram.dispatcher | Sleep for 4.987873 seconds and try again... (tryings = 139, bot id = 8737871300)
2026-07-08 15:42:29 | ERROR    | aiogram.dispatcher | Failed to fetch updates - TelegramConflictError: Telegram server says - Conflict: terminated by other getUpdates request; make sure that only one bot instance is running
2026-07-08 15:42:29 | WARNING  | aiogram.dispatcher | Sleep for 4.844246 seconds and try again... (tryings = 140, bot id = 8737871300)
2026-07-08 15:42:40 | ERROR    | aiogram.dispatcher | Failed to fetch updates - TelegramConflictError: Telegram server says - Conflict: terminated by other getUpdates request; make sure that only one bot instance is running
2026-07-08 15:42:40 | WARNING  | aiogram.dispatcher | Sleep for 4.905578 seconds and try again... (tryings = 141, bot id = 8737871300)
2026-07-08 15:42:50 | ERROR    | aiogram.dispatcher | Failed to fetch updates - TelegramConflictError: Telegram server says - Conflict: terminated by other getUpdates request; make sure that only one bot instance is running
2026-07-08 15:42:50 | WARNING  | aiogram.dispatcher | Sleep for 5.021021 seconds and try again... (tryings = 142, bot id = 8737871300)
2026-07-08 15:43:00 | ERROR    | aiogram.dispatcher | Failed to fetch updates - TelegramConflictError: Telegram server says - Conflict: terminated by other getUpdates request; make sure that only one bot instance is running
2026-07-08 15:43:00 | WARNING  | aiogram.dispatcher | Sleep for 4.972621 seconds and try again... (tryings = 143, bot id = 8737871300)
2026-07-08 15:43:10 | ERROR    | aiogram.dispatcher | Failed to fetch updates - TelegramConflictError: Telegram server says - Conflict: terminated by other getUpdates request; make sure that only one bot instance is running
2026-07-08 15:43:10 | WARNING  | aiogram.dispatcher | Sleep for 4.999523 seconds and try again... (tryings = 144, bot id = 8737871300)
2026-07-08 15:43:20 | ERROR    | aiogram.dispatcher | Failed to fetch updates - TelegramConflictError: Telegram server says - Conflict: terminated by other getUpdates request; make sure that only one bot instance is running
2026-07-08 15:43:20 | WARNING  | aiogram.dispatcher | Sleep for 4.901972 seconds and try again... (tryings = 145, bot id = 8737871300)
2026-07-08 15:43:30 | ERROR    | aiogram.dispatcher | Failed to fetch updates - TelegramConflictError: Telegram server says - Conflict: terminated by other getUpdates request; make sure that only one bot instance is running
2026-07-08 15:43:30 | WARNING  | aiogram.dispatcher | Sleep for 5.142351 seconds and try again... (tryings = 146, bot id = 8737871300)
2026-07-08 15:43:41 | ERROR    | aiogram.dispatcher | Failed to fetch updates - TelegramConflictError: Telegram server says - Conflict: terminated by other getUpdates request; make sure that only one bot instance is running
2026-07-08 15:43:41 | WARNING  | aiogram.dispatcher | Sleep for 4.925898 seconds and try again... (tryings = 147, bot id = 8737871300)
2026-07-08 15:43:51 | ERROR    | aiogram.dispatcher | Failed to fetch updates - TelegramConflictError: Telegram server says - Conflict: terminated by other getUpdates request; make sure that only one bot instance is running
2026-07-08 15:43:51 | WARNING  | aiogram.dispatcher | Sleep for 4.957864 seconds and try again... (tryings = 148, bot id = 8737871300)
2026-07-08 15:44:01 | ERROR    | aiogram.dispatcher | Failed to fetch updates - TelegramConflictError: Telegram server says - Conflict: terminated by other getUpdates request; make sure that only one bot instance is running
2026-07-08 15:44:01 | WARNING  | aiogram.dispatcher | Sleep for 4.996740 seconds and try again... (tryings = 149, bot id = 8737871300)
2026-07-08 15:44:12 | ERROR    | aiogram.dispatcher | Failed to fetch updates - TelegramConflictError: Telegram server says - Conflict: terminated by other getUpdates request; make sure that only one bot instance is running
2026-07-08 15:44:12 | WARNING  | aiogram.dispatcher | Sleep for 5.147417 seconds and try again... (tryings = 150, bot id = 8737871300)
2026-07-08 15:44:22 | ERROR    | aiogram.dispatcher | Failed to fetch updates - TelegramConflictError: Telegram server says - Conflict: terminated by other getUpdates request; make sure that only one bot instance is running
2026-07-08 15:44:22 | WARNING  | aiogram.dispatcher | Sleep for 4.915997 seconds and try again... (tryings = 151, bot id = 8737871300)
2026-07-08 15:44:32 | ERROR    | aiogram.dispatcher | Failed to fetch updates - TelegramConflictError: Telegram server says - Conflict: terminated by other getUpdates request; make sure that only one bot instance is running
2026-07-08 15:44:32 | WARNING  | aiogram.dispatcher | Sleep for 5.017480 seconds and try again... (tryings = 152, bot id = 8737871300)
2026-07-08 15:44:42 | ERROR    | aiogram.dispatcher | Failed to fetch updates - TelegramConflictError: Telegram server says - Conflict: terminated by other getUpdates request; make sure that only one bot instance is running
2026-07-08 15:44:42 | WARNING  | aiogram.dispatcher | Sleep for 5.091711 seconds and try again... (tryings = 153, bot id = 8737871300)
2026-07-08 15:44:53 | ERROR    | aiogram.dispatcher | Failed to fetch updates - TelegramConflictError: Telegram server says - Conflict: terminated by other getUpdates request; make sure that only one bot instance is running
2026-07-08 15:44:53 | WARNING  | aiogram.dispatcher | Sleep for 5.143165 seconds and try again... (tryings = 154, bot id = 8737871300)
2026-07-08 15:45:03 | ERROR    | aiogram.dispatcher | Failed to fetch updates - TelegramConflictError: Telegram server says - Conflict: terminated by other getUpdates request; make sure that only one bot instance is running
2026-07-08 15:45:03 | WARNING  | aiogram.dispatcher | Sleep for 5.039604 seconds and try again... (tryings = 155, bot id = 8737871300)
2026-07-08 15:45:14 | ERROR    | aiogram.dispatcher | Failed to fetch updates - TelegramConflictError: Telegram server says - Conflict: terminated by other getUpdates request; make sure that only one bot instance is running
2026-07-08 15:45:14 | WARNING  | aiogram.dispatcher | Sleep for 4.969031 seconds and try again... (tryings = 156, bot id = 8737871300)
2026-07-08 15:45:24 | ERROR    | aiogram.dispatcher | Failed to fetch updates - TelegramConflictError: Telegram server says - Conflict: terminated by other getUpdates request; make sure that only one bot instance is running
2026-07-08 15:45:24 | WARNING  | aiogram.dispatcher | Sleep for 4.959008 seconds and try again... (tryings = 157, bot id = 8737871300)
2026-07-08 15:45:34 | ERROR    | aiogram.dispatcher | Failed to fetch updates - TelegramConflictError: Telegram server says - Conflict: terminated by other getUpdates request; make sure that only one bot instance is running
2026-07-08 15:45:34 | WARNING  | aiogram.dispatcher | Sleep for 5.043846 seconds and try again... (tryings = 158, bot id = 8737871300)
2026-07-08 15:45:45 | ERROR    | aiogram.dispatcher | Failed to fetch updates - TelegramConflictError: Telegram server says - Conflict: terminated by other getUpdates request; make sure that only one bot instance is running
2026-07-08 15:45:45 | WARNING  | aiogram.dispatcher | Sleep for 4.925473 seconds and try again... (tryings = 159, bot id = 8737871300)
2026-07-08 15:45:55 | ERROR    | aiogram.dispatcher | Failed to fetch updates - TelegramConflictError: Telegram server says - Conflict: terminated by other getUpdates request; make sure that only one bot instance is running
2026-07-08 15:45:55 | WARNING  | aiogram.dispatcher | Sleep for 4.793194 seconds and try again... (tryings = 160, bot id = 8737871300)
2026-07-08 15:46:05 | ERROR    | aiogram.dispatcher | Failed to fetch updates - TelegramConflictError: Telegram server says - Conflict: terminated by other getUpdates request; make sure that only one bot instance is running
2026-07-08 15:46:05 | WARNING  | aiogram.dispatcher | Sleep for 4.899130 seconds and try again... (tryings = 161, bot id = 8737871300)
2026-07-08 15:46:15 | ERROR    | aiogram.dispatcher | Failed to fetch updates - TelegramConflictError: Telegram server says - Conflict: terminated by other getUpdates request; make sure that only one bot instance is running
2026-07-08 15:46:15 | WARNING  | aiogram.dispatcher | Sleep for 5.184606 seconds and try again... (tryings = 162, bot id = 8737871300)
2026-07-08 15:46:26 | ERROR    | aiogram.dispatcher | Failed to fetch updates - TelegramConflictError: Telegram server says - Conflict: terminated by other getUpdates request; make sure that only one bot instance is running
2026-07-08 15:46:26 | WARNING  | aiogram.dispatcher | Sleep for 4.905153 seconds and try again... (tryings = 163, bot id = 8737871300)
2026-07-08 15:46:36 | ERROR    | aiogram.dispatcher | Failed to fetch updates - TelegramConflictError: Telegram server says - Conflict: terminated by other getUpdates request; make sure that only one bot instance is running
2026-07-08 15:46:36 | WARNING  | aiogram.dispatcher | Sleep for 5.024376 seconds and try again... (tryings = 164, bot id = 8737871300)
2026-07-08 15:46:46 | ERROR    | aiogram.dispatcher | Failed to fetch updates - TelegramConflictError: Telegram server says - Conflict: terminated by other getUpdates request; make sure that only one bot instance is running
2026-07-08 15:46:46 | WARNING  | aiogram.dispatcher | Sleep for 5.016422 seconds and try again... (tryings = 165, bot id = 8737871300)
2026-07-08 15:46:57 | ERROR    | aiogram.dispatcher | Failed to fetch updates - TelegramConflictError: Telegram server says - Conflict: terminated by other getUpdates request; make sure that only one bot instance is running
2026-07-08 15:46:57 | WARNING  | aiogram.dispatcher | Sleep for 4.853058 seconds and try again... (tryings = 166, bot id = 8737871300)
2026-07-08 15:47:07 | ERROR    | aiogram.dispatcher | Failed to fetch updates - TelegramConflictError: Telegram server says - Conflict: terminated by other getUpdates request; make sure that only one bot instance is running
2026-07-08 15:47:07 | WARNING  | aiogram.dispatcher | Sleep for 5.099463 seconds and try again... (tryings = 167, bot id = 8737871300)
2026-07-08 15:47:17 | ERROR    | aiogram.dispatcher | Failed to fetch updates - TelegramConflictError: Telegram server says - Conflict: terminated by other getUpdates request; make sure that only one bot instance is running
2026-07-08 15:47:17 | WARNING  | aiogram.dispatcher | Sleep for 4.971037 seconds and try again... (tryings = 168, bot id = 8737871300)
2026-07-08 15:47:27 | ERROR    | aiogram.dispatcher | Failed to fetch updates - TelegramConflictError: Telegram server says - Conflict: terminated by other getUpdates request; make sure that only one bot instance is running
2026-07-08 15:47:27 | WARNING  | aiogram.dispatcher | Sleep for 5.044856 seconds and try again... (tryings = 169, bot id = 8737871300)
2026-07-08 15:47:38 | ERROR    | aiogram.dispatcher | Failed to fetch updates - TelegramConflictError: Telegram server says - Conflict: terminated by other getUpdates request; make sure that only one bot instance is running
2026-07-08 15:47:38 | WARNING  | aiogram.dispatcher | Sleep for 5.095751 seconds and try again... (tryings = 170, bot id = 8737871300)
2026-07-08 15:47:48 | ERROR    | aiogram.dispatcher | Failed to fetch updates - TelegramConflictError: Telegram server says - Conflict: terminated by other getUpdates request; make sure that only one bot instance is running
2026-07-08 15:47:48 | WARNING  | aiogram.dispatcher | Sleep for 4.939259 seconds and try again... (tryings = 171, bot id = 8737871300)
2026-07-08 15:47:59 | ERROR    | aiogram.dispatcher | Failed to fetch updates - TelegramConflictError: Telegram server says - Conflict: terminated by other getUpdates request; make sure that only one bot instance is running
2026-07-08 15:47:59 | WARNING  | aiogram.dispatcher | Sleep for 5.043661 seconds and try again... (tryings = 172, bot id = 8737871300)
2026-07-08 15:48:09 | ERROR    | aiogram.dispatcher | Failed to fetch updates - TelegramConflictError: Telegram server says - Conflict: terminated by other getUpdates request; make sure that only one bot instance is running
2026-07-08 15:48:09 | WARNING  | aiogram.dispatcher | Sleep for 5.251787 seconds and try again... (tryings = 173, bot id = 8737871300)
2026-07-08 15:48:19 | ERROR    | aiogram.dispatcher | Failed to fetch updates - TelegramConflictError: Telegram server says - Conflict: terminated by other getUpdates request; make sure that only one bot instance is running
2026-07-08 15:48:19 | WARNING  | aiogram.dispatcher | Sleep for 5.018573 seconds and try again... (tryings = 174, bot id = 8737871300)
2026-07-08 15:48:30 | ERROR    | aiogram.dispatcher | Failed to fetch updates - TelegramConflictError: Telegram server says - Conflict: terminated by other getUpdates request; make sure that only one bot instance is running
2026-07-08 15:48:30 | WARNING  | aiogram.dispatcher | Sleep for 5.010757 seconds and try again... (tryings = 175, bot id = 8737871300)
2026-07-08 15:48:40 | ERROR    | aiogram.dispatcher | Failed to fetch updates - TelegramConflictError: Telegram server says - Conflict: terminated by other getUpdates request; make sure that only one bot instance is running
2026-07-08 15:48:40 | WARNING  | aiogram.dispatcher | Sleep for 4.885287 seconds and try again... (tryings = 176, bot id = 8737871300)
2026-07-08 15:48:50 | ERROR    | aiogram.dispatcher | Failed to fetch updates - TelegramConflictError: Telegram server says - Conflict: terminated by other getUpdates request; make sure that only one bot instance is running
2026-07-08 15:48:50 | WARNING  | aiogram.dispatcher | Sleep for 4.975829 seconds and try again... (tryings = 177, bot id = 8737871300)
2026-07-08 15:49:01 | ERROR    | aiogram.dispatcher | Failed to fetch updates - TelegramConflictError: Telegram server says - Conflict: terminated by other getUpdates request; make sure that only one bot instance is running
2026-07-08 15:49:01 | WARNING  | aiogram.dispatcher | Sleep for 4.883260 seconds and try again... (tryings = 178, bot id = 8737871300)
2026-07-08 15:49:11 | ERROR    | aiogram.dispatcher | Failed to fetch updates - TelegramConflictError: Telegram server says - Conflict: terminated by other getUpdates request; make sure that only one bot instance is running
2026-07-08 15:49:11 | WARNING  | aiogram.dispatcher | Sleep for 5.116989 seconds and try again... (tryings = 179, bot id = 8737871300)
2026-07-08 15:49:21 | ERROR    | aiogram.dispatcher | Failed to fetch updates - TelegramConflictError: Telegram server says - Conflict: terminated by other getUpdates request; make sure that only one bot instance is running
2026-07-08 15:49:21 | WARNING  | aiogram.dispatcher | Sleep for 5.155717 seconds and try again... (tryings = 180, bot id = 8737871300)
2026-07-08 15:49:32 | ERROR    | aiogram.dispatcher | Failed to fetch updates - TelegramConflictError: Telegram server says - Conflict: terminated by other getUpdates request; make sure that only one bot instance is running
2026-07-08 15:49:32 | WARNING  | aiogram.dispatcher | Sleep for 5.024458 seconds and try again... (tryings = 181, bot id = 8737871300)
2026-07-08 15:49:42 | ERROR    | aiogram.dispatcher | Failed to fetch updates - TelegramConflictError: Telegram server says - Conflict: terminated by other getUpdates request; make sure that only one bot instance is running
2026-07-08 15:49:42 | WARNING  | aiogram.dispatcher | Sleep for 5.036558 seconds and try again... (tryings = 182, bot id = 8737871300)
2026-07-08 15:49:52 | ERROR    | aiogram.dispatcher | Failed to fetch updates - TelegramConflictError: Telegram server says - Conflict: terminated by other getUpdates request; make sure that only one bot instance is running
2026-07-08 15:49:52 | WARNING  | aiogram.dispatcher | Sleep for 4.920950 seconds and try again... (tryings = 183, bot id = 8737871300)
2026-07-08 15:50:03 | ERROR    | aiogram.dispatcher | Failed to fetch updates - TelegramConflictError: Telegram server says - Conflict: terminated by other getUpdates request; make sure that only one bot instance is running
2026-07-08 15:50:03 | WARNING  | aiogram.dispatcher | Sleep for 5.150102 seconds and try again... (tryings = 184, bot id = 8737871300)
2026-07-08 15:50:13 | ERROR    | aiogram.dispatcher | Failed to fetch updates - TelegramConflictError: Telegram server says - Conflict: terminated by other getUpdates request; make sure that only one bot instance is running
2026-07-08 15:50:13 | WARNING  | aiogram.dispatcher | Sleep for 5.058890 seconds and try again... (tryings = 185, bot id = 8737871300)
2026-07-08 15:50:23 | ERROR    | aiogram.dispatcher | Failed to fetch updates - TelegramConflictError: Telegram server says - Conflict: terminated by other getUpdates request; make sure that only one bot instance is running
2026-07-08 15:50:23 | WARNING  | aiogram.dispatcher | Sleep for 4.850373 seconds and try again... (tryings = 186, bot id = 8737871300)
2026-07-08 15:50:34 | ERROR    | aiogram.dispatcher | Failed to fetch updates - TelegramConflictError: Telegram server says - Conflict: terminated by other getUpdates request; make sure that only one bot instance is running
2026-07-08 15:50:34 | WARNING  | aiogram.dispatcher | Sleep for 5.055057 seconds and try again... (tryings = 187, bot id = 8737871300)
2026-07-08 15:50:44 | ERROR    | aiogram.dispatcher | Failed to fetch updates - TelegramConflictError: Telegram server says - Conflict: terminated by other getUpdates request; make sure that only one bot instance is running
2026-07-08 15:50:44 | WARNING  | aiogram.dispatcher | Sleep for 5.079197 seconds and try again... (tryings = 188, bot id = 8737871300)
2026-07-08 15:50:54 | ERROR    | aiogram.dispatcher | Failed to fetch updates - TelegramConflictError: Telegram server says - Conflict: terminated by other getUpdates request; make sure that only one bot instance is running
2026-07-08 15:50:54 | WARNING  | aiogram.dispatcher | Sleep for 5.112557 seconds and try again... (tryings = 189, bot id = 8737871300)
2026-07-08 15:51:05 | ERROR    | aiogram.dispatcher | Failed to fetch updates - TelegramConflictError: Telegram server says - Conflict: terminated by other getUpdates request; make sure that only one bot instance is running
2026-07-08 15:51:05 | WARNING  | aiogram.dispatcher | Sleep for 4.977640 seconds and try again... (tryings = 190, bot id = 8737871300)
2026-07-08 15:51:15 | ERROR    | aiogram.dispatcher | Failed to fetch updates - TelegramConflictError: Telegram server says - Conflict: terminated by other getUpdates request; make sure that only one bot instance is running
2026-07-08 15:51:15 | WARNING  | aiogram.dispatcher | Sleep for 5.046292 seconds and try again... (tryings = 191, bot id = 8737871300)
2026-07-08 15:51:26 | ERROR    | aiogram.dispatcher | Failed to fetch updates - TelegramConflictError: Telegram server says - Conflict: terminated by other getUpdates request; make sure that only one bot instance is running
2026-07-08 15:51:26 | WARNING  | aiogram.dispatcher | Sleep for 4.998915 seconds and try again... (tryings = 192, bot id = 8737871300)
2026-07-08 15:51:36 | ERROR    | aiogram.dispatcher | Failed to fetch updates - TelegramConflictError: Telegram server says - Conflict: terminated by other getUpdates request; make sure that only one bot instance is running
2026-07-08 15:51:36 | WARNING  | aiogram.dispatcher | Sleep for 5.130587 seconds and try again... (tryings = 193, bot id = 8737871300)
2026-07-08 15:51:47 | ERROR    | aiogram.dispatcher | Failed to fetch updates - TelegramConflictError: Telegram server says - Conflict: terminated by other getUpdates request; make sure that only one bot instance is running
2026-07-08 15:51:47 | WARNING  | aiogram.dispatcher | Sleep for 5.095778 seconds and try again... (tryings = 194, bot id = 8737871300)
2026-07-08 15:51:57 | ERROR    | aiogram.dispatcher | Failed to fetch updates - TelegramConflictError: Telegram server says - Conflict: terminated by other getUpdates request; make sure that only one bot instance is running
2026-07-08 15:51:57 | WARNING  | aiogram.dispatcher | Sleep for 5.080638 seconds and try again... (tryings = 195, bot id = 8737871300)
2026-07-08 15:52:08 | ERROR    | aiogram.dispatcher | Failed to fetch updates - TelegramConflictError: Telegram server says - Conflict: terminated by other getUpdates request; make sure that only one bot instance is running
2026-07-08 15:52:08 | WARNING  | aiogram.dispatcher | Sleep for 5.091071 seconds and try again... (tryings = 196, bot id = 8737871300)
2026-07-08 15:52:18 | ERROR    | aiogram.dispatcher | Failed to fetch updates - TelegramConflictError: Telegram server says - Conflict: terminated by other getUpdates request; make sure that only one bot instance is running
2026-07-08 15:52:18 | WARNING  | aiogram.dispatcher | Sleep for 5.278801 seconds and try again... (tryings = 197, bot id = 8737871300)
2026-07-08 15:52:29 | ERROR    | aiogram.dispatcher | Failed to fetch updates - TelegramConflictError: Telegram server says - Conflict: terminated by other getUpdates request; make sure that only one bot instance is running
2026-07-08 15:52:29 | WARNING  | aiogram.dispatcher | Sleep for 5.049609 seconds and try again... (tryings = 198, bot id = 8737871300)
2026-07-08 15:52:39 | ERROR    | aiogram.dispatcher | Failed to fetch updates - TelegramConflictError: Telegram server says - Conflict: terminated by other getUpdates request; make sure that only one bot instance is running
2026-07-08 15:52:39 | WARNING  | aiogram.dispatcher | Sleep for 5.068923 seconds and try again... (tryings = 199, bot id = 8737871300)
2026-07-08 15:52:49 | ERROR    | aiogram.dispatcher | Failed to fetch updates - TelegramConflictError: Telegram server says - Conflict: terminated by other getUpdates request; make sure that only one bot instance is running
2026-07-08 15:52:49 | WARNING  | aiogram.dispatcher | Sleep for 5.042210 seconds and try again... (tryings = 200, bot id = 8737871300)
2026-07-08 15:53:00 | ERROR    | aiogram.dispatcher | Failed to fetch updates - TelegramConflictError: Telegram server says - Conflict: terminated by other getUpdates request; make sure that only one bot instance is running
2026-07-08 15:53:00 | WARNING  | aiogram.dispatcher | Sleep for 4.938305 seconds and try again... (tryings = 201, bot id = 8737871300)
2026-07-08 15:53:10 | ERROR    | aiogram.dispatcher | Failed to fetch updates - TelegramConflictError: Telegram server says - Conflict: terminated by other getUpdates request; make sure that only one bot instance is running
2026-07-08 15:53:10 | WARNING  | aiogram.dispatcher | Sleep for 4.834115 seconds and try again... (tryings = 202, bot id = 8737871300)
2026-07-08 15:53:20 | ERROR    | aiogram.dispatcher | Failed to fetch updates - TelegramConflictError: Telegram server says - Conflict: terminated by other getUpdates request; make sure that only one bot instance is running
2026-07-08 15:53:20 | WARNING  | aiogram.dispatcher | Sleep for 5.084908 seconds and try again... (tryings = 203, bot id = 8737871300)
2026-07-08 15:53:31 | ERROR    | aiogram.dispatcher | Failed to fetch updates - TelegramConflictError: Telegram server says - Conflict: terminated by other getUpdates request; make sure that only one bot instance is running
2026-07-08 15:53:31 | WARNING  | aiogram.dispatcher | Sleep for 5.114563 seconds and try again... (tryings = 204, bot id = 8737871300)
2026-07-08 15:53:41 | ERROR    | aiogram.dispatcher | Failed to fetch updates - TelegramConflictError: Telegram server says - Conflict: terminated by other getUpdates request; make sure that only one bot instance is running
2026-07-08 15:53:41 | WARNING  | aiogram.dispatcher | Sleep for 5.024831 seconds and try again... (tryings = 205, bot id = 8737871300)
2026-07-08 15:53:51 | ERROR    | aiogram.dispatcher | Failed to fetch updates - TelegramConflictError: Telegram server says - Conflict: terminated by other getUpdates request; make sure that only one bot instance is running
2026-07-08 15:53:51 | WARNING  | aiogram.dispatcher | Sleep for 4.972263 seconds and try again... (tryings = 206, bot id = 8737871300)
2026-07-08 15:54:02 | ERROR    | aiogram.dispatcher | Failed to fetch updates - TelegramConflictError: Telegram server says - Conflict: terminated by other getUpdates request; make sure that only one bot instance is running
2026-07-08 15:54:02 | WARNING  | aiogram.dispatcher | Sleep for 5.032782 seconds and try again... (tryings = 207, bot id = 8737871300)
2026-07-08 15:54:12 | ERROR    | aiogram.dispatcher | Failed to fetch updates - TelegramConflictError: Telegram server says - Conflict: terminated by other getUpdates request; make sure that only one bot instance is running
2026-07-08 15:54:12 | WARNING  | aiogram.dispatcher | Sleep for 5.082648 seconds and try again... (tryings = 208, bot id = 8737871300)
2026-07-08 15:54:22 | ERROR    | aiogram.dispatcher | Failed to fetch updates - TelegramConflictError: Telegram server says - Conflict: terminated by other getUpdates request; make sure that only one bot instance is running
2026-07-08 15:54:22 | WARNING  | aiogram.dispatcher | Sleep for 4.960488 seconds and try again... (tryings = 209, bot id = 8737871300)
2026-07-08 15:54:33 | ERROR    | aiogram.dispatcher | Failed to fetch updates - TelegramConflictError: Telegram server says - Conflict: terminated by other getUpdates request; make sure that only one bot instance is running
2026-07-08 15:54:33 | WARNING  | aiogram.dispatcher | Sleep for 5.074994 seconds and try again... (tryings = 210, bot id = 8737871300)
2026-07-08 15:54:43 | ERROR    | aiogram.dispatcher | Failed to fetch updates - TelegramConflictError: Telegram server says - Conflict: terminated by other getUpdates request; make sure that only one bot instance is running
2026-07-08 15:54:43 | WARNING  | aiogram.dispatcher | Sleep for 4.803482 seconds and try again... (tryings = 211, bot id = 8737871300)
2026-07-08 15:54:53 | ERROR    | aiogram.dispatcher | Failed to fetch updates - TelegramConflictError: Telegram server says - Conflict: terminated by other getUpdates request; make sure that only one bot instance is running
2026-07-08 15:54:53 | WARNING  | aiogram.dispatcher | Sleep for 5.207913 seconds and try again... (tryings = 212, bot id = 8737871300)
2026-07-08 15:55:04 | ERROR    | aiogram.dispatcher | Failed to fetch updates - TelegramConflictError: Telegram server says - Conflict: terminated by other getUpdates request; make sure that only one bot instance is running
2026-07-08 15:55:04 | WARNING  | aiogram.dispatcher | Sleep for 4.936341 seconds and try again... (tryings = 213, bot id = 8737871300)
2026-07-08 15:55:14 | ERROR    | aiogram.dispatcher | Failed to fetch updates - TelegramConflictError: Telegram server says - Conflict: terminated by other getUpdates request; make sure that only one bot instance is running
2026-07-08 15:55:14 | WARNING  | aiogram.dispatcher | Sleep for 4.916032 seconds and try again... (tryings = 214, bot id = 8737871300)
2026-07-08 15:55:24 | ERROR    | aiogram.dispatcher | Failed to fetch updates - TelegramConflictError: Telegram server says - Conflict: terminated by other getUpdates request; make sure that only one bot instance is running
2026-07-08 15:55:24 | WARNING  | aiogram.dispatcher | Sleep for 5.137656 seconds and try again... (tryings = 215, bot id = 8737871300)
2026-07-08 15:55:34 | ERROR    | aiogram.dispatcher | Failed to fetch updates - TelegramConflictError: Telegram server says - Conflict: terminated by other getUpdates request; make sure that only one bot instance is running
2026-07-08 15:55:34 | WARNING  | aiogram.dispatcher | Sleep for 4.975683 seconds and try again... (tryings = 216, bot id = 8737871300)
2026-07-08 15:55:45 | ERROR    | aiogram.dispatcher | Failed to fetch updates - TelegramConflictError: Telegram server says - Conflict: terminated by other getUpdates request; make sure that only one bot instance is running
2026-07-08 15:55:45 | WARNING  | aiogram.dispatcher | Sleep for 4.873673 seconds and try again... (tryings = 217, bot id = 8737871300)
2026-07-08 15:55:55 | ERROR    | aiogram.dispatcher | Failed to fetch updates - TelegramConflictError: Telegram server says - Conflict: terminated by other getUpdates request; make sure that only one bot instance is running
2026-07-08 15:55:55 | WARNING  | aiogram.dispatcher | Sleep for 5.119104 seconds and try again... (tryings = 218, bot id = 8737871300)
2026-07-08 15:56:05 | ERROR    | aiogram.dispatcher | Failed to fetch updates - TelegramConflictError: Telegram server says - Conflict: terminated by other getUpdates request; make sure that only one bot instance is running
2026-07-08 15:56:05 | WARNING  | aiogram.dispatcher | Sleep for 4.925564 seconds and try again... (tryings = 219, bot id = 8737871300)
2026-07-08 15:56:16 | ERROR    | aiogram.dispatcher | Failed to fetch updates - TelegramConflictError: Telegram server says - Conflict: terminated by other getUpdates request; make sure that only one bot instance is running
2026-07-08 15:56:16 | WARNING  | aiogram.dispatcher | Sleep for 4.875111 seconds and try again... (tryings = 220, bot id = 8737871300)
2026-07-08 15:56:26 | ERROR    | aiogram.dispatcher | Failed to fetch updates - TelegramConflictError: Telegram server says - Conflict: terminated by other getUpdates request; make sure that only one bot instance is running
2026-07-08 15:56:26 | WARNING  | aiogram.dispatcher | Sleep for 5.114657 seconds and try again... (tryings = 221, bot id = 8737871300)
2026-07-08 15:56:36 | ERROR    | aiogram.dispatcher | Failed to fetch updates - TelegramConflictError: Telegram server says - Conflict: terminated by other getUpdates request; make sure that only one bot instance is running
2026-07-08 15:56:36 | WARNING  | aiogram.dispatcher | Sleep for 5.081241 seconds and try again... (tryings = 222, bot id = 8737871300)
2026-07-08 15:56:46 | ERROR    | aiogram.dispatcher | Failed to fetch updates - TelegramConflictError: Telegram server says - Conflict: terminated by other getUpdates request; make sure that only one bot instance is running
2026-07-08 15:56:46 | WARNING  | aiogram.dispatcher | Sleep for 5.075293 seconds and try again... (tryings = 223, bot id = 8737871300)
2026-07-08 15:56:57 | ERROR    | aiogram.dispatcher | Failed to fetch updates - TelegramConflictError: Telegram server says - Conflict: terminated by other getUpdates request; make sure that only one bot instance is running
2026-07-08 15:56:57 | WARNING  | aiogram.dispatcher | Sleep for 4.954389 seconds and try again... (tryings = 224, bot id = 8737871300)
2026-07-08 15:57:07 | ERROR    | aiogram.dispatcher | Failed to fetch updates - TelegramConflictError: Telegram server says - Conflict: terminated by other getUpdates request; make sure that only one bot instance is running
2026-07-08 15:57:07 | WARNING  | aiogram.dispatcher | Sleep for 4.867890 seconds and try again... (tryings = 225, bot id = 8737871300)
2026-07-08 15:57:17 | ERROR    | aiogram.dispatcher | Failed to fetch updates - TelegramConflictError: Telegram server says - Conflict: terminated by other getUpdates request; make sure that only one bot instance is running
2026-07-08 15:57:17 | WARNING  | aiogram.dispatcher | Sleep for 4.958275 seconds and try again... (tryings = 226, bot id = 8737871300)
2026-07-08 15:57:28 | ERROR    | aiogram.dispatcher | Failed to fetch updates - TelegramConflictError: Telegram server says - Conflict: terminated by other getUpdates request; make sure that only one bot instance is running
2026-07-08 15:57:28 | WARNING  | aiogram.dispatcher | Sleep for 5.037392 seconds and try again... (tryings = 227, bot id = 8737871300)
2026-07-08 15:57:38 | ERROR    | aiogram.dispatcher | Failed to fetch updates - TelegramConflictError: Telegram server says - Conflict: terminated by other getUpdates request; make sure that only one bot instance is running
2026-07-08 15:57:38 | WARNING  | aiogram.dispatcher | Sleep for 4.888034 seconds and try again... (tryings = 228, bot id = 8737871300)
2026-07-08 15:57:48 | ERROR    | aiogram.dispatcher | Failed to fetch updates - TelegramConflictError: Telegram server says - Conflict: terminated by other getUpdates request; make sure that only one bot instance is running
2026-07-08 15:57:48 | WARNING  | aiogram.dispatcher | Sleep for 4.993410 seconds and try again... (tryings = 229, bot id = 8737871300)
2026-07-08 15:57:59 | ERROR    | aiogram.dispatcher | Failed to fetch updates - TelegramConflictError: Telegram server says - Conflict: terminated by other getUpdates request; make sure that only one bot instance is running
2026-07-08 15:57:59 | WARNING  | aiogram.dispatcher | Sleep for 4.787550 seconds and try again... (tryings = 230, bot id = 8737871300)
2026-07-08 15:58:09 | ERROR    | aiogram.dispatcher | Failed to fetch updates - TelegramConflictError: Telegram server says - Conflict: terminated by other getUpdates request; make sure that only one bot instance is running
2026-07-08 15:58:09 | WARNING  | aiogram.dispatcher | Sleep for 5.078982 seconds and try again... (tryings = 231, bot id = 8737871300)
2026-07-08 15:58:19 | ERROR    | aiogram.dispatcher | Failed to fetch updates - TelegramConflictError: Telegram server says - Conflict: terminated by other getUpdates request; make sure that only one bot instance is running
2026-07-08 15:58:19 | WARNING  | aiogram.dispatcher | Sleep for 5.009884 seconds and try again... (tryings = 232, bot id = 8737871300)
2026-07-08 15:58:30 | ERROR    | aiogram.dispatcher | Failed to fetch updates - TelegramConflictError: Telegram server says - Conflict: terminated by other getUpdates request; make sure that only one bot instance is running
2026-07-08 15:58:30 | WARNING  | aiogram.dispatcher | Sleep for 5.176662 seconds and try again... (tryings = 233, bot id = 8737871300)
2026-07-08 15:58:40 | ERROR    | aiogram.dispatcher | Failed to fetch updates - TelegramConflictError: Telegram server says - Conflict: terminated by other getUpdates request; make sure that only one bot instance is running
2026-07-08 15:58:40 | WARNING  | aiogram.dispatcher | Sleep for 5.109102 seconds and try again... (tryings = 234, bot id = 8737871300)
2026-07-08 15:58:50 | ERROR    | aiogram.dispatcher | Failed to fetch updates - TelegramConflictError: Telegram server says - Conflict: terminated by other getUpdates request; make sure that only one bot instance is running
2026-07-08 15:58:50 | WARNING  | aiogram.dispatcher | Sleep for 5.007590 seconds and try again... (tryings = 235, bot id = 8737871300)
2026-07-08 15:59:01 | ERROR    | aiogram.dispatcher | Failed to fetch updates - TelegramConflictError: Telegram server says - Conflict: terminated by other getUpdates request; make sure that only one bot instance is running
2026-07-08 15:59:01 | WARNING  | aiogram.dispatcher | Sleep for 5.093803 seconds and try again... (tryings = 236, bot id = 8737871300)
2026-07-08 15:59:11 | ERROR    | aiogram.dispatcher | Failed to fetch updates - TelegramConflictError: Telegram server says - Conflict: terminated by other getUpdates request; make sure that only one bot instance is running
2026-07-08 15:59:11 | WARNING  | aiogram.dispatcher | Sleep for 5.079195 seconds and try again... (tryings = 237, bot id = 8737871300)
2026-07-08 15:59:22 | ERROR    | aiogram.dispatcher | Failed to fetch updates - TelegramConflictError: Telegram server says - Conflict: terminated by other getUpdates request; make sure that only one bot instance is running
2026-07-08 15:59:22 | WARNING  | aiogram.dispatcher | Sleep for 4.957886 seconds and try again... (tryings = 238, bot id = 8737871300)
2026-07-08 15:59:32 | ERROR    | aiogram.dispatcher | Failed to fetch updates - TelegramConflictError: Telegram server says - Conflict: terminated by other getUpdates request; make sure that only one bot instance is running
2026-07-08 15:59:32 | WARNING  | aiogram.dispatcher | Sleep for 4.993211 seconds and try again... (tryings = 239, bot id = 8737871300)
2026-07-08 15:59:42 | ERROR    | aiogram.dispatcher | Failed to fetch updates - TelegramConflictError: Telegram server says - Conflict: terminated by other getUpdates request; make sure that only one bot instance is running
2026-07-08 15:59:42 | WARNING  | aiogram.dispatcher | Sleep for 5.054453 seconds and try again... (tryings = 240, bot id = 8737871300)
2026-07-08 15:59:53 | ERROR    | aiogram.dispatcher | Failed to fetch updates - TelegramConflictError: Telegram server says - Conflict: terminated by other getUpdates request; make sure that only one bot instance is running
2026-07-08 15:59:53 | WARNING  | aiogram.dispatcher | Sleep for 5.057157 seconds and try again... (tryings = 241, bot id = 8737871300)
2026-07-08 16:00:03 | ERROR    | aiogram.dispatcher | Failed to fetch updates - TelegramConflictError: Telegram server says - Conflict: terminated by other getUpdates request; make sure that only one bot instance is running
2026-07-08 16:00:03 | WARNING  | aiogram.dispatcher | Sleep for 4.960290 seconds and try again... (tryings = 242, bot id = 8737871300)
2026-07-08 16:00:14 | ERROR    | aiogram.dispatcher | Failed to fetch updates - TelegramConflictError: Telegram server says - Conflict: terminated by other getUpdates request; make sure that only one bot instance is running
2026-07-08 16:00:14 | WARNING  | aiogram.dispatcher | Sleep for 4.960322 seconds and try again... (tryings = 243, bot id = 8737871300)
2026-07-08 16:00:24 | ERROR    | aiogram.dispatcher | Failed to fetch updates - TelegramConflictError: Telegram server says - Conflict: terminated by other getUpdates request; make sure that only one bot instance is running
2026-07-08 16:00:24 | WARNING  | aiogram.dispatcher | Sleep for 5.057886 seconds and try again... (tryings = 244, bot id = 8737871300)
2026-07-08 16:00:34 | ERROR    | aiogram.dispatcher | Failed to fetch updates - TelegramConflictError: Telegram server says - Conflict: terminated by other getUpdates request; make sure that only one bot instance is running
2026-07-08 16:00:34 | WARNING  | aiogram.dispatcher | Sleep for 4.998232 seconds and try again... (tryings = 245, bot id = 8737871300)
2026-07-08 16:00:44 | ERROR    | aiogram.dispatcher | Failed to fetch updates - TelegramConflictError: Telegram server says - Conflict: terminated by other getUpdates request; make sure that only one bot instance is running
2026-07-08 16:00:44 | WARNING  | aiogram.dispatcher | Sleep for 4.951336 seconds and try again... (tryings = 246, bot id = 8737871300)
2026-07-08 16:00:55 | ERROR    | aiogram.dispatcher | Failed to fetch updates - TelegramConflictError: Telegram server says - Conflict: terminated by other getUpdates request; make sure that only one bot instance is running
2026-07-08 16:00:55 | WARNING  | aiogram.dispatcher | Sleep for 4.874026 seconds and try again... (tryings = 247, bot id = 8737871300)
2026-07-08 16:01:05 | ERROR    | aiogram.dispatcher | Failed to fetch updates - TelegramConflictError: Telegram server says - Conflict: terminated by other getUpdates request; make sure that only one bot instance is running
2026-07-08 16:01:05 | WARNING  | aiogram.dispatcher | Sleep for 5.128863 seconds and try again... (tryings = 248, bot id = 8737871300)
2026-07-08 16:01:15 | ERROR    | aiogram.dispatcher | Failed to fetch updates - TelegramConflictError: Telegram server says - Conflict: terminated by other getUpdates request; make sure that only one bot instance is running
2026-07-08 16:01:15 | WARNING  | aiogram.dispatcher | Sleep for 5.063985 seconds and try again... (tryings = 249, bot id = 8737871300)
2026-07-08 16:01:26 | ERROR    | aiogram.dispatcher | Failed to fetch updates - TelegramConflictError: Telegram server says - Conflict: terminated by other getUpdates request; make sure that only one bot instance is running
2026-07-08 16:01:26 | WARNING  | aiogram.dispatcher | Sleep for 4.972073 seconds and try again... (tryings = 250, bot id = 8737871300)
2026-07-08 16:01:36 | ERROR    | aiogram.dispatcher | Failed to fetch updates - TelegramConflictError: Telegram server says - Conflict: terminated by other getUpdates request; make sure that only one bot instance is running
2026-07-08 16:01:36 | WARNING  | aiogram.dispatcher | Sleep for 4.930926 seconds and try again... (tryings = 251, bot id = 8737871300)
2026-07-08 16:01:46 | ERROR    | aiogram.dispatcher | Failed to fetch updates - TelegramConflictError: Telegram server says - Conflict: terminated by other getUpdates request; make sure that only one bot instance is running
2026-07-08 16:01:46 | WARNING  | aiogram.dispatcher | Sleep for 4.851848 seconds and try again... (tryings = 252, bot id = 8737871300)
2026-07-08 16:01:56 | ERROR    | aiogram.dispatcher | Failed to fetch updates - TelegramConflictError: Telegram server says - Conflict: terminated by other getUpdates request; make sure that only one bot instance is running
2026-07-08 16:01:56 | WARNING  | aiogram.dispatcher | Sleep for 4.872660 seconds and try again... (tryings = 253, bot id = 8737871300)
2026-07-08 16:02:06 | ERROR    | aiogram.dispatcher | Failed to fetch updates - TelegramConflictError: Telegram server says - Conflict: terminated by other getUpdates request; make sure that only one bot instance is running
2026-07-08 16:02:06 | WARNING  | aiogram.dispatcher | Sleep for 4.919232 seconds and try again... (tryings = 254, bot id = 8737871300)
2026-07-08 16:02:16 | ERROR    | aiogram.dispatcher | Failed to fetch updates - TelegramConflictError: Telegram server says - Conflict: terminated by other getUpdates request; make sure that only one bot instance is running
2026-07-08 16:02:16 | WARNING  | aiogram.dispatcher | Sleep for 5.015672 seconds and try again... (tryings = 255, bot id = 8737871300)
2026-07-08 16:02:27 | ERROR    | aiogram.dispatcher | Failed to fetch updates - TelegramConflictError: Telegram server says - Conflict: terminated by other getUpdates request; make sure that only one bot instance is running
2026-07-08 16:02:27 | WARNING  | aiogram.dispatcher | Sleep for 4.866642 seconds and try again... (tryings = 256, bot id = 8737871300)
2026-07-08 16:02:37 | ERROR    | aiogram.dispatcher | Failed to fetch updates - TelegramConflictError: Telegram server says - Conflict: terminated by other getUpdates request; make sure that only one bot instance is running
2026-07-08 16:02:37 | WARNING  | aiogram.dispatcher | Sleep for 4.990978 seconds and try again... (tryings = 257, bot id = 8737871300)
2026-07-08 16:02:47 | ERROR    | aiogram.dispatcher | Failed to fetch updates - TelegramConflictError: Telegram server says - Conflict: terminated by other getUpdates request; make sure that only one bot instance is running
2026-07-08 16:02:47 | WARNING  | aiogram.dispatcher | Sleep for 4.983156 seconds and try again... (tryings = 258, bot id = 8737871300)
2026-07-08 16:02:58 | ERROR    | aiogram.dispatcher | Failed to fetch updates - TelegramConflictError: Telegram server says - Conflict: terminated by other getUpdates request; make sure that only one bot instance is running
2026-07-08 16:02:58 | WARNING  | aiogram.dispatcher | Sleep for 4.995101 seconds and try again... (tryings = 259, bot id = 8737871300)
2026-07-08 16:03:08 | ERROR    | aiogram.dispatcher | Failed to fetch updates - TelegramConflictError: Telegram server says - Conflict: terminated by other getUpdates request; make sure that only one bot instance is running
2026-07-08 16:03:08 | WARNING  | aiogram.dispatcher | Sleep for 5.031540 seconds and try again... (tryings = 260, bot id = 8737871300)
2026-07-08 16:03:18 | ERROR    | aiogram.dispatcher | Failed to fetch updates - TelegramConflictError: Telegram server says - Conflict: terminated by other getUpdates request; make sure that only one bot instance is running
2026-07-08 16:03:18 | WARNING  | aiogram.dispatcher | Sleep for 5.136871 seconds and try again... (tryings = 261, bot id = 8737871300)
2026-07-08 16:03:29 | ERROR    | aiogram.dispatcher | Failed to fetch updates - TelegramConflictError: Telegram server says - Conflict: terminated by other getUpdates request; make sure that only one bot instance is running
2026-07-08 16:03:29 | WARNING  | aiogram.dispatcher | Sleep for 4.906764 seconds and try again... (tryings = 262, bot id = 8737871300)
2026-07-08 16:03:39 | ERROR    | aiogram.dispatcher | Failed to fetch updates - TelegramConflictError: Telegram server says - Conflict: terminated by other getUpdates request; make sure that only one bot instance is running
2026-07-08 16:03:39 | WARNING  | aiogram.dispatcher | Sleep for 4.909577 seconds and try again... (tryings = 263, bot id = 8737871300)
2026-07-08 16:03:50 | ERROR    | aiogram.dispatcher | Failed to fetch updates - TelegramConflictError: Telegram server says - Conflict: terminated by other getUpdates request; make sure that only one bot instance is running
2026-07-08 16:03:50 | WARNING  | aiogram.dispatcher | Sleep for 5.158861 seconds and try again... (tryings = 264, bot id = 8737871300)
2026-07-08 16:04:00 | ERROR    | aiogram.dispatcher | Failed to fetch updates - TelegramConflictError: Telegram server says - Conflict: terminated by other getUpdates request; make sure that only one bot instance is running
2026-07-08 16:04:00 | WARNING  | aiogram.dispatcher | Sleep for 4.890917 seconds and try again... (tryings = 265, bot id = 8737871300)
2026-07-08 16:04:10 | ERROR    | aiogram.dispatcher | Failed to fetch updates - TelegramConflictError: Telegram server says - Conflict: terminated by other getUpdates request; make sure that only one bot instance is running
2026-07-08 16:04:10 | WARNING  | aiogram.dispatcher | Sleep for 4.979698 seconds and try again... (tryings = 266, bot id = 8737871300)
2026-07-08 16:04:20 | ERROR    | aiogram.dispatcher | Failed to fetch updates - TelegramConflictError: Telegram server says - Conflict: terminated by other getUpdates request; make sure that only one bot instance is running
2026-07-08 16:04:20 | WARNING  | aiogram.dispatcher | Sleep for 4.846092 seconds and try again... (tryings = 267, bot id = 8737871300)
2026-07-08 16:04:31 | ERROR    | aiogram.dispatcher | Failed to fetch updates - TelegramConflictError: Telegram server says - Conflict: terminated by other getUpdates request; make sure that only one bot instance is running
2026-07-08 16:04:31 | WARNING  | aiogram.dispatcher | Sleep for 4.930220 seconds and try again... (tryings = 268, bot id = 8737871300)
2026-07-08 16:04:41 | ERROR    | aiogram.dispatcher | Failed to fetch updates - TelegramConflictError: Telegram server says - Conflict: terminated by other getUpdates request; make sure that only one bot instance is running
2026-07-08 16:04:41 | WARNING  | aiogram.dispatcher | Sleep for 4.942769 seconds and try again... (tryings = 269, bot id = 8737871300)
2026-07-08 16:04:51 | ERROR    | aiogram.dispatcher | Failed to fetch updates - TelegramConflictError: Telegram server says - Conflict: terminated by other getUpdates request; make sure that only one bot instance is running
2026-07-08 16:04:51 | WARNING  | aiogram.dispatcher | Sleep for 5.007773 seconds and try again... (tryings = 270, bot id = 8737871300)
2026-07-08 16:05:01 | ERROR    | aiogram.dispatcher | Failed to fetch updates - TelegramConflictError: Telegram server says - Conflict: terminated by other getUpdates request; make sure that only one bot instance is running
2026-07-08 16:05:01 | WARNING  | aiogram.dispatcher | Sleep for 5.039093 seconds and try again... (tryings = 271, bot id = 8737871300)
2026-07-08 16:05:12 | ERROR    | aiogram.dispatcher | Failed to fetch updates - TelegramConflictError: Telegram server says - Conflict: terminated by other getUpdates request; make sure that only one bot instance is running
2026-07-08 16:05:12 | WARNING  | aiogram.dispatcher | Sleep for 5.129803 seconds and try again... (tryings = 272, bot id = 8737871300)
2026-07-08 16:05:22 | ERROR    | aiogram.dispatcher | Failed to fetch updates - TelegramConflictError: Telegram server says - Conflict: terminated by other getUpdates request; make sure that only one bot instance is running
2026-07-08 16:05:22 | WARNING  | aiogram.dispatcher | Sleep for 5.179787 seconds and try again... (tryings = 273, bot id = 8737871300)
2026-07-08 16:05:33 | ERROR    | aiogram.dispatcher | Failed to fetch updates - TelegramConflictError: Telegram server says - Conflict: terminated by other getUpdates request; make sure that only one bot instance is running
2026-07-08 16:05:33 | WARNING  | aiogram.dispatcher | Sleep for 4.948210 seconds and try again... (tryings = 274, bot id = 8737871300)
2026-07-08 16:05:43 | ERROR    | aiogram.dispatcher | Failed to fetch updates - TelegramConflictError: Telegram server says - Conflict: terminated by other getUpdates request; make sure that only one bot instance is running
2026-07-08 16:05:43 | WARNING  | aiogram.dispatcher | Sleep for 5.074662 seconds and try again... (tryings = 275, bot id = 8737871300)
2026-07-08 16:05:53 | ERROR    | aiogram.dispatcher | Failed to fetch updates - TelegramConflictError: Telegram server says - Conflict: terminated by other getUpdates request; make sure that only one bot instance is running
2026-07-08 16:05:53 | WARNING  | aiogram.dispatcher | Sleep for 5.028051 seconds and try again... (tryings = 276, bot id = 8737871300)
2026-07-08 16:06:04 | ERROR    | aiogram.dispatcher | Failed to fetch updates - TelegramConflictError: Telegram server says - Conflict: terminated by other getUpdates request; make sure that only one bot instance is running
2026-07-08 16:06:04 | WARNING  | aiogram.dispatcher | Sleep for 4.874955 seconds and try again... (tryings = 277, bot id = 8737871300)
2026-07-08 16:06:14 | ERROR    | aiogram.dispatcher | Failed to fetch updates - TelegramConflictError: Telegram server says - Conflict: terminated by other getUpdates request; make sure that only one bot instance is running
2026-07-08 16:06:14 | WARNING  | aiogram.dispatcher | Sleep for 4.870421 seconds and try again... (tryings = 278, bot id = 8737871300)
2026-07-08 16:06:24 | ERROR    | aiogram.dispatcher | Failed to fetch updates - TelegramConflictError: Telegram server says - Conflict: terminated by other getUpdates request; make sure that only one bot instance is running
2026-07-08 16:06:24 | WARNING  | aiogram.dispatcher | Sleep for 5.164913 seconds and try again... (tryings = 279, bot id = 8737871300)
2026-07-08 16:06:35 | ERROR    | aiogram.dispatcher | Failed to fetch updates - TelegramConflictError: Telegram server says - Conflict: terminated by other getUpdates request; make sure that only one bot instance is running
2026-07-08 16:06:35 | WARNING  | aiogram.dispatcher | Sleep for 5.122741 seconds and try again... (tryings = 280, bot id = 8737871300)
2026-07-08 16:06:45 | ERROR    | aiogram.dispatcher | Failed to fetch updates - TelegramConflictError: Telegram server says - Conflict: terminated by other getUpdates request; make sure that only one bot instance is running
2026-07-08 16:06:45 | WARNING  | aiogram.dispatcher | Sleep for 5.050794 seconds and try again... (tryings = 281, bot id = 8737871300)
2026-07-08 16:06:55 | ERROR    | aiogram.dispatcher | Failed to fetch updates - TelegramConflictError: Telegram server says - Conflict: terminated by other getUpdates request; make sure that only one bot instance is running
2026-07-08 16:06:55 | WARNING  | aiogram.dispatcher | Sleep for 4.886775 seconds and try again... (tryings = 282, bot id = 8737871300)
2026-07-08 16:07:06 | ERROR    | aiogram.dispatcher | Failed to fetch updates - TelegramConflictError: Telegram server says - Conflict: terminated by other getUpdates request; make sure that only one bot instance is running
2026-07-08 16:07:06 | WARNING  | aiogram.dispatcher | Sleep for 5.131758 seconds and try again... (tryings = 283, bot id = 8737871300)
2026-07-08 16:07:16 | ERROR    | aiogram.dispatcher | Failed to fetch updates - TelegramConflictError: Telegram server says - Conflict: terminated by other getUpdates request; make sure that only one bot instance is running
2026-07-08 16:07:16 | WARNING  | aiogram.dispatcher | Sleep for 5.109943 seconds and try again... (tryings = 284, bot id = 8737871300)
2026-07-08 16:07:26 | ERROR    | aiogram.dispatcher | Failed to fetch updates - TelegramConflictError: Telegram server says - Conflict: terminated by other getUpdates request; make sure that only one bot instance is running
2026-07-08 16:07:26 | WARNING  | aiogram.dispatcher | Sleep for 4.990901 seconds and try again... (tryings = 285, bot id = 8737871300)
2026-07-08 16:07:37 | ERROR    | aiogram.dispatcher | Failed to fetch updates - TelegramConflictError: Telegram server says - Conflict: terminated by other getUpdates request; make sure that only one bot instance is running
2026-07-08 16:07:37 | WARNING  | aiogram.dispatcher | Sleep for 5.036820 seconds and try again... (tryings = 286, bot id = 8737871300)
2026-07-08 16:07:47 | ERROR    | aiogram.dispatcher | Failed to fetch updates - TelegramConflictError: Telegram server says - Conflict: terminated by other getUpdates request; make sure that only one bot instance is running
2026-07-08 16:07:47 | WARNING  | aiogram.dispatcher | Sleep for 4.979941 seconds and try again... (tryings = 287, bot id = 8737871300)
2026-07-08 16:07:58 | ERROR    | aiogram.dispatcher | Failed to fetch updates - TelegramConflictError: Telegram server says - Conflict: terminated by other getUpdates request; make sure that only one bot instance is running
2026-07-08 16:07:58 | WARNING  | aiogram.dispatcher | Sleep for 5.026447 seconds and try again... (tryings = 288, bot id = 8737871300)
2026-07-08 16:08:08 | ERROR    | aiogram.dispatcher | Failed to fetch updates - TelegramConflictError: Telegram server says - Conflict: terminated by other getUpdates request; make sure that only one bot instance is running
2026-07-08 16:08:08 | WARNING  | aiogram.dispatcher | Sleep for 5.166153 seconds and try again... (tryings = 289, bot id = 8737871300)
2026-07-08 16:08:18 | ERROR    | aiogram.dispatcher | Failed to fetch updates - TelegramConflictError: Telegram server says - Conflict: terminated by other getUpdates request; make sure that only one bot instance is running
2026-07-08 16:08:18 | WARNING  | aiogram.dispatcher | Sleep for 4.961761 seconds and try again... (tryings = 290, bot id = 8737871300)
2026-07-08 16:08:28 | ERROR    | aiogram.dispatcher | Failed to fetch updates - TelegramConflictError: Telegram server says - Conflict: terminated by other getUpdates request; make sure that only one bot instance is running
2026-07-08 16:08:28 | WARNING  | aiogram.dispatcher | Sleep for 5.155130 seconds and try again... (tryings = 291, bot id = 8737871300)
2026-07-08 16:08:39 | ERROR    | aiogram.dispatcher | Failed to fetch updates - TelegramConflictError: Telegram server says - Conflict: terminated by other getUpdates request; make sure that only one bot instance is running
2026-07-08 16:08:39 | WARNING  | aiogram.dispatcher | Sleep for 4.973863 seconds and try again... (tryings = 292, bot id = 8737871300)
2026-07-08 16:08:49 | ERROR    | aiogram.dispatcher | Failed to fetch updates - TelegramConflictError: Telegram server says - Conflict: terminated by other getUpdates request; make sure that only one bot instance is running
2026-07-08 16:08:49 | WARNING  | aiogram.dispatcher | Sleep for 5.081876 seconds and try again... (tryings = 293, bot id = 8737871300)
2026-07-08 16:09:00 | ERROR    | aiogram.dispatcher | Failed to fetch updates - TelegramConflictError: Telegram server says - Conflict: terminated by other getUpdates request; make sure that only one bot instance is running
2026-07-08 16:09:00 | WARNING  | aiogram.dispatcher | Sleep for 5.058504 seconds and try again... (tryings = 294, bot id = 8737871300)
2026-07-08 16:09:10 | ERROR    | aiogram.dispatcher | Failed to fetch updates - TelegramConflictError: Telegram server says - Conflict: terminated by other getUpdates request; make sure that only one bot instance is running
2026-07-08 16:09:10 | WARNING  | aiogram.dispatcher | Sleep for 4.992363 seconds and try again... (tryings = 295, bot id = 8737871300)
2026-07-08 16:09:20 | ERROR    | aiogram.dispatcher | Failed to fetch updates - TelegramConflictError: Telegram server says - Conflict: terminated by other getUpdates request; make sure that only one bot instance is running
2026-07-08 16:09:20 | WARNING  | aiogram.dispatcher | Sleep for 4.824124 seconds and try again... (tryings = 296, bot id = 8737871300)
2026-07-08 16:09:30 | ERROR    | aiogram.dispatcher | Failed to fetch updates - TelegramConflictError: Telegram server says - Conflict: terminated by other getUpdates request; make sure that only one bot instance is running
2026-07-08 16:09:30 | WARNING  | aiogram.dispatcher | Sleep for 5.032323 seconds and try again... (tryings = 297, bot id = 8737871300)
2026-07-08 16:09:41 | ERROR    | aiogram.dispatcher | Failed to fetch updates - TelegramConflictError: Telegram server says - Conflict: terminated by other getUpdates request; make sure that only one bot instance is running
2026-07-08 16:09:41 | WARNING  | aiogram.dispatcher | Sleep for 4.884728 seconds and try again... (tryings = 298, bot id = 8737871300)
2026-07-08 16:09:51 | ERROR    | aiogram.dispatcher | Failed to fetch updates - TelegramConflictError: Telegram server says - Conflict: terminated by other getUpdates request; make sure that only one bot instance is running
2026-07-08 16:09:51 | WARNING  | aiogram.dispatcher | Sleep for 5.115627 seconds and try again... (tryings = 299, bot id = 8737871300)
2026-07-08 16:10:01 | ERROR    | aiogram.dispatcher | Failed to fetch updates - TelegramConflictError: Telegram server says - Conflict: terminated by other getUpdates request; make sure that only one bot instance is running
2026-07-08 16:10:01 | WARNING  | aiogram.dispatcher | Sleep for 4.953234 seconds and try again... (tryings = 300, bot id = 8737871300)
2026-07-08 16:10:12 | ERROR    | aiogram.dispatcher | Failed to fetch updates - TelegramConflictError: Telegram server says - Conflict: terminated by other getUpdates request; make sure that only one bot instance is running
2026-07-08 16:10:12 | WARNING  | aiogram.dispatcher | Sleep for 4.976360 seconds and try again... (tryings = 301, bot id = 8737871300)
2026-07-08 16:10:22 | ERROR    | aiogram.dispatcher | Failed to fetch updates - TelegramConflictError: Telegram server says - Conflict: terminated by other getUpdates request; make sure that only one bot instance is running
2026-07-08 16:10:22 | WARNING  | aiogram.dispatcher | Sleep for 5.072273 seconds and try again... (tryings = 302, bot id = 8737871300)
2026-07-08 16:10:32 | ERROR    | aiogram.dispatcher | Failed to fetch updates - TelegramConflictError: Telegram server says - Conflict: terminated by other getUpdates request; make sure that only one bot instance is running
2026-07-08 16:10:32 | WARNING  | aiogram.dispatcher | Sleep for 4.881334 seconds and try again... (tryings = 303, bot id = 8737871300)
2026-07-08 16:10:42 | ERROR    | aiogram.dispatcher | Failed to fetch updates - TelegramConflictError: Telegram server says - Conflict: terminated by other getUpdates request; make sure that only one bot instance is running
2026-07-08 16:10:42 | WARNING  | aiogram.dispatcher | Sleep for 5.023252 seconds and try again... (tryings = 304, bot id = 8737871300)
2026-07-08 16:10:53 | ERROR    | aiogram.dispatcher | Failed to fetch updates - TelegramConflictError: Telegram server says - Conflict: terminated by other getUpdates request; make sure that only one bot instance is running
2026-07-08 16:10:53 | WARNING  | aiogram.dispatcher | Sleep for 5.046491 seconds and try again... (tryings = 305, bot id = 8737871300)
2026-07-08 16:11:03 | ERROR    | aiogram.dispatcher | Failed to fetch updates - TelegramConflictError: Telegram server says - Conflict: terminated by other getUpdates request; make sure that only one bot instance is running
2026-07-08 16:11:03 | WARNING  | aiogram.dispatcher | Sleep for 5.118542 seconds and try again... (tryings = 306, bot id = 8737871300)
2026-07-08 16:11:14 | ERROR    | aiogram.dispatcher | Failed to fetch updates - TelegramConflictError: Telegram server says - Conflict: terminated by other getUpdates request; make sure that only one bot instance is running
2026-07-08 16:11:14 | WARNING  | aiogram.dispatcher | Sleep for 4.815066 seconds and try again... (tryings = 307, bot id = 8737871300)
2026-07-08 16:11:24 | ERROR    | aiogram.dispatcher | Failed to fetch updates - TelegramConflictError: Telegram server says - Conflict: terminated by other getUpdates request; make sure that only one bot instance is running
2026-07-08 16:11:24 | WARNING  | aiogram.dispatcher | Sleep for 5.047738 seconds and try again... (tryings = 308, bot id = 8737871300)
2026-07-08 16:11:34 | ERROR    | aiogram.dispatcher | Failed to fetch updates - TelegramConflictError: Telegram server says - Conflict: terminated by other getUpdates request; make sure that only one bot instance is running
2026-07-08 16:11:34 | WARNING  | aiogram.dispatcher | Sleep for 4.984653 seconds and try again... (tryings = 309, bot id = 8737871300)
2026-07-08 16:11:44 | ERROR    | aiogram.dispatcher | Failed to fetch updates - TelegramConflictError: Telegram server says - Conflict: terminated by other getUpdates request; make sure that only one bot instance is running
2026-07-08 16:11:44 | WARNING  | aiogram.dispatcher | Sleep for 4.904404 seconds and try again... (tryings = 310, bot id = 8737871300)
2026-07-08 16:11:54 | ERROR    | aiogram.dispatcher | Failed to fetch updates - TelegramConflictError: Telegram server says - Conflict: terminated by other getUpdates request; make sure that only one bot instance is running
2026-07-08 16:11:54 | WARNING  | aiogram.dispatcher | Sleep for 5.006901 seconds and try again... (tryings = 311, bot id = 8737871300)
2026-07-08 16:12:05 | ERROR    | aiogram.dispatcher | Failed to fetch updates - TelegramConflictError: Telegram server says - Conflict: terminated by other getUpdates request; make sure that only one bot instance is running
2026-07-08 16:12:05 | WARNING  | aiogram.dispatcher | Sleep for 4.865268 seconds and try again... (tryings = 312, bot id = 8737871300)
2026-07-08 16:12:15 | ERROR    | aiogram.dispatcher | Failed to fetch updates - TelegramConflictError: Telegram server says - Conflict: terminated by other getUpdates request; make sure that only one bot instance is running
2026-07-08 16:12:15 | WARNING  | aiogram.dispatcher | Sleep for 5.039159 seconds and try again... (tryings = 313, bot id = 8737871300)
2026-07-08 16:12:25 | ERROR    | aiogram.dispatcher | Failed to fetch updates - TelegramConflictError: Telegram server says - Conflict: terminated by other getUpdates request; make sure that only one bot instance is running
2026-07-08 16:12:25 | WARNING  | aiogram.dispatcher | Sleep for 4.960824 seconds and try again... (tryings = 314, bot id = 8737871300)
2026-07-08 16:12:35 | ERROR    | aiogram.dispatcher | Failed to fetch updates - TelegramConflictError: Telegram server says - Conflict: terminated by other getUpdates request; make sure that only one bot instance is running
2026-07-08 16:12:35 | WARNING  | aiogram.dispatcher | Sleep for 4.847914 seconds and try again... (tryings = 315, bot id = 8737871300)
2026-07-08 16:12:46 | ERROR    | aiogram.dispatcher | Failed to fetch updates - TelegramConflictError: Telegram server says - Conflict: terminated by other getUpdates request; make sure that only one bot instance is running
2026-07-08 16:12:46 | WARNING  | aiogram.dispatcher | Sleep for 4.911269 seconds and try again... (tryings = 316, bot id = 8737871300)
2026-07-08 16:12:56 | ERROR    | aiogram.dispatcher | Failed to fetch updates - TelegramConflictError: Telegram server says - Conflict: terminated by other getUpdates request; make sure that only one bot instance is running
2026-07-08 16:12:56 | WARNING  | aiogram.dispatcher | Sleep for 5.135487 seconds and try again... (tryings = 317, bot id = 8737871300)
2026-07-08 16:13:06 | ERROR    | aiogram.dispatcher | Failed to fetch updates - TelegramConflictError: Telegram server says - Conflict: terminated by other getUpdates request; make sure that only one bot instance is running
2026-07-08 16:13:06 | WARNING  | aiogram.dispatcher | Sleep for 4.929962 seconds and try again... (tryings = 318, bot id = 8737871300)
2026-07-08 16:13:17 | ERROR    | aiogram.dispatcher | Failed to fetch updates - TelegramConflictError: Telegram server says - Conflict: terminated by other getUpdates request; make sure that only one bot instance is running
2026-07-08 16:13:17 | WARNING  | aiogram.dispatcher | Sleep for 4.881735 seconds and try again... (tryings = 319, bot id = 8737871300)
2026-07-08 16:13:27 | ERROR    | aiogram.dispatcher | Failed to fetch updates - TelegramConflictError: Telegram server says - Conflict: terminated by other getUpdates request; make sure that only one bot instance is running
2026-07-08 16:13:27 | WARNING  | aiogram.dispatcher | Sleep for 5.115178 seconds and try again... (tryings = 320, bot id = 8737871300)
2026-07-08 16:13:37 | ERROR    | aiogram.dispatcher | Failed to fetch updates - TelegramConflictError: Telegram server says - Conflict: terminated by other getUpdates request; make sure that only one bot instance is running
2026-07-08 16:13:37 | WARNING  | aiogram.dispatcher | Sleep for 4.925863 seconds and try again... (tryings = 321, bot id = 8737871300)
2026-07-08 16:13:48 | ERROR    | aiogram.dispatcher | Failed to fetch updates - TelegramConflictError: Telegram server says - Conflict: terminated by other getUpdates request; make sure that only one bot instance is running
2026-07-08 16:13:48 | WARNING  | aiogram.dispatcher | Sleep for 4.812352 seconds and try again... (tryings = 322, bot id = 8737871300)
2026-07-08 16:13:58 | ERROR    | aiogram.dispatcher | Failed to fetch updates - TelegramConflictError: Telegram server says - Conflict: terminated by other getUpdates request; make sure that only one bot instance is running
2026-07-08 16:13:58 | WARNING  | aiogram.dispatcher | Sleep for 5.085251 seconds and try again... (tryings = 323, bot id = 8737871300)
2026-07-08 16:14:08 | ERROR    | aiogram.dispatcher | Failed to fetch updates - TelegramConflictError: Telegram server says - Conflict: terminated by other getUpdates request; make sure that only one bot instance is running
2026-07-08 16:14:08 | WARNING  | aiogram.dispatcher | Sleep for 4.831263 seconds and try again... (tryings = 324, bot id = 8737871300)
2026-07-08 16:14:18 | ERROR    | aiogram.dispatcher | Failed to fetch updates - TelegramConflictError: Telegram server says - Conflict: terminated by other getUpdates request; make sure that only one bot instance is running
2026-07-08 16:14:18 | WARNING  | aiogram.dispatcher | Sleep for 4.920885 seconds and try again... (tryings = 325, bot id = 8737871300)
2026-07-08 16:14:29 | ERROR    | aiogram.dispatcher | Failed to fetch updates - TelegramConflictError: Telegram server says - Conflict: terminated by other getUpdates request; make sure that only one bot instance is running
2026-07-08 16:14:29 | WARNING  | aiogram.dispatcher | Sleep for 4.888680 seconds and try again... (tryings = 326, bot id = 8737871300)
2026-07-08 16:14:39 | ERROR    | aiogram.dispatcher | Failed to fetch updates - TelegramConflictError: Telegram server says - Conflict: terminated by other getUpdates request; make sure that only one bot instance is running
2026-07-08 16:14:39 | WARNING  | aiogram.dispatcher | Sleep for 5.039028 seconds and try again... (tryings = 327, bot id = 8737871300)
2026-07-08 16:14:49 | ERROR    | aiogram.dispatcher | Failed to fetch updates - TelegramConflictError: Telegram server says - Conflict: terminated by other getUpdates request; make sure that only one bot instance is running
2026-07-08 16:14:49 | WARNING  | aiogram.dispatcher | Sleep for 5.101052 seconds and try again... (tryings = 328, bot id = 8737871300)
2026-07-08 16:15:00 | ERROR    | aiogram.dispatcher | Failed to fetch updates - TelegramConflictError: Telegram server says - Conflict: terminated by other getUpdates request; make sure that only one bot instance is running
2026-07-08 16:15:00 | WARNING  | aiogram.dispatcher | Sleep for 4.901800 seconds and try again... (tryings = 329, bot id = 8737871300)
2026-07-08 16:15:10 | ERROR    | aiogram.dispatcher | Failed to fetch updates - TelegramConflictError: Telegram server says - Conflict: terminated by other getUpdates request; make sure that only one bot instance is running
2026-07-08 16:15:10 | WARNING  | aiogram.dispatcher | Sleep for 5.100495 seconds and try again... (tryings = 330, bot id = 8737871300)
2026-07-08 16:15:20 | ERROR    | aiogram.dispatcher | Failed to fetch updates - TelegramConflictError: Telegram server says - Conflict: terminated by other getUpdates request; make sure that only one bot instance is running
2026-07-08 16:15:20 | WARNING  | aiogram.dispatcher | Sleep for 4.988431 seconds and try again... (tryings = 331, bot id = 8737871300)
2026-07-08 16:15:30 | ERROR    | aiogram.dispatcher | Failed to fetch updates - TelegramConflictError: Telegram server says - Conflict: terminated by other getUpdates request; make sure that only one bot instance is running
2026-07-08 16:15:30 | WARNING  | aiogram.dispatcher | Sleep for 4.942795 seconds and try again... (tryings = 332, bot id = 8737871300)
2026-07-08 16:15:41 | ERROR    | aiogram.dispatcher | Failed to fetch updates - TelegramConflictError: Telegram server says - Conflict: terminated by other getUpdates request; make sure that only one bot instance is running
2026-07-08 16:15:41 | WARNING  | aiogram.dispatcher | Sleep for 5.119039 seconds and try again... (tryings = 333, bot id = 8737871300)
2026-07-08 16:15:51 | ERROR    | aiogram.dispatcher | Failed to fetch updates - TelegramConflictError: Telegram server says - Conflict: terminated by other getUpdates request; make sure that only one bot instance is running
2026-07-08 16:15:51 | WARNING  | aiogram.dispatcher | Sleep for 5.196002 seconds and try again... (tryings = 334, bot id = 8737871300)
2026-07-08 16:16:01 | ERROR    | aiogram.dispatcher | Failed to fetch updates - TelegramConflictError: Telegram server says - Conflict: terminated by other getUpdates request; make sure that only one bot instance is running
2026-07-08 16:16:01 | WARNING  | aiogram.dispatcher | Sleep for 5.049760 seconds and try again... (tryings = 335, bot id = 8737871300)
2026-07-08 16:16:12 | ERROR    | aiogram.dispatcher | Failed to fetch updates - TelegramConflictError: Telegram server says - Conflict: terminated by other getUpdates request; make sure that only one bot instance is running
2026-07-08 16:16:12 | WARNING  | aiogram.dispatcher | Sleep for 4.934730 seconds and try again... (tryings = 336, bot id = 8737871300)
2026-07-08 16:16:22 | ERROR    | aiogram.dispatcher | Failed to fetch updates - TelegramConflictError: Telegram server says - Conflict: terminated by other getUpdates request; make sure that only one bot instance is running
2026-07-08 16:16:22 | WARNING  | aiogram.dispatcher | Sleep for 4.929274 seconds and try again... (tryings = 337, bot id = 8737871300)
2026-07-08 16:16:32 | ERROR    | aiogram.dispatcher | Failed to fetch updates - TelegramConflictError: Telegram server says - Conflict: terminated by other getUpdates request; make sure that only one bot instance is running
2026-07-08 16:16:32 | WARNING  | aiogram.dispatcher | Sleep for 5.009681 seconds and try again... (tryings = 338, bot id = 8737871300)
2026-07-08 16:16:43 | ERROR    | aiogram.dispatcher | Failed to fetch updates - TelegramConflictError: Telegram server says - Conflict: terminated by other getUpdates request; make sure that only one bot instance is running
2026-07-08 16:16:43 | WARNING  | aiogram.dispatcher | Sleep for 4.920441 seconds and try again... (tryings = 339, bot id = 8737871300)
2026-07-08 16:16:53 | ERROR    | aiogram.dispatcher | Failed to fetch updates - TelegramConflictError: Telegram server says - Conflict: terminated by other getUpdates request; make sure that only one bot instance is running
2026-07-08 16:16:53 | WARNING  | aiogram.dispatcher | Sleep for 4.879538 seconds and try again... (tryings = 340, bot id = 8737871300)
2026-07-08 16:17:03 | ERROR    | aiogram.dispatcher | Failed to fetch updates - TelegramConflictError: Telegram server says - Conflict: terminated by other getUpdates request; make sure that only one bot instance is running
2026-07-08 16:17:03 | WARNING  | aiogram.dispatcher | Sleep for 5.069573 seconds and try again... (tryings = 341, bot id = 8737871300)
2026-07-08 16:17:13 | ERROR    | aiogram.dispatcher | Failed to fetch updates - TelegramConflictError: Telegram server says - Conflict: terminated by other getUpdates request; make sure that only one bot instance is running
2026-07-08 16:17:13 | WARNING  | aiogram.dispatcher | Sleep for 4.896543 seconds and try again... (tryings = 342, bot id = 8737871300)
2026-07-08 16:17:24 | ERROR    | aiogram.dispatcher | Failed to fetch updates - TelegramConflictError: Telegram server says - Conflict: terminated by other getUpdates request; make sure that only one bot instance is running
2026-07-08 16:17:24 | WARNING  | aiogram.dispatcher | Sleep for 4.959913 seconds and try again... (tryings = 343, bot id = 8737871300)
2026-07-08 16:17:34 | ERROR    | aiogram.dispatcher | Failed to fetch updates - TelegramConflictError: Telegram server says - Conflict: terminated by other getUpdates request; make sure that only one bot instance is running
2026-07-08 16:17:34 | WARNING  | aiogram.dispatcher | Sleep for 5.080582 seconds and try again... (tryings = 344, bot id = 8737871300)
2026-07-08 16:17:44 | ERROR    | aiogram.dispatcher | Failed to fetch updates - TelegramConflictError: Telegram server says - Conflict: terminated by other getUpdates request; make sure that only one bot instance is running
2026-07-08 16:17:44 | WARNING  | aiogram.dispatcher | Sleep for 4.912831 seconds and try again... (tryings = 345, bot id = 8737871300)
2026-07-08 16:17:54 | ERROR    | aiogram.dispatcher | Failed to fetch updates - TelegramConflictError: Telegram server says - Conflict: terminated by other getUpdates request; make sure that only one bot instance is running
2026-07-08 16:17:54 | WARNING  | aiogram.dispatcher | Sleep for 5.084946 seconds and try again... (tryings = 346, bot id = 8737871300)
2026-07-08 16:18:05 | ERROR    | aiogram.dispatcher | Failed to fetch updates - TelegramConflictError: Telegram server says - Conflict: terminated by other getUpdates request; make sure that only one bot instance is running
2026-07-08 16:18:05 | WARNING  | aiogram.dispatcher | Sleep for 4.996597 seconds and try again... (tryings = 347, bot id = 8737871300)
2026-07-08 16:18:15 | ERROR    | aiogram.dispatcher | Failed to fetch updates - TelegramConflictError: Telegram server says - Conflict: terminated by other getUpdates request; make sure that only one bot instance is running
2026-07-08 16:18:15 | WARNING  | aiogram.dispatcher | Sleep for 5.174952 seconds and try again... (tryings = 348, bot id = 8737871300)
2026-07-08 16:18:26 | ERROR    | aiogram.dispatcher | Failed to fetch updates - TelegramConflictError: Telegram server says - Conflict: terminated by other getUpdates request; make sure that only one bot instance is running
2026-07-08 16:18:26 | WARNING  | aiogram.dispatcher | Sleep for 5.085857 seconds and try again... (tryings = 349, bot id = 8737871300)
2026-07-08 16:18:37 | ERROR    | aiogram.dispatcher | Failed to fetch updates - TelegramConflictError: Telegram server says - Conflict: terminated by other getUpdates request; make sure that only one bot instance is running
2026-07-08 16:18:37 | WARNING  | aiogram.dispatcher | Sleep for 4.979699 seconds and try again... (tryings = 350, bot id = 8737871300)
2026-07-08 16:18:47 | ERROR    | aiogram.dispatcher | Failed to fetch updates - TelegramConflictError: Telegram server says - Conflict: terminated by other getUpdates request; make sure that only one bot instance is running
2026-07-08 16:18:47 | WARNING  | aiogram.dispatcher | Sleep for 5.004664 seconds and try again... (tryings = 351, bot id = 8737871300)
2026-07-08 16:18:57 | ERROR    | aiogram.dispatcher | Failed to fetch updates - TelegramConflictError: Telegram server says - Conflict: terminated by other getUpdates request; make sure that only one bot instance is running
2026-07-08 16:18:57 | WARNING  | aiogram.dispatcher | Sleep for 5.062166 seconds and try again... (tryings = 352, bot id = 8737871300)
2026-07-08 16:19:08 | ERROR    | aiogram.dispatcher | Failed to fetch updates - TelegramConflictError: Telegram server says - Conflict: terminated by other getUpdates request; make sure that only one bot instance is running
2026-07-08 16:19:08 | WARNING  | aiogram.dispatcher | Sleep for 4.999320 seconds and try again... (tryings = 353, bot id = 8737871300)
2026-07-08 16:19:18 | ERROR    | aiogram.dispatcher | Failed to fetch updates - TelegramConflictError: Telegram server says - Conflict: terminated by other getUpdates request; make sure that only one bot instance is running
2026-07-08 16:19:18 | WARNING  | aiogram.dispatcher | Sleep for 4.982729 seconds and try again... (tryings = 354, bot id = 8737871300)
2026-07-08 16:19:29 | ERROR    | aiogram.dispatcher | Failed to fetch updates - TelegramConflictError: Telegram server says - Conflict: terminated by other getUpdates request; make sure that only one bot instance is running
2026-07-08 16:19:29 | WARNING  | aiogram.dispatcher | Sleep for 4.971529 seconds and try again... (tryings = 355, bot id = 8737871300)
2026-07-08 16:19:39 | ERROR    | aiogram.dispatcher | Failed to fetch updates - TelegramConflictError: Telegram server says - Conflict: terminated by other getUpdates request; make sure that only one bot instance is running
2026-07-08 16:19:39 | WARNING  | aiogram.dispatcher | Sleep for 5.013824 seconds and try again... (tryings = 356, bot id = 8737871300)
2026-07-08 16:19:49 | ERROR    | aiogram.dispatcher | Failed to fetch updates - TelegramConflictError: Telegram server says - Conflict: terminated by other getUpdates request; make sure that only one bot instance is running
2026-07-08 16:19:49 | WARNING  | aiogram.dispatcher | Sleep for 4.973341 seconds and try again... (tryings = 357, bot id = 8737871300)
2026-07-08 16:19:59 | ERROR    | aiogram.dispatcher | Failed to fetch updates - TelegramConflictError: Telegram server says - Conflict: terminated by other getUpdates request; make sure that only one bot instance is running
2026-07-08 16:19:59 | WARNING  | aiogram.dispatcher | Sleep for 5.021837 seconds and try again... (tryings = 358, bot id = 8737871300)
2026-07-08 16:20:10 | ERROR    | aiogram.dispatcher | Failed to fetch updates - TelegramConflictError: Telegram server says - Conflict: terminated by other getUpdates request; make sure that only one bot instance is running
2026-07-08 16:20:10 | WARNING  | aiogram.dispatcher | Sleep for 5.209443 seconds and try again... (tryings = 359, bot id = 8737871300)
2026-07-08 16:20:20 | ERROR    | aiogram.dispatcher | Failed to fetch updates - TelegramConflictError: Telegram server says - Conflict: terminated by other getUpdates request; make sure that only one bot instance is running
2026-07-08 16:20:20 | WARNING  | aiogram.dispatcher | Sleep for 4.872684 seconds and try again... (tryings = 360, bot id = 8737871300)
2026-07-08 16:20:30 | ERROR    | aiogram.dispatcher | Failed to fetch updates - TelegramConflictError: Telegram server says - Conflict: terminated by other getUpdates request; make sure that only one bot instance is running
2026-07-08 16:20:30 | WARNING  | aiogram.dispatcher | Sleep for 5.027185 seconds and try again... (tryings = 361, bot id = 8737871300)
2026-07-08 16:20:41 | ERROR    | aiogram.dispatcher | Failed to fetch updates - TelegramConflictError: Telegram server says - Conflict: terminated by other getUpdates request; make sure that only one bot instance is running
2026-07-08 16:20:41 | WARNING  | aiogram.dispatcher | Sleep for 5.023721 seconds and try again... (tryings = 362, bot id = 8737871300)
2026-07-08 16:20:51 | ERROR    | aiogram.dispatcher | Failed to fetch updates - TelegramConflictError: Telegram server says - Conflict: terminated by other getUpdates request; make sure that only one bot instance is running
2026-07-08 16:20:51 | WARNING  | aiogram.dispatcher | Sleep for 4.985974 seconds and try again... (tryings = 363, bot id = 8737871300)
2026-07-08 16:21:01 | ERROR    | aiogram.dispatcher | Failed to fetch updates - TelegramConflictError: Telegram server says - Conflict: terminated by other getUpdates request; make sure that only one bot instance is running
2026-07-08 16:21:01 | WARNING  | aiogram.dispatcher | Sleep for 5.052034 seconds and try again... (tryings = 364, bot id = 8737871300)
2026-07-08 16:21:12 | ERROR    | aiogram.dispatcher | Failed to fetch updates - TelegramConflictError: Telegram server says - Conflict: terminated by other getUpdates request; make sure that only one bot instance is running
2026-07-08 16:21:12 | WARNING  | aiogram.dispatcher | Sleep for 4.878876 seconds and try again... (tryings = 365, bot id = 8737871300)
2026-07-08 16:21:22 | ERROR    | aiogram.dispatcher | Failed to fetch updates - TelegramConflictError: Telegram server says - Conflict: terminated by other getUpdates request; make sure that only one bot instance is running
2026-07-08 16:21:22 | WARNING  | aiogram.dispatcher | Sleep for 5.024537 seconds and try again... (tryings = 366, bot id = 8737871300)
2026-07-08 16:21:33 | ERROR    | aiogram.dispatcher | Failed to fetch updates - TelegramConflictError: Telegram server says - Conflict: terminated by other getUpdates request; make sure that only one bot instance is running
2026-07-08 16:21:33 | WARNING  | aiogram.dispatcher | Sleep for 5.002728 seconds and try again... (tryings = 367, bot id = 8737871300)
2026-07-08 16:21:43 | ERROR    | aiogram.dispatcher | Failed to fetch updates - TelegramConflictError: Telegram server says - Conflict: terminated by other getUpdates request; make sure that only one bot instance is running
2026-07-08 16:21:43 | WARNING  | aiogram.dispatcher | Sleep for 5.150680 seconds and try again... (tryings = 368, bot id = 8737871300)
2026-07-08 16:21:53 | ERROR    | aiogram.dispatcher | Failed to fetch updates - TelegramConflictError: Telegram server says - Conflict: terminated by other getUpdates request; make sure that only one bot instance is running
2026-07-08 16:21:53 | WARNING  | aiogram.dispatcher | Sleep for 4.832575 seconds and try again... (tryings = 369, bot id = 8737871300)
2026-07-08 16:22:04 | ERROR    | aiogram.dispatcher | Failed to fetch updates - TelegramConflictError: Telegram server says - Conflict: terminated by other getUpdates request; make sure that only one bot instance is running
2026-07-08 16:22:04 | WARNING  | aiogram.dispatcher | Sleep for 5.007070 seconds and try again... (tryings = 370, bot id = 8737871300)
2026-07-08 16:22:14 | ERROR    | aiogram.dispatcher | Failed to fetch updates - TelegramConflictError: Telegram server says - Conflict: terminated by other getUpdates request; make sure that only one bot instance is running
2026-07-08 16:22:14 | WARNING  | aiogram.dispatcher | Sleep for 4.893090 seconds and try again... (tryings = 371, bot id = 8737871300)
2026-07-08 16:22:24 | ERROR    | aiogram.dispatcher | Failed to fetch updates - TelegramConflictError: Telegram server says - Conflict: terminated by other getUpdates request; make sure that only one bot instance is running
2026-07-08 16:22:24 | WARNING  | aiogram.dispatcher | Sleep for 4.999467 seconds and try again... (tryings = 372, bot id = 8737871300)
2026-07-08 16:22:35 | ERROR    | aiogram.dispatcher | Failed to fetch updates - TelegramConflictError: Telegram server says - Conflict: terminated by other getUpdates request; make sure that only one bot instance is running
2026-07-08 16:22:35 | WARNING  | aiogram.dispatcher | Sleep for 5.121921 seconds and try again... (tryings = 373, bot id = 8737871300)
2026-07-08 16:22:45 | ERROR    | aiogram.dispatcher | Failed to fetch updates - TelegramConflictError: Telegram server says - Conflict: terminated by other getUpdates request; make sure that only one bot instance is running
2026-07-08 16:22:45 | WARNING  | aiogram.dispatcher | Sleep for 4.986389 seconds and try again... (tryings = 374, bot id = 8737871300)
2026-07-08 16:22:56 | ERROR    | aiogram.dispatcher | Failed to fetch updates - TelegramConflictError: Telegram server says - Conflict: terminated by other getUpdates request; make sure that only one bot instance is running
2026-07-08 16:22:56 | WARNING  | aiogram.dispatcher | Sleep for 5.120155 seconds and try again... (tryings = 375, bot id = 8737871300)
2026-07-08 16:23:06 | ERROR    | aiogram.dispatcher | Failed to fetch updates - TelegramConflictError: Telegram server says - Conflict: terminated by other getUpdates request; make sure that only one bot instance is running
2026-07-08 16:23:06 | WARNING  | aiogram.dispatcher | Sleep for 5.067462 seconds and try again... (tryings = 376, bot id = 8737871300)
2026-07-08 16:23:17 | ERROR    | aiogram.dispatcher | Failed to fetch updates - TelegramConflictError: Telegram server says - Conflict: terminated by other getUpdates request; make sure that only one bot instance is running
2026-07-08 16:23:17 | WARNING  | aiogram.dispatcher | Sleep for 5.007854 seconds and try again... (tryings = 377, bot id = 8737871300)
2026-07-08 16:23:27 | ERROR    | aiogram.dispatcher | Failed to fetch updates - TelegramConflictError: Telegram server says - Conflict: terminated by other getUpdates request; make sure that only one bot instance is running
2026-07-08 16:23:27 | WARNING  | aiogram.dispatcher | Sleep for 5.065346 seconds and try again... (tryings = 378, bot id = 8737871300)
2026-07-08 16:23:37 | ERROR    | aiogram.dispatcher | Failed to fetch updates - TelegramConflictError: Telegram server says - Conflict: terminated by other getUpdates request; make sure that only one bot instance is running
2026-07-08 16:23:37 | WARNING  | aiogram.dispatcher | Sleep for 5.033571 seconds and try again... (tryings = 379, bot id = 8737871300)
2026-07-08 16:23:48 | ERROR    | aiogram.dispatcher | Failed to fetch updates - TelegramConflictError: Telegram server says - Conflict: terminated by other getUpdates request; make sure that only one bot instance is running
2026-07-08 16:23:48 | WARNING  | aiogram.dispatcher | Sleep for 4.938959 seconds and try again... (tryings = 380, bot id = 8737871300)
2026-07-08 16:23:58 | ERROR    | aiogram.dispatcher | Failed to fetch updates - TelegramConflictError: Telegram server says - Conflict: terminated by other getUpdates request; make sure that only one bot instance is running
2026-07-08 16:23:58 | WARNING  | aiogram.dispatcher | Sleep for 5.137200 seconds and try again... (tryings = 381, bot id = 8737871300)
2026-07-08 16:24:09 | ERROR    | aiogram.dispatcher | Failed to fetch updates - TelegramConflictError: Telegram server says - Conflict: terminated by other getUpdates request; make sure that only one bot instance is running
2026-07-08 16:24:09 | WARNING  | aiogram.dispatcher | Sleep for 4.861046 seconds and try again... (tryings = 382, bot id = 8737871300)
2026-07-08 16:24:19 | ERROR    | aiogram.dispatcher | Failed to fetch updates - TelegramConflictError: Telegram server says - Conflict: terminated by other getUpdates request; make sure that only one bot instance is running
2026-07-08 16:24:19 | WARNING  | aiogram.dispatcher | Sleep for 5.136912 seconds and try again... (tryings = 383, bot id = 8737871300)
2026-07-08 16:24:29 | ERROR    | aiogram.dispatcher | Failed to fetch updates - TelegramConflictError: Telegram server says - Conflict: terminated by other getUpdates request; make sure that only one bot instance is running
2026-07-08 16:24:29 | WARNING  | aiogram.dispatcher | Sleep for 4.868719 seconds and try again... (tryings = 384, bot id = 8737871300)
2026-07-08 16:24:39 | ERROR    | aiogram.dispatcher | Failed to fetch updates - TelegramConflictError: Telegram server says - Conflict: terminated by other getUpdates request; make sure that only one bot instance is running
2026-07-08 16:24:39 | WARNING  | aiogram.dispatcher | Sleep for 4.973238 seconds and try again... (tryings = 385, bot id = 8737871300)
2026-07-08 16:24:50 | ERROR    | aiogram.dispatcher | Failed to fetch updates - TelegramConflictError: Telegram server says - Conflict: terminated by other getUpdates request; make sure that only one bot instance is running
2026-07-08 16:24:50 | WARNING  | aiogram.dispatcher | Sleep for 5.093001 seconds and try again... (tryings = 386, bot id = 8737871300)
2026-07-08 16:25:00 | ERROR    | aiogram.dispatcher | Failed to fetch updates - TelegramConflictError: Telegram server says - Conflict: terminated by other getUpdates request; make sure that only one bot instance is running
2026-07-08 16:25:00 | WARNING  | aiogram.dispatcher | Sleep for 4.980290 seconds and try again... (tryings = 387, bot id = 8737871300)
2026-07-08 16:25:11 | ERROR    | aiogram.dispatcher | Failed to fetch updates - TelegramConflictError: Telegram server says - Conflict: terminated by other getUpdates request; make sure that only one bot instance is running
2026-07-08 16:25:11 | WARNING  | aiogram.dispatcher | Sleep for 4.938631 seconds and try again... (tryings = 388, bot id = 8737871300)
2026-07-08 16:25:21 | ERROR    | aiogram.dispatcher | Failed to fetch updates - TelegramConflictError: Telegram server says - Conflict: terminated by other getUpdates request; make sure that only one bot instance is running
2026-07-08 16:25:21 | WARNING  | aiogram.dispatcher | Sleep for 5.223564 seconds and try again... (tryings = 389, bot id = 8737871300)
2026-07-08 16:25:32 | ERROR    | aiogram.dispatcher | Failed to fetch updates - TelegramConflictError: Telegram server says - Conflict: terminated by other getUpdates request; make sure that only one bot instance is running
2026-07-08 16:25:32 | WARNING  | aiogram.dispatcher | Sleep for 5.016045 seconds and try again... (tryings = 390, bot id = 8737871300)
2026-07-08 16:25:42 | ERROR    | aiogram.dispatcher | Failed to fetch updates - TelegramConflictError: Telegram server says - Conflict: terminated by other getUpdates request; make sure that only one bot instance is running
2026-07-08 16:25:42 | WARNING  | aiogram.dispatcher | Sleep for 4.779133 seconds and try again... (tryings = 391, bot id = 8737871300)
2026-07-08 16:25:52 | ERROR    | aiogram.dispatcher | Failed to fetch updates - TelegramConflictError: Telegram server says - Conflict: terminated by other getUpdates request; make sure that only one bot instance is running
2026-07-08 16:25:52 | WARNING  | aiogram.dispatcher | Sleep for 5.093608 seconds and try again... (tryings = 392, bot id = 8737871300)
2026-07-08 16:26:03 | ERROR    | aiogram.dispatcher | Failed to fetch updates - TelegramConflictError: Telegram server says - Conflict: terminated by other getUpdates request; make sure that only one bot instance is running
2026-07-08 16:26:03 | WARNING  | aiogram.dispatcher | Sleep for 5.158941 seconds and try again... (tryings = 393, bot id = 8737871300)
2026-07-08 16:26:13 | ERROR    | aiogram.dispatcher | Failed to fetch updates - TelegramConflictError: Telegram server says - Conflict: terminated by other getUpdates request; make sure that only one bot instance is running
2026-07-08 16:26:13 | WARNING  | aiogram.dispatcher | Sleep for 4.953558 seconds and try again... (tryings = 394, bot id = 8737871300)
2026-07-08 16:26:24 | ERROR    | aiogram.dispatcher | Failed to fetch updates - TelegramConflictError: Telegram server says - Conflict: terminated by other getUpdates request; make sure that only one bot instance is running
2026-07-08 16:26:24 | WARNING  | aiogram.dispatcher | Sleep for 5.212197 seconds and try again... (tryings = 395, bot id = 8737871300)
2026-07-08 16:26:34 | ERROR    | aiogram.dispatcher | Failed to fetch updates - TelegramConflictError: Telegram server says - Conflict: terminated by other getUpdates request; make sure that only one bot instance is running
2026-07-08 16:26:34 | WARNING  | aiogram.dispatcher | Sleep for 4.725514 seconds and try again... (tryings = 396, bot id = 8737871300)
2026-07-08 16:26:44 | ERROR    | aiogram.dispatcher | Failed to fetch updates - TelegramConflictError: Telegram server says - Conflict: terminated by other getUpdates request; make sure that only one bot instance is running
2026-07-08 16:26:44 | WARNING  | aiogram.dispatcher | Sleep for 5.047275 seconds and try again... (tryings = 397, bot id = 8737871300)
2026-07-08 16:26:55 | ERROR    | aiogram.dispatcher | Failed to fetch updates - TelegramConflictError: Telegram server says - Conflict: terminated by other getUpdates request; make sure that only one bot instance is running
2026-07-08 16:26:55 | WARNING  | aiogram.dispatcher | Sleep for 5.103286 seconds and try again... (tryings = 398, bot id = 8737871300)
2026-07-08 16:27:05 | ERROR    | aiogram.dispatcher | Failed to fetch updates - TelegramConflictError: Telegram server says - Conflict: terminated by other getUpdates request; make sure that only one bot instance is running
2026-07-08 16:27:05 | WARNING  | aiogram.dispatcher | Sleep for 5.165837 seconds and try again... (tryings = 399, bot id = 8737871300)
2026-07-08 16:27:16 | ERROR    | aiogram.dispatcher | Failed to fetch updates - TelegramConflictError: Telegram server says - Conflict: terminated by other getUpdates request; make sure that only one bot instance is running
2026-07-08 16:27:16 | WARNING  | aiogram.dispatcher | Sleep for 5.076413 seconds and try again... (tryings = 400, bot id = 8737871300)
2026-07-08 16:27:26 | ERROR    | aiogram.dispatcher | Failed to fetch updates - TelegramConflictError: Telegram server says - Conflict: terminated by other getUpdates request; make sure that only one bot instance is running
2026-07-08 16:27:26 | WARNING  | aiogram.dispatcher | Sleep for 4.927844 seconds and try again... (tryings = 401, bot id = 8737871300)
2026-07-08 16:27:37 | ERROR    | aiogram.dispatcher | Failed to fetch updates - TelegramConflictError: Telegram server says - Conflict: terminated by other getUpdates request; make sure that only one bot instance is running
2026-07-08 16:27:37 | WARNING  | aiogram.dispatcher | Sleep for 5.012588 seconds and try again... (tryings = 402, bot id = 8737871300)
2026-07-08 16:27:47 | ERROR    | aiogram.dispatcher | Failed to fetch updates - TelegramConflictError: Telegram server says - Conflict: terminated by other getUpdates request; make sure that only one bot instance is running
2026-07-08 16:27:47 | WARNING  | aiogram.dispatcher | Sleep for 4.947555 seconds and try again... (tryings = 403, bot id = 8737871300)
2026-07-08 16:27:57 | ERROR    | aiogram.dispatcher | Failed to fetch updates - TelegramConflictError: Telegram server says - Conflict: terminated by other getUpdates request; make sure that only one bot instance is running
2026-07-08 16:27:57 | WARNING  | aiogram.dispatcher | Sleep for 4.977036 seconds and try again... (tryings = 404, bot id = 8737871300)
2026-07-08 16:28:08 | ERROR    | aiogram.dispatcher | Failed to fetch updates - TelegramConflictError: Telegram server says - Conflict: terminated by other getUpdates request; make sure that only one bot instance is running
2026-07-08 16:28:08 | WARNING  | aiogram.dispatcher | Sleep for 5.073274 seconds and try again... (tryings = 405, bot id = 8737871300)
2026-07-08 16:28:18 | ERROR    | aiogram.dispatcher | Failed to fetch updates - TelegramConflictError: Telegram server says - Conflict: terminated by other getUpdates request; make sure that only one bot instance is running
2026-07-08 16:28:18 | WARNING  | aiogram.dispatcher | Sleep for 5.027670 seconds and try again... (tryings = 406, bot id = 8737871300)
2026-07-08 16:28:29 | ERROR    | aiogram.dispatcher | Failed to fetch updates - TelegramConflictError: Telegram server says - Conflict: terminated by other getUpdates request; make sure that only one bot instance is running
2026-07-08 16:28:29 | WARNING  | aiogram.dispatcher | Sleep for 5.098280 seconds and try again... (tryings = 407, bot id = 8737871300)
2026-07-08 16:28:39 | ERROR    | aiogram.dispatcher | Failed to fetch updates - TelegramConflictError: Telegram server says - Conflict: terminated by other getUpdates request; make sure that only one bot instance is running
2026-07-08 16:28:39 | WARNING  | aiogram.dispatcher | Sleep for 5.112826 seconds and try again... (tryings = 408, bot id = 8737871300)
2026-07-08 16:28:49 | ERROR    | aiogram.dispatcher | Failed to fetch updates - TelegramConflictError: Telegram server says - Conflict: terminated by other getUpdates request; make sure that only one bot instance is running
2026-07-08 16:28:49 | WARNING  | aiogram.dispatcher | Sleep for 4.953108 seconds and try again... (tryings = 409, bot id = 8737871300)
2026-07-08 16:28:59 | ERROR    | aiogram.dispatcher | Failed to fetch updates - TelegramConflictError: Telegram server says - Conflict: terminated by other getUpdates request; make sure that only one bot instance is running
2026-07-08 16:28:59 | WARNING  | aiogram.dispatcher | Sleep for 5.027676 seconds and try again... (tryings = 410, bot id = 8737871300)
2026-07-08 16:29:10 | ERROR    | aiogram.dispatcher | Failed to fetch updates - TelegramConflictError: Telegram server says - Conflict: terminated by other getUpdates request; make sure that only one bot instance is running
2026-07-08 16:29:10 | WARNING  | aiogram.dispatcher | Sleep for 5.117166 seconds and try again... (tryings = 411, bot id = 8737871300)
2026-07-08 16:29:20 | ERROR    | aiogram.dispatcher | Failed to fetch updates - TelegramConflictError: Telegram server says - Conflict: terminated by other getUpdates request; make sure that only one bot instance is running
2026-07-08 16:29:20 | WARNING  | aiogram.dispatcher | Sleep for 5.003587 seconds and try again... (tryings = 412, bot id = 8737871300)
2026-07-08 16:29:31 | ERROR    | aiogram.dispatcher | Failed to fetch updates - TelegramConflictError: Telegram server says - Conflict: terminated by other getUpdates request; make sure that only one bot instance is running
2026-07-08 16:29:31 | WARNING  | aiogram.dispatcher | Sleep for 4.976359 seconds and try again... (tryings = 413, bot id = 8737871300)
2026-07-08 16:29:41 | ERROR    | aiogram.dispatcher | Failed to fetch updates - TelegramConflictError: Telegram server says - Conflict: terminated by other getUpdates request; make sure that only one bot instance is running
2026-07-08 16:29:41 | WARNING  | aiogram.dispatcher | Sleep for 5.036515 seconds and try again... (tryings = 414, bot id = 8737871300)
2026-07-08 16:29:51 | ERROR    | aiogram.dispatcher | Failed to fetch updates - TelegramConflictError: Telegram server says - Conflict: terminated by other getUpdates request; make sure that only one bot instance is running
2026-07-08 16:29:51 | WARNING  | aiogram.dispatcher | Sleep for 4.892841 seconds and try again... (tryings = 415, bot id = 8737871300)
2026-07-08 16:30:02 | ERROR    | aiogram.dispatcher | Failed to fetch updates - TelegramConflictError: Telegram server says - Conflict: terminated by other getUpdates request; make sure that only one bot instance is running
2026-07-08 16:30:02 | WARNING  | aiogram.dispatcher | Sleep for 5.003368 seconds and try again... (tryings = 416, bot id = 8737871300)
2026-07-08 16:30:12 | ERROR    | aiogram.dispatcher | Failed to fetch updates - TelegramConflictError: Telegram server says - Conflict: terminated by other getUpdates request; make sure that only one bot instance is running
2026-07-08 16:30:12 | WARNING  | aiogram.dispatcher | Sleep for 4.921668 seconds and try again... (tryings = 417, bot id = 8737871300)
2026-07-08 16:30:22 | ERROR    | aiogram.dispatcher | Failed to fetch updates - TelegramConflictError: Telegram server says - Conflict: terminated by other getUpdates request; make sure that only one bot instance is running
2026-07-08 16:30:22 | WARNING  | aiogram.dispatcher | Sleep for 4.939590 seconds and try again... (tryings = 418, bot id = 8737871300)
2026-07-08 16:30:33 | ERROR    | aiogram.dispatcher | Failed to fetch updates - TelegramConflictError: Telegram server says - Conflict: terminated by other getUpdates request; make sure that only one bot instance is running
2026-07-08 16:30:33 | WARNING  | aiogram.dispatcher | Sleep for 5.033166 seconds and try again... (tryings = 419, bot id = 8737871300)
2026-07-08 16:30:43 | ERROR    | aiogram.dispatcher | Failed to fetch updates - TelegramConflictError: Telegram server says - Conflict: terminated by other getUpdates request; make sure that only one bot instance is running
2026-07-08 16:30:43 | WARNING  | aiogram.dispatcher | Sleep for 5.011765 seconds and try again... (tryings = 420, bot id = 8737871300)
2026-07-08 16:30:53 | ERROR    | aiogram.dispatcher | Failed to fetch updates - TelegramConflictError: Telegram server says - Conflict: terminated by other getUpdates request; make sure that only one bot instance is running
2026-07-08 16:30:53 | WARNING  | aiogram.dispatcher | Sleep for 4.968560 seconds and try again... (tryings = 421, bot id = 8737871300)
2026-07-08 16:31:04 | ERROR    | aiogram.dispatcher | Failed to fetch updates - TelegramConflictError: Telegram server says - Conflict: terminated by other getUpdates request; make sure that only one bot instance is running
2026-07-08 16:31:04 | WARNING  | aiogram.dispatcher | Sleep for 5.152160 seconds and try again... (tryings = 422, bot id = 8737871300)
2026-07-08 16:31:14 | ERROR    | aiogram.dispatcher | Failed to fetch updates - TelegramConflictError: Telegram server says - Conflict: terminated by other getUpdates request; make sure that only one bot instance is running
2026-07-08 16:31:14 | WARNING  | aiogram.dispatcher | Sleep for 5.117721 seconds and try again... (tryings = 423, bot id = 8737871300)
2026-07-08 16:31:24 | ERROR    | aiogram.dispatcher | Failed to fetch updates - TelegramConflictError: Telegram server says - Conflict: terminated by other getUpdates request; make sure that only one bot instance is running
2026-07-08 16:31:24 | WARNING  | aiogram.dispatcher | Sleep for 4.982923 seconds and try again... (tryings = 424, bot id = 8737871300)
2026-07-08 16:31:35 | ERROR    | aiogram.dispatcher | Failed to fetch updates - TelegramConflictError: Telegram server says - Conflict: terminated by other getUpdates request; make sure that only one bot instance is running
2026-07-08 16:31:35 | WARNING  | aiogram.dispatcher | Sleep for 5.023042 seconds and try again... (tryings = 425, bot id = 8737871300)
2026-07-08 16:31:45 | ERROR    | aiogram.dispatcher | Failed to fetch updates - TelegramConflictError: Telegram server says - Conflict: terminated by other getUpdates request; make sure that only one bot instance is running
2026-07-08 16:31:45 | WARNING  | aiogram.dispatcher | Sleep for 5.107100 seconds and try again... (tryings = 426, bot id = 8737871300)
2026-07-08 16:31:55 | ERROR    | aiogram.dispatcher | Failed to fetch updates - TelegramConflictError: Telegram server says - Conflict: terminated by other getUpdates request; make sure that only one bot instance is running
2026-07-08 16:31:55 | WARNING  | aiogram.dispatcher | Sleep for 5.053047 seconds and try again... (tryings = 427, bot id = 8737871300)
2026-07-08 16:32:06 | ERROR    | aiogram.dispatcher | Failed to fetch updates - TelegramConflictError: Telegram server says - Conflict: terminated by other getUpdates request; make sure that only one bot instance is running
2026-07-08 16:32:06 | WARNING  | aiogram.dispatcher | Sleep for 4.989029 seconds and try again... (tryings = 428, bot id = 8737871300)
2026-07-08 16:32:16 | ERROR    | aiogram.dispatcher | Failed to fetch updates - TelegramConflictError: Telegram server says - Conflict: terminated by other getUpdates request; make sure that only one bot instance is running
2026-07-08 16:32:16 | WARNING  | aiogram.dispatcher | Sleep for 4.797453 seconds and try again... (tryings = 429, bot id = 8737871300)
2026-07-08 16:32:27 | ERROR    | aiogram.dispatcher | Failed to fetch updates - TelegramConflictError: Telegram server says - Conflict: terminated by other getUpdates request; make sure that only one bot instance is running
2026-07-08 16:32:27 | WARNING  | aiogram.dispatcher | Sleep for 4.794910 seconds and try again... (tryings = 430, bot id = 8737871300)
2026-07-08 16:32:37 | ERROR    | aiogram.dispatcher | Failed to fetch updates - TelegramConflictError: Telegram server says - Conflict: terminated by other getUpdates request; make sure that only one bot instance is running
2026-07-08 16:32:37 | WARNING  | aiogram.dispatcher | Sleep for 4.886627 seconds and try again... (tryings = 431, bot id = 8737871300)
2026-07-08 16:32:47 | ERROR    | aiogram.dispatcher | Failed to fetch updates - TelegramConflictError: Telegram server says - Conflict: terminated by other getUpdates request; make sure that only one bot instance is running
2026-07-08 16:32:47 | WARNING  | aiogram.dispatcher | Sleep for 4.904824 seconds and try again... (tryings = 432, bot id = 8737871300)
2026-07-08 16:32:58 | ERROR    | aiogram.dispatcher | Failed to fetch updates - TelegramConflictError: Telegram server says - Conflict: terminated by other getUpdates request; make sure that only one bot instance is running
2026-07-08 16:32:58 | WARNING  | aiogram.dispatcher | Sleep for 5.051102 seconds and try again... (tryings = 433, bot id = 8737871300)
2026-07-08 16:33:08 | ERROR    | aiogram.dispatcher | Failed to fetch updates - TelegramConflictError: Telegram server says - Conflict: terminated by other getUpdates request; make sure that only one bot instance is running
2026-07-08 16:33:08 | WARNING  | aiogram.dispatcher | Sleep for 4.879115 seconds and try again... (tryings = 434, bot id = 8737871300)
2026-07-08 16:33:18 | ERROR    | aiogram.dispatcher | Failed to fetch updates - TelegramConflictError: Telegram server says - Conflict: terminated by other getUpdates request; make sure that only one bot instance is running
2026-07-08 16:33:18 | WARNING  | aiogram.dispatcher | Sleep for 5.040369 seconds and try again... (tryings = 435, bot id = 8737871300)
2026-07-08 16:33:28 | ERROR    | aiogram.dispatcher | Failed to fetch updates - TelegramConflictError: Telegram server says - Conflict: terminated by other getUpdates request; make sure that only one bot instance is running
2026-07-08 16:33:28 | WARNING  | aiogram.dispatcher | Sleep for 4.826365 seconds and try again... (tryings = 436, bot id = 8737871300)
2026-07-08 16:33:38 | ERROR    | aiogram.dispatcher | Failed to fetch updates - TelegramConflictError: Telegram server says - Conflict: terminated by other getUpdates request; make sure that only one bot instance is running
2026-07-08 16:33:38 | WARNING  | aiogram.dispatcher | Sleep for 4.962165 seconds and try again... (tryings = 437, bot id = 8737871300)
2026-07-08 16:33:49 | ERROR    | aiogram.dispatcher | Failed to fetch updates - TelegramConflictError: Telegram server says - Conflict: terminated by other getUpdates request; make sure that only one bot instance is running
2026-07-08 16:33:49 | WARNING  | aiogram.dispatcher | Sleep for 4.977133 seconds and try again... (tryings = 438, bot id = 8737871300)
2026-07-08 16:33:59 | ERROR    | aiogram.dispatcher | Failed to fetch updates - TelegramConflictError: Telegram server says - Conflict: terminated by other getUpdates request; make sure that only one bot instance is running
2026-07-08 16:33:59 | WARNING  | aiogram.dispatcher | Sleep for 4.790670 seconds and try again... (tryings = 439, bot id = 8737871300)
2026-07-08 16:34:09 | ERROR    | aiogram.dispatcher | Failed to fetch updates - TelegramConflictError: Telegram server says - Conflict: terminated by other getUpdates request; make sure that only one bot instance is running
2026-07-08 16:34:09 | WARNING  | aiogram.dispatcher | Sleep for 4.916506 seconds and try again... (tryings = 440, bot id = 8737871300)
2026-07-08 16:34:20 | ERROR    | aiogram.dispatcher | Failed to fetch updates - TelegramConflictError: Telegram server says - Conflict: terminated by other getUpdates request; make sure that only one bot instance is running
2026-07-08 16:34:20 | WARNING  | aiogram.dispatcher | Sleep for 5.068490 seconds and try again... (tryings = 441, bot id = 8737871300)
2026-07-08 16:34:30 | ERROR    | aiogram.dispatcher | Failed to fetch updates - TelegramConflictError: Telegram server says - Conflict: terminated by other getUpdates request; make sure that only one bot instance is running
2026-07-08 16:34:30 | WARNING  | aiogram.dispatcher | Sleep for 5.189795 seconds and try again... (tryings = 442, bot id = 8737871300)
2026-07-08 16:34:40 | ERROR    | aiogram.dispatcher | Failed to fetch updates - TelegramConflictError: Telegram server says - Conflict: terminated by other getUpdates request; make sure that only one bot instance is running
2026-07-08 16:34:40 | WARNING  | aiogram.dispatcher | Sleep for 5.217410 seconds and try again... (tryings = 443, bot id = 8737871300)
2026-07-08 16:34:51 | ERROR    | aiogram.dispatcher | Failed to fetch updates - TelegramConflictError: Telegram server says - Conflict: terminated by other getUpdates request; make sure that only one bot instance is running
2026-07-08 16:34:51 | WARNING  | aiogram.dispatcher | Sleep for 5.007002 seconds and try again... (tryings = 444, bot id = 8737871300)
2026-07-08 16:35:01 | ERROR    | aiogram.dispatcher | Failed to fetch updates - TelegramConflictError: Telegram server says - Conflict: terminated by other getUpdates request; make sure that only one bot instance is running
2026-07-08 16:35:01 | WARNING  | aiogram.dispatcher | Sleep for 4.944161 seconds and try again... (tryings = 445, bot id = 8737871300)
2026-07-08 16:35:11 | ERROR    | aiogram.dispatcher | Failed to fetch updates - TelegramConflictError: Telegram server says - Conflict: terminated by other getUpdates request; make sure that only one bot instance is running
2026-07-08 16:35:11 | WARNING  | aiogram.dispatcher | Sleep for 4.984823 seconds and try again... (tryings = 446, bot id = 8737871300)
2026-07-08 16:35:21 | ERROR    | aiogram.dispatcher | Failed to fetch updates - TelegramConflictError: Telegram server says - Conflict: terminated by other getUpdates request; make sure that only one bot instance is running
2026-07-08 16:35:21 | WARNING  | aiogram.dispatcher | Sleep for 5.236883 seconds and try again... (tryings = 447, bot id = 8737871300)
2026-07-08 16:35:32 | ERROR    | aiogram.dispatcher | Failed to fetch updates - TelegramConflictError: Telegram server says - Conflict: terminated by other getUpdates request; make sure that only one bot instance is running
2026-07-08 16:35:32 | WARNING  | aiogram.dispatcher | Sleep for 4.943697 seconds and try again... (tryings = 448, bot id = 8737871300)
2026-07-08 16:35:42 | ERROR    | aiogram.dispatcher | Failed to fetch updates - TelegramConflictError: Telegram server says - Conflict: terminated by other getUpdates request; make sure that only one bot instance is running
2026-07-08 16:35:42 | WARNING  | aiogram.dispatcher | Sleep for 4.969858 seconds and try again... (tryings = 449, bot id = 8737871300)
2026-07-08 16:35:53 | ERROR    | aiogram.dispatcher | Failed to fetch updates - TelegramConflictError: Telegram server says - Conflict: terminated by other getUpdates request; make sure that only one bot instance is running
2026-07-08 16:35:53 | WARNING  | aiogram.dispatcher | Sleep for 4.948786 seconds and try again... (tryings = 450, bot id = 8737871300)
2026-07-08 16:36:03 | ERROR    | aiogram.dispatcher | Failed to fetch updates - TelegramConflictError: Telegram server says - Conflict: terminated by other getUpdates request; make sure that only one bot instance is running
2026-07-08 16:36:03 | WARNING  | aiogram.dispatcher | Sleep for 4.899056 seconds and try again... (tryings = 451, bot id = 8737871300)
2026-07-08 16:36:13 | ERROR    | aiogram.dispatcher | Failed to fetch updates - TelegramConflictError: Telegram server says - Conflict: terminated by other getUpdates request; make sure that only one bot instance is running
2026-07-08 16:36:13 | WARNING  | aiogram.dispatcher | Sleep for 4.847807 seconds and try again... (tryings = 452, bot id = 8737871300)
2026-07-08 16:36:24 | ERROR    | aiogram.dispatcher | Failed to fetch updates - TelegramConflictError: Telegram server says - Conflict: terminated by other getUpdates request; make sure that only one bot instance is running
2026-07-08 16:36:24 | WARNING  | aiogram.dispatcher | Sleep for 4.938498 seconds and try again... (tryings = 453, bot id = 8737871300)
2026-07-08 16:36:34 | ERROR    | aiogram.dispatcher | Failed to fetch updates - TelegramConflictError: Telegram server says - Conflict: terminated by other getUpdates request; make sure that only one bot instance is running
2026-07-08 16:36:34 | WARNING  | aiogram.dispatcher | Sleep for 5.139683 seconds and try again... (tryings = 454, bot id = 8737871300)
2026-07-08 16:36:45 | ERROR    | aiogram.dispatcher | Failed to fetch updates - TelegramConflictError: Telegram server says - Conflict: terminated by other getUpdates request; make sure that only one bot instance is running
2026-07-08 16:36:45 | WARNING  | aiogram.dispatcher | Sleep for 4.967192 seconds and try again... (tryings = 455, bot id = 8737871300)
2026-07-08 16:36:55 | ERROR    | aiogram.dispatcher | Failed to fetch updates - TelegramConflictError: Telegram server says - Conflict: terminated by other getUpdates request; make sure that only one bot instance is running
2026-07-08 16:36:55 | WARNING  | aiogram.dispatcher | Sleep for 4.924072 seconds and try again... (tryings = 456, bot id = 8737871300)
2026-07-08 16:37:05 | ERROR    | aiogram.dispatcher | Failed to fetch updates - TelegramConflictError: Telegram server says - Conflict: terminated by other getUpdates request; make sure that only one bot instance is running
2026-07-08 16:37:05 | WARNING  | aiogram.dispatcher | Sleep for 4.877666 seconds and try again... (tryings = 457, bot id = 8737871300)
2026-07-08 16:37:16 | ERROR    | aiogram.dispatcher | Failed to fetch updates - TelegramConflictError: Telegram server says - Conflict: terminated by other getUpdates request; make sure that only one bot instance is running
2026-07-08 16:37:16 | WARNING  | aiogram.dispatcher | Sleep for 4.909338 seconds and try again... (tryings = 458, bot id = 8737871300)
2026-07-08 16:37:26 | ERROR    | aiogram.dispatcher | Failed to fetch updates - TelegramConflictError: Telegram server says - Conflict: terminated by other getUpdates request; make sure that only one bot instance is running
2026-07-08 16:37:26 | WARNING  | aiogram.dispatcher | Sleep for 4.989294 seconds and try again... (tryings = 459, bot id = 8737871300)
2026-07-08 16:37:36 | ERROR    | aiogram.dispatcher | Failed to fetch updates - TelegramConflictError: Telegram server says - Conflict: terminated by other getUpdates request; make sure that only one bot instance is running
2026-07-08 16:37:36 | WARNING  | aiogram.dispatcher | Sleep for 5.164467 seconds and try again... (tryings = 460, bot id = 8737871300)
2026-07-08 16:37:47 | ERROR    | aiogram.dispatcher | Failed to fetch updates - TelegramConflictError: Telegram server says - Conflict: terminated by other getUpdates request; make sure that only one bot instance is running
2026-07-08 16:37:47 | WARNING  | aiogram.dispatcher | Sleep for 4.909207 seconds and try again... (tryings = 461, bot id = 8737871300)
2026-07-08 16:37:57 | ERROR    | aiogram.dispatcher | Failed to fetch updates - TelegramConflictError: Telegram server says - Conflict: terminated by other getUpdates request; make sure that only one bot instance is running
2026-07-08 16:37:57 | WARNING  | aiogram.dispatcher | Sleep for 5.016994 seconds and try again... (tryings = 462, bot id = 8737871300)
2026-07-08 16:38:07 | ERROR    | aiogram.dispatcher | Failed to fetch updates - TelegramConflictError: Telegram server says - Conflict: terminated by other getUpdates request; make sure that only one bot instance is running
2026-07-08 16:38:07 | WARNING  | aiogram.dispatcher | Sleep for 5.064990 seconds and try again... (tryings = 463, bot id = 8737871300)
2026-07-08 16:38:18 | ERROR    | aiogram.dispatcher | Failed to fetch updates - TelegramConflictError: Telegram server says - Conflict: terminated by other getUpdates request; make sure that only one bot instance is running
2026-07-08 16:38:18 | WARNING  | aiogram.dispatcher | Sleep for 4.934380 seconds and try again... (tryings = 464, bot id = 8737871300)
2026-07-08 16:38:28 | ERROR    | aiogram.dispatcher | Failed to fetch updates - TelegramConflictError: Telegram server says - Conflict: terminated by other getUpdates request; make sure that only one bot instance is running
2026-07-08 16:38:28 | WARNING  | aiogram.dispatcher | Sleep for 5.008588 seconds and try again... (tryings = 465, bot id = 8737871300)
2026-07-08 16:38:39 | ERROR    | aiogram.dispatcher | Failed to fetch updates - TelegramConflictError: Telegram server says - Conflict: terminated by other getUpdates request; make sure that only one bot instance is running
2026-07-08 16:38:39 | WARNING  | aiogram.dispatcher | Sleep for 5.062799 seconds and try again... (tryings = 466, bot id = 8737871300)
2026-07-08 16:38:49 | ERROR    | aiogram.dispatcher | Failed to fetch updates - TelegramConflictError: Telegram server says - Conflict: terminated by other getUpdates request; make sure that only one bot instance is running
2026-07-08 16:38:49 | WARNING  | aiogram.dispatcher | Sleep for 4.972448 seconds and try again... (tryings = 467, bot id = 8737871300)
2026-07-08 16:38:59 | ERROR    | aiogram.dispatcher | Failed to fetch updates - TelegramConflictError: Telegram server says - Conflict: terminated by other getUpdates request; make sure that only one bot instance is running
2026-07-08 16:38:59 | WARNING  | aiogram.dispatcher | Sleep for 4.995189 seconds and try again... (tryings = 468, bot id = 8737871300)
2026-07-08 16:39:10 | ERROR    | aiogram.dispatcher | Failed to fetch updates - TelegramConflictError: Telegram server says - Conflict: terminated by other getUpdates request; make sure that only one bot instance is running
2026-07-08 16:39:10 | WARNING  | aiogram.dispatcher | Sleep for 5.145709 seconds and try again... (tryings = 469, bot id = 8737871300)
2026-07-08 16:39:20 | ERROR    | aiogram.dispatcher | Failed to fetch updates - TelegramConflictError: Telegram server says - Conflict: terminated by other getUpdates request; make sure that only one bot instance is running
2026-07-08 16:39:20 | WARNING  | aiogram.dispatcher | Sleep for 5.037885 seconds and try again... (tryings = 470, bot id = 8737871300)
2026-07-08 16:39:31 | ERROR    | aiogram.dispatcher | Failed to fetch updates - TelegramConflictError: Telegram server says - Conflict: terminated by other getUpdates request; make sure that only one bot instance is running
2026-07-08 16:39:31 | WARNING  | aiogram.dispatcher | Sleep for 5.094546 seconds and try again... (tryings = 471, bot id = 8737871300)
2026-07-08 16:39:41 | ERROR    | aiogram.dispatcher | Failed to fetch updates - TelegramConflictError: Telegram server says - Conflict: terminated by other getUpdates request; make sure that only one bot instance is running
2026-07-08 16:39:41 | WARNING  | aiogram.dispatcher | Sleep for 5.236590 seconds and try again... (tryings = 472, bot id = 8737871300)
2026-07-08 16:39:52 | ERROR    | aiogram.dispatcher | Failed to fetch updates - TelegramConflictError: Telegram server says - Conflict: terminated by other getUpdates request; make sure that only one bot instance is running
2026-07-08 16:39:52 | WARNING  | aiogram.dispatcher | Sleep for 4.895614 seconds and try again... (tryings = 473, bot id = 8737871300)
2026-07-08 16:40:02 | ERROR    | aiogram.dispatcher | Failed to fetch updates - TelegramConflictError: Telegram server says - Conflict: terminated by other getUpdates request; make sure that only one bot instance is running
2026-07-08 16:40:02 | WARNING  | aiogram.dispatcher | Sleep for 4.911700 seconds and try again... (tryings = 474, bot id = 8737871300)
2026-07-08 16:40:12 | ERROR    | aiogram.dispatcher | Failed to fetch updates - TelegramConflictError: Telegram server says - Conflict: terminated by other getUpdates request; make sure that only one bot instance is running
2026-07-08 16:40:12 | WARNING  | aiogram.dispatcher | Sleep for 5.041439 seconds and try again... (tryings = 475, bot id = 8737871300)
2026-07-08 16:40:23 | ERROR    | aiogram.dispatcher | Failed to fetch updates - TelegramConflictError: Telegram server says - Conflict: terminated by other getUpdates request; make sure that only one bot instance is running
2026-07-08 16:40:23 | WARNING  | aiogram.dispatcher | Sleep for 5.026496 seconds and try again... (tryings = 476, bot id = 8737871300)
2026-07-08 16:40:33 | ERROR    | aiogram.dispatcher | Failed to fetch updates - TelegramConflictError: Telegram server says - Conflict: terminated by other getUpdates request; make sure that only one bot instance is running
2026-07-08 16:40:33 | WARNING  | aiogram.dispatcher | Sleep for 4.872255 seconds and try again... (tryings = 477, bot id = 8737871300)
2026-07-08 16:40:43 | ERROR    | aiogram.dispatcher | Failed to fetch updates - TelegramConflictError: Telegram server says - Conflict: terminated by other getUpdates request; make sure that only one bot instance is running
2026-07-08 16:40:43 | WARNING  | aiogram.dispatcher | Sleep for 4.778630 seconds and try again... (tryings = 478, bot id = 8737871300)
2026-07-08 16:40:53 | ERROR    | aiogram.dispatcher | Failed to fetch updates - TelegramConflictError: Telegram server says - Conflict: terminated by other getUpdates request; make sure that only one bot instance is running
2026-07-08 16:40:53 | WARNING  | aiogram.dispatcher | Sleep for 5.119665 seconds and try again... (tryings = 479, bot id = 8737871300)
2026-07-08 16:41:04 | ERROR    | aiogram.dispatcher | Failed to fetch updates - TelegramConflictError: Telegram server says - Conflict: terminated by other getUpdates request; make sure that only one bot instance is running
2026-07-08 16:41:04 | WARNING  | aiogram.dispatcher | Sleep for 4.872959 seconds and try again... (tryings = 480, bot id = 8737871300)
2026-07-08 16:41:14 | ERROR    | aiogram.dispatcher | Failed to fetch updates - TelegramConflictError: Telegram server says - Conflict: terminated by other getUpdates request; make sure that only one bot instance is running
2026-07-08 16:41:14 | WARNING  | aiogram.dispatcher | Sleep for 5.181042 seconds and try again... (tryings = 481, bot id = 8737871300)
2026-07-08 16:41:25 | ERROR    | aiogram.dispatcher | Failed to fetch updates - TelegramConflictError: Telegram server says - Conflict: terminated by other getUpdates request; make sure that only one bot instance is running
2026-07-08 16:41:25 | WARNING  | aiogram.dispatcher | Sleep for 5.001705 seconds and try again... (tryings = 482, bot id = 8737871300)
2026-07-08 16:41:35 | ERROR    | aiogram.dispatcher | Failed to fetch updates - TelegramConflictError: Telegram server says - Conflict: terminated by other getUpdates request; make sure that only one bot instance is running
2026-07-08 16:41:35 | WARNING  | aiogram.dispatcher | Sleep for 5.063024 seconds and try again... (tryings = 483, bot id = 8737871300)
2026-07-08 16:41:45 | ERROR    | aiogram.dispatcher | Failed to fetch updates - TelegramConflictError: Telegram server says - Conflict: terminated by other getUpdates request; make sure that only one bot instance is running
2026-07-08 16:41:45 | WARNING  | aiogram.dispatcher | Sleep for 4.883512 seconds and try again... (tryings = 484, bot id = 8737871300)
2026-07-08 16:41:56 | ERROR    | aiogram.dispatcher | Failed to fetch updates - TelegramConflictError: Telegram server says - Conflict: terminated by other getUpdates request; make sure that only one bot instance is running
2026-07-08 16:41:56 | WARNING  | aiogram.dispatcher | Sleep for 4.981897 seconds and try again... (tryings = 485, bot id = 8737871300)
2026-07-08 16:42:06 | ERROR    | aiogram.dispatcher | Failed to fetch updates - TelegramConflictError: Telegram server says - Conflict: terminated by other getUpdates request; make sure that only one bot instance is running
2026-07-08 16:42:06 | WARNING  | aiogram.dispatcher | Sleep for 4.939843 seconds and try again... (tryings = 486, bot id = 8737871300)
2026-07-08 16:42:16 | ERROR    | aiogram.dispatcher | Failed to fetch updates - TelegramConflictError: Telegram server says - Conflict: terminated by other getUpdates request; make sure that only one bot instance is running
2026-07-08 16:42:16 | WARNING  | aiogram.dispatcher | Sleep for 4.921008 seconds and try again... (tryings = 487, bot id = 8737871300)
2026-07-08 16:42:27 | ERROR    | aiogram.dispatcher | Failed to fetch updates - TelegramConflictError: Telegram server says - Conflict: terminated by other getUpdates request; make sure that only one bot instance is running
2026-07-08 16:42:27 | WARNING  | aiogram.dispatcher | Sleep for 5.014190 seconds and try again... (tryings = 488, bot id = 8737871300)
2026-07-08 16:42:37 | ERROR    | aiogram.dispatcher | Failed to fetch updates - TelegramConflictError: Telegram server says - Conflict: terminated by other getUpdates request; make sure that only one bot instance is running
2026-07-08 16:42:37 | WARNING  | aiogram.dispatcher | Sleep for 4.892592 seconds and try again... (tryings = 489, bot id = 8737871300)
2026-07-08 16:42:47 | ERROR    | aiogram.dispatcher | Failed to fetch updates - TelegramConflictError: Telegram server says - Conflict: terminated by other getUpdates request; make sure that only one bot instance is running
2026-07-08 16:42:47 | WARNING  | aiogram.dispatcher | Sleep for 4.880146 seconds and try again... (tryings = 490, bot id = 8737871300)
2026-07-08 16:42:58 | ERROR    | aiogram.dispatcher | Failed to fetch updates - TelegramConflictError: Telegram server says - Conflict: terminated by other getUpdates request; make sure that only one bot instance is running
2026-07-08 16:42:58 | WARNING  | aiogram.dispatcher | Sleep for 4.949979 seconds and try again... (tryings = 491, bot id = 8737871300)
2026-07-08 16:43:08 | ERROR    | aiogram.dispatcher | Failed to fetch updates - TelegramConflictError: Telegram server says - Conflict: terminated by other getUpdates request; make sure that only one bot instance is running
2026-07-08 16:43:08 | WARNING  | aiogram.dispatcher | Sleep for 5.060660 seconds and try again... (tryings = 492, bot id = 8737871300)
2026-07-08 16:43:18 | ERROR    | aiogram.dispatcher | Failed to fetch updates - TelegramConflictError: Telegram server says - Conflict: terminated by other getUpdates request; make sure that only one bot instance is running
2026-07-08 16:43:18 | WARNING  | aiogram.dispatcher | Sleep for 4.953267 seconds and try again... (tryings = 493, bot id = 8737871300)
2026-07-08 16:43:29 | ERROR    | aiogram.dispatcher | Failed to fetch updates - TelegramConflictError: Telegram server says - Conflict: terminated by other getUpdates request; make sure that only one bot instance is running
2026-07-08 16:43:29 | WARNING  | aiogram.dispatcher | Sleep for 5.090155 seconds and try again... (tryings = 494, bot id = 8737871300)
2026-07-08 16:43:39 | ERROR    | aiogram.dispatcher | Failed to fetch updates - TelegramConflictError: Telegram server says - Conflict: terminated by other getUpdates request; make sure that only one bot instance is running
2026-07-08 16:43:39 | WARNING  | aiogram.dispatcher | Sleep for 5.030033 seconds and try again... (tryings = 495, bot id = 8737871300)
2026-07-08 16:43:50 | ERROR    | aiogram.dispatcher | Failed to fetch updates - TelegramConflictError: Telegram server says - Conflict: terminated by other getUpdates request; make sure that only one bot instance is running
2026-07-08 16:43:50 | WARNING  | aiogram.dispatcher | Sleep for 5.020832 seconds and try again... (tryings = 496, bot id = 8737871300)
2026-07-08 16:44:00 | ERROR    | aiogram.dispatcher | Failed to fetch updates - TelegramConflictError: Telegram server says - Conflict: terminated by other getUpdates request; make sure that only one bot instance is running
2026-07-08 16:44:00 | WARNING  | aiogram.dispatcher | Sleep for 4.917682 seconds and try again... (tryings = 497, bot id = 8737871300)
2026-07-08 16:44:10 | ERROR    | aiogram.dispatcher | Failed to fetch updates - TelegramConflictError: Telegram server says - Conflict: terminated by other getUpdates request; make sure that only one bot instance is running
2026-07-08 16:44:10 | WARNING  | aiogram.dispatcher | Sleep for 4.905478 seconds and try again... (tryings = 498, bot id = 8737871300)
2026-07-08 16:44:21 | ERROR    | aiogram.dispatcher | Failed to fetch updates - TelegramConflictError: Telegram server says - Conflict: terminated by other getUpdates request; make sure that only one bot instance is running
2026-07-08 16:44:21 | WARNING  | aiogram.dispatcher | Sleep for 4.971840 seconds and try again... (tryings = 499, bot id = 8737871300)
2026-07-08 16:44:31 | ERROR    | aiogram.dispatcher | Failed to fetch updates - TelegramConflictError: Telegram server says - Conflict: terminated by other getUpdates request; make sure that only one bot instance is running
2026-07-08 16:44:31 | WARNING  | aiogram.dispatcher | Sleep for 5.033634 seconds and try again... (tryings = 500, bot id = 8737871300)
2026-07-08 16:44:41 | ERROR    | aiogram.dispatcher | Failed to fetch updates - TelegramConflictError: Telegram server says - Conflict: terminated by other getUpdates request; make sure that only one bot instance is running
2026-07-08 16:44:41 | WARNING  | aiogram.dispatcher | Sleep for 5.030111 seconds and try again... (tryings = 501, bot id = 8737871300)
2026-07-08 16:44:52 | ERROR    | aiogram.dispatcher | Failed to fetch updates - TelegramConflictError: Telegram server says - Conflict: terminated by other getUpdates request; make sure that only one bot instance is running
2026-07-08 16:44:52 | WARNING  | aiogram.dispatcher | Sleep for 5.071713 seconds and try again... (tryings = 502, bot id = 8737871300)
2026-07-08 16:45:02 | ERROR    | aiogram.dispatcher | Failed to fetch updates - TelegramConflictError: Telegram server says - Conflict: terminated by other getUpdates request; make sure that only one bot instance is running
2026-07-08 16:45:02 | WARNING  | aiogram.dispatcher | Sleep for 5.037334 seconds and try again... (tryings = 503, bot id = 8737871300)
2026-07-08 16:45:13 | ERROR    | aiogram.dispatcher | Failed to fetch updates - TelegramConflictError: Telegram server says - Conflict: terminated by other getUpdates request; make sure that only one bot instance is running
2026-07-08 16:45:13 | WARNING  | aiogram.dispatcher | Sleep for 5.130430 seconds and try again... (tryings = 504, bot id = 8737871300)
2026-07-08 16:45:23 | ERROR    | aiogram.dispatcher | Failed to fetch updates - TelegramConflictError: Telegram server says - Conflict: terminated by other getUpdates request; make sure that only one bot instance is running
2026-07-08 16:45:23 | WARNING  | aiogram.dispatcher | Sleep for 4.980479 seconds and try again... (tryings = 505, bot id = 8737871300)
2026-07-08 16:45:33 | ERROR    | aiogram.dispatcher | Failed to fetch updates - TelegramConflictError: Telegram server says - Conflict: terminated by other getUpdates request; make sure that only one bot instance is running
2026-07-08 16:45:33 | WARNING  | aiogram.dispatcher | Sleep for 5.049965 seconds and try again... (tryings = 506, bot id = 8737871300)
2026-07-08 16:45:44 | ERROR    | aiogram.dispatcher | Failed to fetch updates - TelegramConflictError: Telegram server says - Conflict: terminated by other getUpdates request; make sure that only one bot instance is running
2026-07-08 16:45:44 | WARNING  | aiogram.dispatcher | Sleep for 4.898617 seconds and try again... (tryings = 507, bot id = 8737871300)
2026-07-08 16:45:54 | ERROR    | aiogram.dispatcher | Failed to fetch updates - TelegramConflictError: Telegram server says - Conflict: terminated by other getUpdates request; make sure that only one bot instance is running
2026-07-08 16:45:54 | WARNING  | aiogram.dispatcher | Sleep for 4.980210 seconds and try again... (tryings = 508, bot id = 8737871300)
2026-07-08 16:46:04 | ERROR    | aiogram.dispatcher | Failed to fetch updates - TelegramConflictError: Telegram server says - Conflict: terminated by other getUpdates request; make sure that only one bot instance is running
2026-07-08 16:46:04 | WARNING  | aiogram.dispatcher | Sleep for 5.018018 seconds and try again... (tryings = 509, bot id = 8737871300)
2026-07-08 16:46:15 | ERROR    | aiogram.dispatcher | Failed to fetch updates - TelegramConflictError: Telegram server says - Conflict: terminated by other getUpdates request; make sure that only one bot instance is running
2026-07-08 16:46:15 | WARNING  | aiogram.dispatcher | Sleep for 5.015309 seconds and try again... (tryings = 510, bot id = 8737871300)
2026-07-08 16:46:25 | ERROR    | aiogram.dispatcher | Failed to fetch updates - TelegramConflictError: Telegram server says - Conflict: terminated by other getUpdates request; make sure that only one bot instance is running
2026-07-08 16:46:25 | WARNING  | aiogram.dispatcher | Sleep for 4.814606 seconds and try again... (tryings = 511, bot id = 8737871300)
2026-07-08 16:46:35 | ERROR    | aiogram.dispatcher | Failed to fetch updates - TelegramConflictError: Telegram server says - Conflict: terminated by other getUpdates request; make sure that only one bot instance is running
2026-07-08 16:46:35 | WARNING  | aiogram.dispatcher | Sleep for 4.829464 seconds and try again... (tryings = 512, bot id = 8737871300)
2026-07-08 16:46:45 | ERROR    | aiogram.dispatcher | Failed to fetch updates - TelegramConflictError: Telegram server says - Conflict: terminated by other getUpdates request; make sure that only one bot instance is running
2026-07-08 16:46:45 | WARNING  | aiogram.dispatcher | Sleep for 5.076715 seconds and try again... (tryings = 513, bot id = 8737871300)
2026-07-08 16:46:56 | ERROR    | aiogram.dispatcher | Failed to fetch updates - TelegramConflictError: Telegram server says - Conflict: terminated by other getUpdates request; make sure that only one bot instance is running
2026-07-08 16:46:56 | WARNING  | aiogram.dispatcher | Sleep for 4.982807 seconds and try again... (tryings = 514, bot id = 8737871300)
2026-07-08 16:47:06 | ERROR    | aiogram.dispatcher | Failed to fetch updates - TelegramConflictError: Telegram server says - Conflict: terminated by other getUpdates request; make sure that only one bot instance is running
2026-07-08 16:47:06 | WARNING  | aiogram.dispatcher | Sleep for 5.030198 seconds and try again... (tryings = 515, bot id = 8737871300)
2026-07-08 16:47:16 | ERROR    | aiogram.dispatcher | Failed to fetch updates - TelegramConflictError: Telegram server says - Conflict: terminated by other getUpdates request; make sure that only one bot instance is running
2026-07-08 16:47:16 | WARNING  | aiogram.dispatcher | Sleep for 4.986867 seconds and try again... (tryings = 516, bot id = 8737871300)
2026-07-08 16:47:27 | ERROR    | aiogram.dispatcher | Failed to fetch updates - TelegramConflictError: Telegram server says - Conflict: terminated by other getUpdates request; make sure that only one bot instance is running
2026-07-08 16:47:27 | WARNING  | aiogram.dispatcher | Sleep for 4.873767 seconds and try again... (tryings = 517, bot id = 8737871300)
2026-07-08 16:47:37 | ERROR    | aiogram.dispatcher | Failed to fetch updates - TelegramConflictError: Telegram server says - Conflict: terminated by other getUpdates request; make sure that only one bot instance is running
2026-07-08 16:47:37 | WARNING  | aiogram.dispatcher | Sleep for 4.998371 seconds and try again... (tryings = 518, bot id = 8737871300)
2026-07-08 16:47:47 | ERROR    | aiogram.dispatcher | Failed to fetch updates - TelegramConflictError: Telegram server says - Conflict: terminated by other getUpdates request; make sure that only one bot instance is running
2026-07-08 16:47:47 | WARNING  | aiogram.dispatcher | Sleep for 5.143231 seconds and try again... (tryings = 519, bot id = 8737871300)
2026-07-08 16:47:57 | ERROR    | aiogram.dispatcher | Failed to fetch updates - TelegramConflictError: Telegram server says - Conflict: terminated by other getUpdates request; make sure that only one bot instance is running
2026-07-08 16:47:57 | WARNING  | aiogram.dispatcher | Sleep for 5.205450 seconds and try again... (tryings = 520, bot id = 8737871300)
2026-07-08 16:48:08 | ERROR    | aiogram.dispatcher | Failed to fetch updates - TelegramConflictError: Telegram server says - Conflict: terminated by other getUpdates request; make sure that only one bot instance is running
2026-07-08 16:48:08 | WARNING  | aiogram.dispatcher | Sleep for 4.908825 seconds and try again... (tryings = 521, bot id = 8737871300)
2026-07-08 16:48:18 | ERROR    | aiogram.dispatcher | Failed to fetch updates - TelegramConflictError: Telegram server says - Conflict: terminated by other getUpdates request; make sure that only one bot instance is running
2026-07-08 16:48:18 | WARNING  | aiogram.dispatcher | Sleep for 5.161011 seconds and try again... (tryings = 522, bot id = 8737871300)
2026-07-08 16:48:29 | ERROR    | aiogram.dispatcher | Failed to fetch updates - TelegramConflictError: Telegram server says - Conflict: terminated by other getUpdates request; make sure that only one bot instance is running
2026-07-08 16:48:29 | WARNING  | aiogram.dispatcher | Sleep for 4.841165 seconds and try again... (tryings = 523, bot id = 8737871300)
2026-07-08 16:48:39 | ERROR    | aiogram.dispatcher | Failed to fetch updates - TelegramConflictError: Telegram server says - Conflict: terminated by other getUpdates request; make sure that only one bot instance is running
2026-07-08 16:48:39 | WARNING  | aiogram.dispatcher | Sleep for 4.838719 seconds and try again... (tryings = 524, bot id = 8737871300)
2026-07-08 16:48:49 | ERROR    | aiogram.dispatcher | Failed to fetch updates - TelegramConflictError: Telegram server says - Conflict: terminated by other getUpdates request; make sure that only one bot instance is running
2026-07-08 16:48:49 | WARNING  | aiogram.dispatcher | Sleep for 4.869212 seconds and try again... (tryings = 525, bot id = 8737871300)
2026-07-08 16:48:59 | ERROR    | aiogram.dispatcher | Failed to fetch updates - TelegramConflictError: Telegram server says - Conflict: terminated by other getUpdates request; make sure that only one bot instance is running
2026-07-08 16:48:59 | WARNING  | aiogram.dispatcher | Sleep for 4.986775 seconds and try again... (tryings = 526, bot id = 8737871300)
2026-07-08 16:49:09 | ERROR    | aiogram.dispatcher | Failed to fetch updates - TelegramConflictError: Telegram server says - Conflict: terminated by other getUpdates request; make sure that only one bot instance is running
2026-07-08 16:49:09 | WARNING  | aiogram.dispatcher | Sleep for 5.038304 seconds and try again... (tryings = 527, bot id = 8737871300)
2026-07-08 16:49:20 | ERROR    | aiogram.dispatcher | Failed to fetch updates - TelegramConflictError: Telegram server says - Conflict: terminated by other getUpdates request; make sure that only one bot instance is running
2026-07-08 16:49:20 | WARNING  | aiogram.dispatcher | Sleep for 4.974668 seconds and try again... (tryings = 528, bot id = 8737871300)
2026-07-08 16:49:30 | ERROR    | aiogram.dispatcher | Failed to fetch updates - TelegramConflictError: Telegram server says - Conflict: terminated by other getUpdates request; make sure that only one bot instance is running
2026-07-08 16:49:30 | WARNING  | aiogram.dispatcher | Sleep for 5.019723 seconds and try again... (tryings = 529, bot id = 8737871300)
2026-07-08 16:49:40 | ERROR    | aiogram.dispatcher | Failed to fetch updates - TelegramConflictError: Telegram server says - Conflict: terminated by other getUpdates request; make sure that only one bot instance is running
2026-07-08 16:49:40 | WARNING  | aiogram.dispatcher | Sleep for 5.059936 seconds and try again... (tryings = 530, bot id = 8737871300)
2026-07-08 16:49:51 | ERROR    | aiogram.dispatcher | Failed to fetch updates - TelegramConflictError: Telegram server says - Conflict: terminated by other getUpdates request; make sure that only one bot instance is running
2026-07-08 16:49:51 | WARNING  | aiogram.dispatcher | Sleep for 5.051957 seconds and try again... (tryings = 531, bot id = 8737871300)
2026-07-08 16:50:01 | ERROR    | aiogram.dispatcher | Failed to fetch updates - TelegramConflictError: Telegram server says - Conflict: terminated by other getUpdates request; make sure that only one bot instance is running
2026-07-08 16:50:01 | WARNING  | aiogram.dispatcher | Sleep for 4.846157 seconds and try again... (tryings = 532, bot id = 8737871300)
2026-07-08 16:50:12 | ERROR    | aiogram.dispatcher | Failed to fetch updates - TelegramConflictError: Telegram server says - Conflict: terminated by other getUpdates request; make sure that only one bot instance is running
2026-07-08 16:50:12 | WARNING  | aiogram.dispatcher | Sleep for 5.037106 seconds and try again... (tryings = 533, bot id = 8737871300)
2026-07-08 16:50:22 | ERROR    | aiogram.dispatcher | Failed to fetch updates - TelegramConflictError: Telegram server says - Conflict: terminated by other getUpdates request; make sure that only one bot instance is running
2026-07-08 16:50:22 | WARNING  | aiogram.dispatcher | Sleep for 5.145654 seconds and try again... (tryings = 534, bot id = 8737871300)
2026-07-08 16:50:33 | ERROR    | aiogram.dispatcher | Failed to fetch updates - TelegramConflictError: Telegram server says - Conflict: terminated by other getUpdates request; make sure that only one bot instance is running
2026-07-08 16:50:33 | WARNING  | aiogram.dispatcher | Sleep for 4.917692 seconds and try again... (tryings = 535, bot id = 8737871300)
2026-07-08 16:50:43 | ERROR    | aiogram.dispatcher | Failed to fetch updates - TelegramConflictError: Telegram server says - Conflict: terminated by other getUpdates request; make sure that only one bot instance is running
2026-07-08 16:50:43 | WARNING  | aiogram.dispatcher | Sleep for 4.978150 seconds and try again... (tryings = 536, bot id = 8737871300)
2026-07-08 16:50:53 | ERROR    | aiogram.dispatcher | Failed to fetch updates - TelegramConflictError: Telegram server says - Conflict: terminated by other getUpdates request; make sure that only one bot instance is running
2026-07-08 16:50:53 | WARNING  | aiogram.dispatcher | Sleep for 5.039473 seconds and try again... (tryings = 537, bot id = 8737871300)
2026-07-08 16:51:03 | ERROR    | aiogram.dispatcher | Failed to fetch updates - TelegramConflictError: Telegram server says - Conflict: terminated by other getUpdates request; make sure that only one bot instance is running
2026-07-08 16:51:03 | WARNING  | aiogram.dispatcher | Sleep for 4.807912 seconds and try again... (tryings = 538, bot id = 8737871300)
2026-07-08 16:51:14 | ERROR    | aiogram.dispatcher | Failed to fetch updates - TelegramConflictError: Telegram server says - Conflict: terminated by other getUpdates request; make sure that only one bot instance is running
2026-07-08 16:51:14 | WARNING  | aiogram.dispatcher | Sleep for 4.894169 seconds and try again... (tryings = 539, bot id = 8737871300)
2026-07-08 16:51:24 | ERROR    | aiogram.dispatcher | Failed to fetch updates - TelegramConflictError: Telegram server says - Conflict: terminated by other getUpdates request; make sure that only one bot instance is running
2026-07-08 16:51:24 | WARNING  | aiogram.dispatcher | Sleep for 4.917233 seconds and try again... (tryings = 540, bot id = 8737871300)
2026-07-08 16:51:34 | ERROR    | aiogram.dispatcher | Failed to fetch updates - TelegramConflictError: Telegram server says - Conflict: terminated by other getUpdates request; make sure that only one bot instance is running
2026-07-08 16:51:34 | WARNING  | aiogram.dispatcher | Sleep for 4.934871 seconds and try again... (tryings = 541, bot id = 8737871300)
2026-07-08 16:51:45 | ERROR    | aiogram.dispatcher | Failed to fetch updates - TelegramConflictError: Telegram server says - Conflict: terminated by other getUpdates request; make sure that only one bot instance is running
2026-07-08 16:51:45 | WARNING  | aiogram.dispatcher | Sleep for 4.988778 seconds and try again... (tryings = 542, bot id = 8737871300)
2026-07-08 16:51:55 | ERROR    | aiogram.dispatcher | Failed to fetch updates - TelegramConflictError: Telegram server says - Conflict: terminated by other getUpdates request; make sure that only one bot instance is running
2026-07-08 16:51:55 | WARNING  | aiogram.dispatcher | Sleep for 5.135181 seconds and try again... (tryings = 543, bot id = 8737871300)
2026-07-08 16:52:05 | ERROR    | aiogram.dispatcher | Failed to fetch updates - TelegramConflictError: Telegram server says - Conflict: terminated by other getUpdates request; make sure that only one bot instance is running
2026-07-08 16:52:05 | WARNING  | aiogram.dispatcher | Sleep for 4.748707 seconds and try again... (tryings = 544, bot id = 8737871300)
2026-07-08 16:52:16 | ERROR    | aiogram.dispatcher | Failed to fetch updates - TelegramConflictError: Telegram server says - Conflict: terminated by other getUpdates request; make sure that only one bot instance is running
2026-07-08 16:52:16 | WARNING  | aiogram.dispatcher | Sleep for 5.046996 seconds and try again... (tryings = 545, bot id = 8737871300)
2026-07-08 16:52:26 | ERROR    | aiogram.dispatcher | Failed to fetch updates - TelegramConflictError: Telegram server says - Conflict: terminated by other getUpdates request; make sure that only one bot instance is running
2026-07-08 16:52:26 | WARNING  | aiogram.dispatcher | Sleep for 4.788385 seconds and try again... (tryings = 546, bot id = 8737871300)
2026-07-08 16:52:36 | ERROR    | aiogram.dispatcher | Failed to fetch updates - TelegramConflictError: Telegram server says - Conflict: terminated by other getUpdates request; make sure that only one bot instance is running
2026-07-08 16:52:36 | WARNING  | aiogram.dispatcher | Sleep for 5.004485 seconds and try again... (tryings = 547, bot id = 8737871300)
2026-07-08 16:52:46 | ERROR    | aiogram.dispatcher | Failed to fetch updates - TelegramConflictError: Telegram server says - Conflict: terminated by other getUpdates request; make sure that only one bot instance is running
2026-07-08 16:52:46 | WARNING  | aiogram.dispatcher | Sleep for 5.024402 seconds and try again... (tryings = 548, bot id = 8737871300)
2026-07-08 16:52:57 | ERROR    | aiogram.dispatcher | Failed to fetch updates - TelegramConflictError: Telegram server says - Conflict: terminated by other getUpdates request; make sure that only one bot instance is running
2026-07-08 16:52:57 | WARNING  | aiogram.dispatcher | Sleep for 5.076446 seconds and try again... (tryings = 549, bot id = 8737871300)
2026-07-08 16:53:07 | ERROR    | aiogram.dispatcher | Failed to fetch updates - TelegramConflictError: Telegram server says - Conflict: terminated by other getUpdates request; make sure that only one bot instance is running
2026-07-08 16:53:07 | WARNING  | aiogram.dispatcher | Sleep for 4.987089 seconds and try again... (tryings = 550, bot id = 8737871300)
2026-07-08 16:53:18 | ERROR    | aiogram.dispatcher | Failed to fetch updates - TelegramConflictError: Telegram server says - Conflict: terminated by other getUpdates request; make sure that only one bot instance is running
2026-07-08 16:53:18 | WARNING  | aiogram.dispatcher | Sleep for 4.919158 seconds and try again... (tryings = 551, bot id = 8737871300)
2026-07-08 16:53:28 | ERROR    | aiogram.dispatcher | Failed to fetch updates - TelegramConflictError: Telegram server says - Conflict: terminated by other getUpdates request; make sure that only one bot instance is running
2026-07-08 16:53:28 | WARNING  | aiogram.dispatcher | Sleep for 4.893396 seconds and try again... (tryings = 552, bot id = 8737871300)
2026-07-08 16:53:38 | ERROR    | aiogram.dispatcher | Failed to fetch updates - TelegramConflictError: Telegram server says - Conflict: terminated by other getUpdates request; make sure that only one bot instance is running
2026-07-08 16:53:38 | WARNING  | aiogram.dispatcher | Sleep for 4.923829 seconds and try again... (tryings = 553, bot id = 8737871300)
2026-07-08 16:53:48 | ERROR    | aiogram.dispatcher | Failed to fetch updates - TelegramConflictError: Telegram server says - Conflict: terminated by other getUpdates request; make sure that only one bot instance is running
2026-07-08 16:53:48 | WARNING  | aiogram.dispatcher | Sleep for 4.986565 seconds and try again... (tryings = 554, bot id = 8737871300)
2026-07-08 16:53:58 | ERROR    | aiogram.dispatcher | Failed to fetch updates - TelegramConflictError: Telegram server says - Conflict: terminated by other getUpdates request; make sure that only one bot instance is running
2026-07-08 16:53:58 | WARNING  | aiogram.dispatcher | Sleep for 4.923326 seconds and try again... (tryings = 555, bot id = 8737871300)
2026-07-08 16:54:09 | ERROR    | aiogram.dispatcher | Failed to fetch updates - TelegramConflictError: Telegram server says - Conflict: terminated by other getUpdates request; make sure that only one bot instance is running
2026-07-08 16:54:09 | WARNING  | aiogram.dispatcher | Sleep for 5.018861 seconds and try again... (tryings = 556, bot id = 8737871300)
2026-07-08 16:54:19 | ERROR    | aiogram.dispatcher | Failed to fetch updates - TelegramConflictError: Telegram server says - Conflict: terminated by other getUpdates request; make sure that only one bot instance is running
2026-07-08 16:54:19 | WARNING  | aiogram.dispatcher | Sleep for 5.117834 seconds and try again... (tryings = 557, bot id = 8737871300)
2026-07-08 16:54:30 | ERROR    | aiogram.dispatcher | Failed to fetch updates - TelegramConflictError: Telegram server says - Conflict: terminated by other getUpdates request; make sure that only one bot instance is running
2026-07-08 16:54:30 | WARNING  | aiogram.dispatcher | Sleep for 4.908096 seconds and try again... (tryings = 558, bot id = 8737871300)
2026-07-08 16:54:40 | ERROR    | aiogram.dispatcher | Failed to fetch updates - TelegramConflictError: Telegram server says - Conflict: terminated by other getUpdates request; make sure that only one bot instance is running
2026-07-08 16:54:40 | WARNING  | aiogram.dispatcher | Sleep for 5.132866 seconds and try again... (tryings = 559, bot id = 8737871300)
2026-07-08 16:55:56 | ERROR    | aiogram.dispatcher | Failed to fetch updates - TelegramNetworkError: HTTP Client says - Request timeout error
2026-07-08 16:55:56 | WARNING  | aiogram.dispatcher | Sleep for 5.007830 seconds and try again... (tryings = 560, bot id = 8737871300)
2026-07-08 16:56:22 | ERROR    | aiogram.dispatcher | Failed to fetch updates - TelegramNetworkError: HTTP Client says - ClientConnectorError: Cannot connect to host api.telegram.org:443 ssl:default [Превышен таймаут семафора]
2026-07-08 16:56:22 | WARNING  | aiogram.dispatcher | Sleep for 5.172101 seconds and try again... (tryings = 561, bot id = 8737871300)
2026-07-08 16:56:48 | ERROR    | aiogram.dispatcher | Failed to fetch updates - TelegramNetworkError: HTTP Client says - ClientConnectorError: Cannot connect to host api.telegram.org:443 ssl:default [Превышен таймаут семафора]
2026-07-08 16:56:48 | WARNING  | aiogram.dispatcher | Sleep for 5.046523 seconds and try again... (tryings = 562, bot id = 8737871300)
2026-07-08 16:57:13 | ERROR    | aiogram.dispatcher | Failed to fetch updates - TelegramConflictError: Telegram server says - Conflict: terminated by other getUpdates request; make sure that only one bot instance is running
2026-07-08 16:57:13 | WARNING  | aiogram.dispatcher | Sleep for 5.107036 seconds and try again... (tryings = 563, bot id = 8737871300)
2026-07-08 16:57:22 | ERROR    | aiogram.dispatcher | Failed to fetch updates - TelegramConflictError: Telegram server says - Conflict: terminated by other getUpdates request; make sure that only one bot instance is running
2026-07-08 16:57:22 | WARNING  | aiogram.dispatcher | Sleep for 4.834796 seconds and try again... (tryings = 564, bot id = 8737871300)
2026-07-08 16:57:32 | ERROR    | aiogram.dispatcher | Failed to fetch updates - TelegramConflictError: Telegram server says - Conflict: terminated by other getUpdates request; make sure that only one bot instance is running
2026-07-08 16:57:32 | WARNING  | aiogram.dispatcher | Sleep for 5.201388 seconds and try again... (tryings = 565, bot id = 8737871300)
2026-07-08 16:57:43 | ERROR    | aiogram.dispatcher | Failed to fetch updates - TelegramConflictError: Telegram server says - Conflict: terminated by other getUpdates request; make sure that only one bot instance is running
2026-07-08 16:57:43 | WARNING  | aiogram.dispatcher | Sleep for 4.971057 seconds and try again... (tryings = 566, bot id = 8737871300)
2026-07-08 16:57:51 | ERROR    | aiogram.dispatcher | Failed to fetch updates - TelegramConflictError: Telegram server says - Conflict: terminated by other getUpdates request; make sure that only one bot instance is running
2026-07-08 16:57:51 | WARNING  | aiogram.dispatcher | Sleep for 5.286340 seconds and try again... (tryings = 567, bot id = 8737871300)
2026-07-08 16:58:00 | ERROR    | aiogram.dispatcher | Failed to fetch updates - TelegramConflictError: Telegram server says - Conflict: terminated by other getUpdates request; make sure that only one bot instance is running
2026-07-08 16:58:00 | WARNING  | aiogram.dispatcher | Sleep for 4.925368 seconds and try again... (tryings = 568, bot id = 8737871300)
2026-07-08 16:58:10 | ERROR    | aiogram.dispatcher | Failed to fetch updates - TelegramConflictError: Telegram server says - Conflict: terminated by other getUpdates request; make sure that only one bot instance is running
2026-07-08 16:58:10 | WARNING  | aiogram.dispatcher | Sleep for 4.888078 seconds and try again... (tryings = 569, bot id = 8737871300)
2026-07-08 16:58:21 | ERROR    | aiogram.dispatcher | Failed to fetch updates - TelegramConflictError: Telegram server says - Conflict: terminated by other getUpdates request; make sure that only one bot instance is running
2026-07-08 16:58:21 | WARNING  | aiogram.dispatcher | Sleep for 5.025895 seconds and try again... (tryings = 570, bot id = 8737871300)
2026-07-08 16:58:31 | ERROR    | aiogram.dispatcher | Failed to fetch updates - TelegramConflictError: Telegram server says - Conflict: terminated by other getUpdates request; make sure that only one bot instance is running
2026-07-08 16:58:31 | WARNING  | aiogram.dispatcher | Sleep for 5.073481 seconds and try again... (tryings = 571, bot id = 8737871300)
2026-07-08 16:58:41 | ERROR    | aiogram.dispatcher | Failed to fetch updates - TelegramConflictError: Telegram server says - Conflict: terminated by other getUpdates request; make sure that only one bot instance is running
2026-07-08 16:58:41 | WARNING  | aiogram.dispatcher | Sleep for 5.088139 seconds and try again... (tryings = 572, bot id = 8737871300)
2026-07-08 16:58:52 | ERROR    | aiogram.dispatcher | Failed to fetch updates - TelegramConflictError: Telegram server says - Conflict: terminated by other getUpdates request; make sure that only one bot instance is running
2026-07-08 16:58:52 | WARNING  | aiogram.dispatcher | Sleep for 4.950819 seconds and try again... (tryings = 573, bot id = 8737871300)
2026-07-08 16:59:02 | ERROR    | aiogram.dispatcher | Failed to fetch updates - TelegramConflictError: Telegram server says - Conflict: terminated by other getUpdates request; make sure that only one bot instance is running
2026-07-08 16:59:02 | WARNING  | aiogram.dispatcher | Sleep for 4.977977 seconds and try again... (tryings = 574, bot id = 8737871300)
2026-07-08 16:59:12 | ERROR    | aiogram.dispatcher | Failed to fetch updates - TelegramConflictError: Telegram server says - Conflict: terminated by other getUpdates request; make sure that only one bot instance is running
2026-07-08 16:59:12 | WARNING  | aiogram.dispatcher | Sleep for 5.035828 seconds and try again... (tryings = 575, bot id = 8737871300)
2026-07-08 16:59:23 | ERROR    | aiogram.dispatcher | Failed to fetch updates - TelegramConflictError: Telegram server says - Conflict: terminated by other getUpdates request; make sure that only one bot instance is running
2026-07-08 16:59:23 | WARNING  | aiogram.dispatcher | Sleep for 4.956689 seconds and try again... (tryings = 576, bot id = 8737871300)
2026-07-08 16:59:33 | ERROR    | aiogram.dispatcher | Failed to fetch updates - TelegramConflictError: Telegram server says - Conflict: terminated by other getUpdates request; make sure that only one bot instance is running
2026-07-08 16:59:33 | WARNING  | aiogram.dispatcher | Sleep for 5.011876 seconds and try again... (tryings = 577, bot id = 8737871300)
2026-07-08 16:59:43 | ERROR    | aiogram.dispatcher | Failed to fetch updates - TelegramConflictError: Telegram server says - Conflict: terminated by other getUpdates request; make sure that only one bot instance is running
2026-07-08 16:59:43 | WARNING  | aiogram.dispatcher | Sleep for 5.081056 seconds and try again... (tryings = 578, bot id = 8737871300)
2026-07-08 16:59:53 | ERROR    | aiogram.dispatcher | Failed to fetch updates - TelegramConflictError: Telegram server says - Conflict: terminated by other getUpdates request; make sure that only one bot instance is running
2026-07-08 16:59:53 | WARNING  | aiogram.dispatcher | Sleep for 4.953621 seconds and try again... (tryings = 579, bot id = 8737871300)
2026-07-08 17:00:04 | ERROR    | aiogram.dispatcher | Failed to fetch updates - TelegramConflictError: Telegram server says - Conflict: terminated by other getUpdates request; make sure that only one bot instance is running
2026-07-08 17:00:04 | WARNING  | aiogram.dispatcher | Sleep for 4.939248 seconds and try again... (tryings = 580, bot id = 8737871300)
2026-07-08 17:00:14 | ERROR    | aiogram.dispatcher | Failed to fetch updates - TelegramConflictError: Telegram server says - Conflict: terminated by other getUpdates request; make sure that only one bot instance is running
2026-07-08 17:00:14 | WARNING  | aiogram.dispatcher | Sleep for 4.994918 seconds and try again... (tryings = 581, bot id = 8737871300)
2026-07-08 17:00:24 | ERROR    | aiogram.dispatcher | Failed to fetch updates - TelegramConflictError: Telegram server says - Conflict: terminated by other getUpdates request; make sure that only one bot instance is running
2026-07-08 17:00:24 | WARNING  | aiogram.dispatcher | Sleep for 5.017782 seconds and try again... (tryings = 582, bot id = 8737871300)
2026-07-08 17:00:34 | ERROR    | aiogram.dispatcher | Failed to fetch updates - TelegramConflictError: Telegram server says - Conflict: terminated by other getUpdates request; make sure that only one bot instance is running
2026-07-08 17:00:34 | WARNING  | aiogram.dispatcher | Sleep for 5.152840 seconds and try again... (tryings = 583, bot id = 8737871300)
2026-07-08 17:00:45 | ERROR    | aiogram.dispatcher | Failed to fetch updates - TelegramConflictError: Telegram server says - Conflict: terminated by other getUpdates request; make sure that only one bot instance is running
2026-07-08 17:00:45 | WARNING  | aiogram.dispatcher | Sleep for 4.856131 seconds and try again... (tryings = 584, bot id = 8737871300)
2026-07-08 17:00:55 | ERROR    | aiogram.dispatcher | Failed to fetch updates - TelegramConflictError: Telegram server says - Conflict: terminated by other getUpdates request; make sure that only one bot instance is running
2026-07-08 17:00:55 | WARNING  | aiogram.dispatcher | Sleep for 4.965255 seconds and try again... (tryings = 585, bot id = 8737871300)
2026-07-08 17:01:05 | ERROR    | aiogram.dispatcher | Failed to fetch updates - TelegramConflictError: Telegram server says - Conflict: terminated by other getUpdates request; make sure that only one bot instance is running
2026-07-08 17:01:05 | WARNING  | aiogram.dispatcher | Sleep for 4.970043 seconds and try again... (tryings = 586, bot id = 8737871300)
2026-07-08 17:01:15 | ERROR    | aiogram.dispatcher | Failed to fetch updates - TelegramConflictError: Telegram server says - Conflict: terminated by other getUpdates request; make sure that only one bot instance is running
2026-07-08 17:01:15 | WARNING  | aiogram.dispatcher | Sleep for 4.996308 seconds and try again... (tryings = 587, bot id = 8737871300)
2026-07-08 17:01:26 | ERROR    | aiogram.dispatcher | Failed to fetch updates - TelegramConflictError: Telegram server says - Conflict: terminated by other getUpdates request; make sure that only one bot instance is running
2026-07-08 17:01:26 | WARNING  | aiogram.dispatcher | Sleep for 4.897808 seconds and try again... (tryings = 588, bot id = 8737871300)
2026-07-08 17:01:36 | ERROR    | aiogram.dispatcher | Failed to fetch updates - TelegramConflictError: Telegram server says - Conflict: terminated by other getUpdates request; make sure that only one bot instance is running
2026-07-08 17:01:36 | WARNING  | aiogram.dispatcher | Sleep for 4.874751 seconds and try again... (tryings = 589, bot id = 8737871300)
2026-07-08 17:01:46 | ERROR    | aiogram.dispatcher | Failed to fetch updates - TelegramConflictError: Telegram server says - Conflict: terminated by other getUpdates request; make sure that only one bot instance is running
2026-07-08 17:01:46 | WARNING  | aiogram.dispatcher | Sleep for 4.947722 seconds and try again... (tryings = 590, bot id = 8737871300)
2026-07-08 17:01:56 | ERROR    | aiogram.dispatcher | Failed to fetch updates - TelegramConflictError: Telegram server says - Conflict: terminated by other getUpdates request; make sure that only one bot instance is running
2026-07-08 17:01:56 | WARNING  | aiogram.dispatcher | Sleep for 4.951240 seconds and try again... (tryings = 591, bot id = 8737871300)
2026-07-08 17:02:07 | ERROR    | aiogram.dispatcher | Failed to fetch updates - TelegramConflictError: Telegram server says - Conflict: terminated by other getUpdates request; make sure that only one bot instance is running
2026-07-08 17:02:07 | WARNING  | aiogram.dispatcher | Sleep for 4.878568 seconds and try again... (tryings = 592, bot id = 8737871300)
2026-07-08 17:02:17 | ERROR    | aiogram.dispatcher | Failed to fetch updates - TelegramConflictError: Telegram server says - Conflict: terminated by other getUpdates request; make sure that only one bot instance is running
2026-07-08 17:02:17 | WARNING  | aiogram.dispatcher | Sleep for 4.828762 seconds and try again... (tryings = 593, bot id = 8737871300)
2026-07-08 17:02:27 | ERROR    | aiogram.dispatcher | Failed to fetch updates - TelegramConflictError: Telegram server says - Conflict: terminated by other getUpdates request; make sure that only one bot instance is running
2026-07-08 17:02:27 | WARNING  | aiogram.dispatcher | Sleep for 5.080364 seconds and try again... (tryings = 594, bot id = 8737871300)
2026-07-08 17:02:37 | ERROR    | aiogram.dispatcher | Failed to fetch updates - TelegramConflictError: Telegram server says - Conflict: terminated by other getUpdates request; make sure that only one bot instance is running
2026-07-08 17:02:37 | WARNING  | aiogram.dispatcher | Sleep for 4.934394 seconds and try again... (tryings = 595, bot id = 8737871300)
2026-07-08 17:02:48 | ERROR    | aiogram.dispatcher | Failed to fetch updates - TelegramConflictError: Telegram server says - Conflict: terminated by other getUpdates request; make sure that only one bot instance is running
2026-07-08 17:02:48 | WARNING  | aiogram.dispatcher | Sleep for 5.009294 seconds and try again... (tryings = 596, bot id = 8737871300)
2026-07-08 17:02:58 | ERROR    | aiogram.dispatcher | Failed to fetch updates - TelegramConflictError: Telegram server says - Conflict: terminated by other getUpdates request; make sure that only one bot instance is running
2026-07-08 17:02:58 | WARNING  | aiogram.dispatcher | Sleep for 5.177917 seconds and try again... (tryings = 597, bot id = 8737871300)
2026-07-08 17:03:09 | ERROR    | aiogram.dispatcher | Failed to fetch updates - TelegramConflictError: Telegram server says - Conflict: terminated by other getUpdates request; make sure that only one bot instance is running
2026-07-08 17:03:09 | WARNING  | aiogram.dispatcher | Sleep for 4.834092 seconds and try again... (tryings = 598, bot id = 8737871300)
2026-07-08 17:04:24 | ERROR    | aiogram.dispatcher | Failed to fetch updates - TelegramNetworkError: HTTP Client says - Request timeout error
2026-07-08 17:04:24 | WARNING  | aiogram.dispatcher | Sleep for 5.160688 seconds and try again... (tryings = 599, bot id = 8737871300)
2026-07-08 17:04:34 | ERROR    | aiogram.dispatcher | Failed to fetch updates - TelegramConflictError: Telegram server says - Conflict: terminated by other getUpdates request; make sure that only one bot instance is running
2026-07-08 17:04:34 | WARNING  | aiogram.dispatcher | Sleep for 5.066433 seconds and try again... (tryings = 600, bot id = 8737871300)
2026-07-08 17:04:43 | ERROR    | aiogram.dispatcher | Failed to fetch updates - TelegramConflictError: Telegram server says - Conflict: terminated by other getUpdates request; make sure that only one bot instance is running
2026-07-08 17:04:43 | WARNING  | aiogram.dispatcher | Sleep for 4.837064 seconds and try again... (tryings = 601, bot id = 8737871300)
2026-07-08 17:04:53 | ERROR    | aiogram.dispatcher | Failed to fetch updates - TelegramConflictError: Telegram server says - Conflict: terminated by other getUpdates request; make sure that only one bot instance is running
2026-07-08 17:04:53 | WARNING  | aiogram.dispatcher | Sleep for 4.995910 seconds and try again... (tryings = 602, bot id = 8737871300)
2026-07-08 17:05:03 | ERROR    | aiogram.dispatcher | Failed to fetch updates - TelegramConflictError: Telegram server says - Conflict: terminated by other getUpdates request; make sure that only one bot instance is running
2026-07-08 17:05:03 | WARNING  | aiogram.dispatcher | Sleep for 5.075280 seconds and try again... (tryings = 603, bot id = 8737871300)
2026-07-08 17:05:14 | ERROR    | aiogram.dispatcher | Failed to fetch updates - TelegramConflictError: Telegram server says - Conflict: terminated by other getUpdates request; make sure that only one bot instance is running
2026-07-08 17:05:14 | WARNING  | aiogram.dispatcher | Sleep for 5.062789 seconds and try again... (tryings = 604, bot id = 8737871300)
2026-07-08 17:05:23 | ERROR    | aiogram.dispatcher | Failed to fetch updates - TelegramConflictError: Telegram server says - Conflict: terminated by other getUpdates request; make sure that only one bot instance is running
2026-07-08 17:05:23 | WARNING  | aiogram.dispatcher | Sleep for 4.934640 seconds and try again... (tryings = 605, bot id = 8737871300)
2026-07-08 17:05:33 | ERROR    | aiogram.dispatcher | Failed to fetch updates - TelegramConflictError: Telegram server says - Conflict: terminated by other getUpdates request; make sure that only one bot instance is running
2026-07-08 17:05:33 | WARNING  | aiogram.dispatcher | Sleep for 5.117611 seconds and try again... (tryings = 606, bot id = 8737871300)
2026-07-08 17:05:43 | ERROR    | aiogram.dispatcher | Failed to fetch updates - TelegramConflictError: Telegram server says - Conflict: terminated by other getUpdates request; make sure that only one bot instance is running
2026-07-08 17:05:43 | WARNING  | aiogram.dispatcher | Sleep for 4.918037 seconds and try again... (tryings = 607, bot id = 8737871300)
2026-07-08 17:05:54 | ERROR    | aiogram.dispatcher | Failed to fetch updates - TelegramConflictError: Telegram server says - Conflict: terminated by other getUpdates request; make sure that only one bot instance is running
2026-07-08 17:05:54 | WARNING  | aiogram.dispatcher | Sleep for 4.951830 seconds and try again... (tryings = 608, bot id = 8737871300)
2026-07-08 17:06:04 | ERROR    | aiogram.dispatcher | Failed to fetch updates - TelegramConflictError: Telegram server says - Conflict: terminated by other getUpdates request; make sure that only one bot instance is running
2026-07-08 17:06:04 | WARNING  | aiogram.dispatcher | Sleep for 5.084257 seconds and try again... (tryings = 609, bot id = 8737871300)
2026-07-08 17:06:14 | ERROR    | aiogram.dispatcher | Failed to fetch updates - TelegramConflictError: Telegram server says - Conflict: terminated by other getUpdates request; make sure that only one bot instance is running
2026-07-08 17:06:14 | WARNING  | aiogram.dispatcher | Sleep for 5.041311 seconds and try again... (tryings = 610, bot id = 8737871300)
2026-07-08 17:06:24 | ERROR    | aiogram.dispatcher | Failed to fetch updates - TelegramConflictError: Telegram server says - Conflict: terminated by other getUpdates request; make sure that only one bot instance is running
2026-07-08 17:06:24 | WARNING  | aiogram.dispatcher | Sleep for 5.012624 seconds and try again... (tryings = 611, bot id = 8737871300)
2026-07-08 17:06:35 | ERROR    | aiogram.dispatcher | Failed to fetch updates - TelegramConflictError: Telegram server says - Conflict: terminated by other getUpdates request; make sure that only one bot instance is running
2026-07-08 17:06:35 | WARNING  | aiogram.dispatcher | Sleep for 4.761491 seconds and try again... (tryings = 612, bot id = 8737871300)
2026-07-08 17:07:50 | ERROR    | aiogram.dispatcher | Failed to fetch updates - TelegramNetworkError: HTTP Client says - Request timeout error
2026-07-08 17:07:50 | WARNING  | aiogram.dispatcher | Sleep for 4.929541 seconds and try again... (tryings = 613, bot id = 8737871300)
2026-07-08 17:07:59 | ERROR    | aiogram.dispatcher | Failed to fetch updates - TelegramConflictError: Telegram server says - Conflict: terminated by other getUpdates request; make sure that only one bot instance is running
2026-07-08 17:07:59 | WARNING  | aiogram.dispatcher | Sleep for 5.050216 seconds and try again... (tryings = 614, bot id = 8737871300)
2026-07-08 17:08:09 | ERROR    | aiogram.dispatcher | Failed to fetch updates - TelegramConflictError: Telegram server says - Conflict: terminated by other getUpdates request; make sure that only one bot instance is running
2026-07-08 17:08:09 | WARNING  | aiogram.dispatcher | Sleep for 5.095738 seconds and try again... (tryings = 615, bot id = 8737871300)
2026-07-08 17:08:19 | ERROR    | aiogram.dispatcher | Failed to fetch updates - TelegramConflictError: Telegram server says - Conflict: terminated by other getUpdates request; make sure that only one bot instance is running
2026-07-08 17:08:19 | WARNING  | aiogram.dispatcher | Sleep for 5.017397 seconds and try again... (tryings = 616, bot id = 8737871300)
2026-07-08 17:08:29 | ERROR    | aiogram.dispatcher | Failed to fetch updates - TelegramConflictError: Telegram server says - Conflict: terminated by other getUpdates request; make sure that only one bot instance is running
2026-07-08 17:08:29 | WARNING  | aiogram.dispatcher | Sleep for 5.058207 seconds and try again... (tryings = 617, bot id = 8737871300)
2026-07-08 17:08:40 | ERROR    | aiogram.dispatcher | Failed to fetch updates - TelegramConflictError: Telegram server says - Conflict: terminated by other getUpdates request; make sure that only one bot instance is running
2026-07-08 17:08:40 | WARNING  | aiogram.dispatcher | Sleep for 4.876219 seconds and try again... (tryings = 618, bot id = 8737871300)
2026-07-08 17:08:49 | ERROR    | aiogram.dispatcher | Failed to fetch updates - TelegramConflictError: Telegram server says - Conflict: terminated by other getUpdates request; make sure that only one bot instance is running
2026-07-08 17:08:49 | WARNING  | aiogram.dispatcher | Sleep for 5.023983 seconds and try again... (tryings = 619, bot id = 8737871300)
2026-07-08 17:08:59 | ERROR    | aiogram.dispatcher | Failed to fetch updates - TelegramConflictError: Telegram server says - Conflict: terminated by other getUpdates request; make sure that only one bot instance is running
2026-07-08 17:08:59 | WARNING  | aiogram.dispatcher | Sleep for 5.123404 seconds and try again... (tryings = 620, bot id = 8737871300)
2026-07-08 17:09:09 | ERROR    | aiogram.dispatcher | Failed to fetch updates - TelegramConflictError: Telegram server says - Conflict: terminated by other getUpdates request; make sure that only one bot instance is running
2026-07-08 17:09:09 | WARNING  | aiogram.dispatcher | Sleep for 5.065500 seconds and try again... (tryings = 621, bot id = 8737871300)
2026-07-08 17:09:19 | ERROR    | aiogram.dispatcher | Failed to fetch updates - TelegramConflictError: Telegram server says - Conflict: terminated by other getUpdates request; make sure that only one bot instance is running
2026-07-08 17:09:19 | WARNING  | aiogram.dispatcher | Sleep for 5.125712 seconds and try again... (tryings = 622, bot id = 8737871300)
2026-07-08 17:09:30 | ERROR    | aiogram.dispatcher | Failed to fetch updates - TelegramConflictError: Telegram server says - Conflict: terminated by other getUpdates request; make sure that only one bot instance is running
2026-07-08 17:09:30 | WARNING  | aiogram.dispatcher | Sleep for 5.055737 seconds and try again... (tryings = 623, bot id = 8737871300)
2026-07-08 17:09:40 | ERROR    | aiogram.dispatcher | Failed to fetch updates - TelegramConflictError: Telegram server says - Conflict: terminated by other getUpdates request; make sure that only one bot instance is running
2026-07-08 17:09:40 | WARNING  | aiogram.dispatcher | Sleep for 4.981377 seconds and try again... (tryings = 624, bot id = 8737871300)
2026-07-08 17:09:51 | ERROR    | aiogram.dispatcher | Failed to fetch updates - TelegramConflictError: Telegram server says - Conflict: terminated by other getUpdates request; make sure that only one bot instance is running
2026-07-08 17:09:51 | WARNING  | aiogram.dispatcher | Sleep for 4.933184 seconds and try again... (tryings = 625, bot id = 8737871300)
2026-07-08 17:10:01 | ERROR    | aiogram.dispatcher | Failed to fetch updates - TelegramConflictError: Telegram server says - Conflict: terminated by other getUpdates request; make sure that only one bot instance is running
2026-07-08 17:10:01 | WARNING  | aiogram.dispatcher | Sleep for 5.074290 seconds and try again... (tryings = 626, bot id = 8737871300)
2026-07-08 17:10:11 | ERROR    | aiogram.dispatcher | Failed to fetch updates - TelegramConflictError: Telegram server says - Conflict: terminated by other getUpdates request; make sure that only one bot instance is running
2026-07-08 17:10:11 | WARNING  | aiogram.dispatcher | Sleep for 5.066647 seconds and try again... (tryings = 627, bot id = 8737871300)
2026-07-08 17:10:22 | ERROR    | aiogram.dispatcher | Failed to fetch updates - TelegramConflictError: Telegram server says - Conflict: terminated by other getUpdates request; make sure that only one bot instance is running
2026-07-08 17:10:22 | WARNING  | aiogram.dispatcher | Sleep for 4.933632 seconds and try again... (tryings = 628, bot id = 8737871300)
2026-07-08 17:10:32 | ERROR    | aiogram.dispatcher | Failed to fetch updates - TelegramConflictError: Telegram server says - Conflict: terminated by other getUpdates request; make sure that only one bot instance is running
2026-07-08 17:10:32 | WARNING  | aiogram.dispatcher | Sleep for 4.920000 seconds and try again... (tryings = 629, bot id = 8737871300)
2026-07-08 17:10:42 | ERROR    | aiogram.dispatcher | Failed to fetch updates - TelegramConflictError: Telegram server says - Conflict: terminated by other getUpdates request; make sure that only one bot instance is running
2026-07-08 17:10:42 | WARNING  | aiogram.dispatcher | Sleep for 5.048370 seconds and try again... (tryings = 630, bot id = 8737871300)
2026-07-08 17:10:53 | ERROR    | aiogram.dispatcher | Failed to fetch updates - TelegramConflictError: Telegram server says - Conflict: terminated by other getUpdates request; make sure that only one bot instance is running
2026-07-08 17:10:53 | WARNING  | aiogram.dispatcher | Sleep for 4.954468 seconds and try again... (tryings = 631, bot id = 8737871300)
2026-07-08 17:11:03 | ERROR    | aiogram.dispatcher | Failed to fetch updates - TelegramConflictError: Telegram server says - Conflict: terminated by other getUpdates request; make sure that only one bot instance is running
2026-07-08 17:11:03 | WARNING  | aiogram.dispatcher | Sleep for 4.968165 seconds and try again... (tryings = 632, bot id = 8737871300)
2026-07-08 17:11:13 | ERROR    | aiogram.dispatcher | Failed to fetch updates - TelegramConflictError: Telegram server says - Conflict: terminated by other getUpdates request; make sure that only one bot instance is running
2026-07-08 17:11:13 | WARNING  | aiogram.dispatcher | Sleep for 5.135783 seconds and try again... (tryings = 633, bot id = 8737871300)
2026-07-08 17:11:23 | ERROR    | aiogram.dispatcher | Failed to fetch updates - TelegramConflictError: Telegram server says - Conflict: terminated by other getUpdates request; make sure that only one bot instance is running
2026-07-08 17:11:23 | WARNING  | aiogram.dispatcher | Sleep for 4.947077 seconds and try again... (tryings = 634, bot id = 8737871300)
2026-07-08 17:11:34 | ERROR    | aiogram.dispatcher | Failed to fetch updates - TelegramConflictError: Telegram server says - Conflict: terminated by other getUpdates request; make sure that only one bot instance is running
2026-07-08 17:11:34 | WARNING  | aiogram.dispatcher | Sleep for 5.090116 seconds and try again... (tryings = 635, bot id = 8737871300)
2026-07-08 17:11:44 | ERROR    | aiogram.dispatcher | Failed to fetch updates - TelegramConflictError: Telegram server says - Conflict: terminated by other getUpdates request; make sure that only one bot instance is running
2026-07-08 17:11:44 | WARNING  | aiogram.dispatcher | Sleep for 4.984263 seconds and try again... (tryings = 636, bot id = 8737871300)
2026-07-08 17:11:54 | ERROR    | aiogram.dispatcher | Failed to fetch updates - TelegramConflictError: Telegram server says - Conflict: terminated by other getUpdates request; make sure that only one bot instance is running
2026-07-08 17:11:54 | WARNING  | aiogram.dispatcher | Sleep for 4.798411 seconds and try again... (tryings = 637, bot id = 8737871300)
2026-07-08 17:12:05 | ERROR    | aiogram.dispatcher | Failed to fetch updates - TelegramConflictError: Telegram server says - Conflict: terminated by other getUpdates request; make sure that only one bot instance is running
2026-07-08 17:12:05 | WARNING  | aiogram.dispatcher | Sleep for 5.024522 seconds and try again... (tryings = 638, bot id = 8737871300)
2026-07-08 17:12:15 | ERROR    | aiogram.dispatcher | Failed to fetch updates - TelegramConflictError: Telegram server says - Conflict: terminated by other getUpdates request; make sure that only one bot instance is running
2026-07-08 17:12:15 | WARNING  | aiogram.dispatcher | Sleep for 5.032089 seconds and try again... (tryings = 639, bot id = 8737871300)
2026-07-08 17:12:25 | ERROR    | aiogram.dispatcher | Failed to fetch updates - TelegramConflictError: Telegram server says - Conflict: terminated by other getUpdates request; make sure that only one bot instance is running
2026-07-08 17:12:25 | WARNING  | aiogram.dispatcher | Sleep for 5.001001 seconds and try again... (tryings = 640, bot id = 8737871300)
2026-07-08 17:12:36 | ERROR    | aiogram.dispatcher | Failed to fetch updates - TelegramConflictError: Telegram server says - Conflict: terminated by other getUpdates request; make sure that only one bot instance is running
2026-07-08 17:12:36 | WARNING  | aiogram.dispatcher | Sleep for 5.039921 seconds and try again... (tryings = 641, bot id = 8737871300)
2026-07-08 17:12:46 | ERROR    | aiogram.dispatcher | Failed to fetch updates - TelegramConflictError: Telegram server says - Conflict: terminated by other getUpdates request; make sure that only one bot instance is running
2026-07-08 17:12:46 | WARNING  | aiogram.dispatcher | Sleep for 4.884977 seconds and try again... (tryings = 642, bot id = 8737871300)
2026-07-08 17:12:56 | ERROR    | aiogram.dispatcher | Failed to fetch updates - TelegramConflictError: Telegram server says - Conflict: terminated by other getUpdates request; make sure that only one bot instance is running
2026-07-08 17:12:56 | WARNING  | aiogram.dispatcher | Sleep for 5.061187 seconds and try again... (tryings = 643, bot id = 8737871300)
2026-07-08 17:13:07 | ERROR    | aiogram.dispatcher | Failed to fetch updates - TelegramConflictError: Telegram server says - Conflict: terminated by other getUpdates request; make sure that only one bot instance is running
2026-07-08 17:13:07 | WARNING  | aiogram.dispatcher | Sleep for 4.848919 seconds and try again... (tryings = 644, bot id = 8737871300)
2026-07-08 17:13:17 | ERROR    | aiogram.dispatcher | Failed to fetch updates - TelegramConflictError: Telegram server says - Conflict: terminated by other getUpdates request; make sure that only one bot instance is running
2026-07-08 17:13:17 | WARNING  | aiogram.dispatcher | Sleep for 4.998454 seconds and try again... (tryings = 645, bot id = 8737871300)
2026-07-08 17:13:27 | ERROR    | aiogram.dispatcher | Failed to fetch updates - TelegramConflictError: Telegram server says - Conflict: terminated by other getUpdates request; make sure that only one bot instance is running
2026-07-08 17:13:27 | WARNING  | aiogram.dispatcher | Sleep for 5.036226 seconds and try again... (tryings = 646, bot id = 8737871300)
2026-07-08 17:13:37 | ERROR    | aiogram.dispatcher | Failed to fetch updates - TelegramConflictError: Telegram server says - Conflict: terminated by other getUpdates request; make sure that only one bot instance is running
2026-07-08 17:13:37 | WARNING  | aiogram.dispatcher | Sleep for 4.879231 seconds and try again... (tryings = 647, bot id = 8737871300)
2026-07-08 17:13:47 | ERROR    | aiogram.dispatcher | Failed to fetch updates - TelegramConflictError: Telegram server says - Conflict: terminated by other getUpdates request; make sure that only one bot instance is running
2026-07-08 17:13:47 | WARNING  | aiogram.dispatcher | Sleep for 4.897471 seconds and try again... (tryings = 648, bot id = 8737871300)
2026-07-08 17:13:58 | ERROR    | aiogram.dispatcher | Failed to fetch updates - TelegramConflictError: Telegram server says - Conflict: terminated by other getUpdates request; make sure that only one bot instance is running
2026-07-08 17:13:58 | WARNING  | aiogram.dispatcher | Sleep for 4.897910 seconds and try again... (tryings = 649, bot id = 8737871300)
2026-07-08 17:14:08 | ERROR    | aiogram.dispatcher | Failed to fetch updates - TelegramConflictError: Telegram server says - Conflict: terminated by other getUpdates request; make sure that only one bot instance is running
2026-07-08 17:14:08 | WARNING  | aiogram.dispatcher | Sleep for 4.877765 seconds and try again... (tryings = 650, bot id = 8737871300)
2026-07-08 17:14:18 | ERROR    | aiogram.dispatcher | Failed to fetch updates - TelegramConflictError: Telegram server says - Conflict: terminated by other getUpdates request; make sure that only one bot instance is running
2026-07-08 17:14:18 | WARNING  | aiogram.dispatcher | Sleep for 4.940438 seconds and try again... (tryings = 651, bot id = 8737871300)
2026-07-08 17:14:28 | ERROR    | aiogram.dispatcher | Failed to fetch updates - TelegramConflictError: Telegram server says - Conflict: terminated by other getUpdates request; make sure that only one bot instance is running
2026-07-08 17:14:28 | WARNING  | aiogram.dispatcher | Sleep for 5.143356 seconds and try again... (tryings = 652, bot id = 8737871300)
2026-07-08 17:14:39 | ERROR    | aiogram.dispatcher | Failed to fetch updates - TelegramConflictError: Telegram server says - Conflict: terminated by other getUpdates request; make sure that only one bot instance is running
2026-07-08 17:14:39 | WARNING  | aiogram.dispatcher | Sleep for 4.797448 seconds and try again... (tryings = 653, bot id = 8737871300)
2026-07-08 17:14:49 | ERROR    | aiogram.dispatcher | Failed to fetch updates - TelegramConflictError: Telegram server says - Conflict: terminated by other getUpdates request; make sure that only one bot instance is running
2026-07-08 17:14:49 | WARNING  | aiogram.dispatcher | Sleep for 4.944147 seconds and try again... (tryings = 654, bot id = 8737871300)
2026-07-08 17:14:59 | ERROR    | aiogram.dispatcher | Failed to fetch updates - TelegramConflictError: Telegram server says - Conflict: terminated by other getUpdates request; make sure that only one bot instance is running
2026-07-08 17:14:59 | WARNING  | aiogram.dispatcher | Sleep for 5.158945 seconds and try again... (tryings = 655, bot id = 8737871300)
2026-07-08 17:15:10 | ERROR    | aiogram.dispatcher | Failed to fetch updates - TelegramConflictError: Telegram server says - Conflict: terminated by other getUpdates request; make sure that only one bot instance is running
2026-07-08 17:15:10 | WARNING  | aiogram.dispatcher | Sleep for 4.976277 seconds and try again... (tryings = 656, bot id = 8737871300)
2026-07-08 17:15:20 | ERROR    | aiogram.dispatcher | Failed to fetch updates - TelegramConflictError: Telegram server says - Conflict: terminated by other getUpdates request; make sure that only one bot instance is running
2026-07-08 17:15:20 | WARNING  | aiogram.dispatcher | Sleep for 5.136554 seconds and try again... (tryings = 657, bot id = 8737871300)
2026-07-08 17:15:30 | ERROR    | aiogram.dispatcher | Failed to fetch updates - TelegramConflictError: Telegram server says - Conflict: terminated by other getUpdates request; make sure that only one bot instance is running
2026-07-08 17:15:30 | WARNING  | aiogram.dispatcher | Sleep for 4.948430 seconds and try again... (tryings = 658, bot id = 8737871300)
2026-07-08 17:15:40 | ERROR    | aiogram.dispatcher | Failed to fetch updates - TelegramConflictError: Telegram server says - Conflict: terminated by other getUpdates request; make sure that only one bot instance is running
2026-07-08 17:15:40 | WARNING  | aiogram.dispatcher | Sleep for 5.165298 seconds and try again... (tryings = 659, bot id = 8737871300)
2026-07-08 17:15:51 | ERROR    | aiogram.dispatcher | Failed to fetch updates - TelegramConflictError: Telegram server says - Conflict: terminated by other getUpdates request; make sure that only one bot instance is running
2026-07-08 17:15:51 | WARNING  | aiogram.dispatcher | Sleep for 4.961615 seconds and try again... (tryings = 660, bot id = 8737871300)
2026-07-08 17:16:01 | ERROR    | aiogram.dispatcher | Failed to fetch updates - TelegramConflictError: Telegram server says - Conflict: terminated by other getUpdates request; make sure that only one bot instance is running
2026-07-08 17:16:01 | WARNING  | aiogram.dispatcher | Sleep for 5.149544 seconds and try again... (tryings = 661, bot id = 8737871300)
2026-07-08 17:16:11 | ERROR    | aiogram.dispatcher | Failed to fetch updates - TelegramConflictError: Telegram server says - Conflict: terminated by other getUpdates request; make sure that only one bot instance is running
2026-07-08 17:16:11 | WARNING  | aiogram.dispatcher | Sleep for 5.005744 seconds and try again... (tryings = 662, bot id = 8737871300)
2026-07-08 17:16:22 | ERROR    | aiogram.dispatcher | Failed to fetch updates - TelegramConflictError: Telegram server says - Conflict: terminated by other getUpdates request; make sure that only one bot instance is running
2026-07-08 17:16:22 | WARNING  | aiogram.dispatcher | Sleep for 5.068905 seconds and try again... (tryings = 663, bot id = 8737871300)
2026-07-08 17:16:32 | ERROR    | aiogram.dispatcher | Failed to fetch updates - TelegramConflictError: Telegram server says - Conflict: terminated by other getUpdates request; make sure that only one bot instance is running
2026-07-08 17:16:32 | WARNING  | aiogram.dispatcher | Sleep for 4.985875 seconds and try again... (tryings = 664, bot id = 8737871300)
2026-07-08 17:16:42 | ERROR    | aiogram.dispatcher | Failed to fetch updates - TelegramConflictError: Telegram server says - Conflict: terminated by other getUpdates request; make sure that only one bot instance is running
2026-07-08 17:16:42 | WARNING  | aiogram.dispatcher | Sleep for 5.002986 seconds and try again... (tryings = 665, bot id = 8737871300)
2026-07-08 17:16:53 | ERROR    | aiogram.dispatcher | Failed to fetch updates - TelegramConflictError: Telegram server says - Conflict: terminated by other getUpdates request; make sure that only one bot instance is running
2026-07-08 17:16:53 | WARNING  | aiogram.dispatcher | Sleep for 5.127609 seconds and try again... (tryings = 666, bot id = 8737871300)
2026-07-08 17:17:03 | ERROR    | aiogram.dispatcher | Failed to fetch updates - TelegramConflictError: Telegram server says - Conflict: terminated by other getUpdates request; make sure that only one bot instance is running
2026-07-08 17:17:03 | WARNING  | aiogram.dispatcher | Sleep for 5.134835 seconds and try again... (tryings = 667, bot id = 8737871300)
2026-07-08 17:17:13 | ERROR    | aiogram.dispatcher | Failed to fetch updates - TelegramConflictError: Telegram server says - Conflict: terminated by other getUpdates request; make sure that only one bot instance is running
2026-07-08 17:17:13 | WARNING  | aiogram.dispatcher | Sleep for 4.932410 seconds and try again... (tryings = 668, bot id = 8737871300)
2026-07-08 17:17:24 | ERROR    | aiogram.dispatcher | Failed to fetch updates - TelegramConflictError: Telegram server says - Conflict: terminated by other getUpdates request; make sure that only one bot instance is running
2026-07-08 17:17:24 | WARNING  | aiogram.dispatcher | Sleep for 5.191892 seconds and try again... (tryings = 669, bot id = 8737871300)
2026-07-08 17:17:34 | ERROR    | aiogram.dispatcher | Failed to fetch updates - TelegramConflictError: Telegram server says - Conflict: terminated by other getUpdates request; make sure that only one bot instance is running
2026-07-08 17:17:34 | WARNING  | aiogram.dispatcher | Sleep for 4.855406 seconds and try again... (tryings = 670, bot id = 8737871300)
2026-07-08 17:17:44 | ERROR    | aiogram.dispatcher | Failed to fetch updates - TelegramConflictError: Telegram server says - Conflict: terminated by other getUpdates request; make sure that only one bot instance is running
2026-07-08 17:17:44 | WARNING  | aiogram.dispatcher | Sleep for 4.966893 seconds and try again... (tryings = 671, bot id = 8737871300)
2026-07-08 17:17:55 | ERROR    | aiogram.dispatcher | Failed to fetch updates - TelegramConflictError: Telegram server says - Conflict: terminated by other getUpdates request; make sure that only one bot instance is running
2026-07-08 17:17:55 | WARNING  | aiogram.dispatcher | Sleep for 5.203962 seconds and try again... (tryings = 672, bot id = 8737871300)
2026-07-08 17:18:05 | ERROR    | aiogram.dispatcher | Failed to fetch updates - TelegramConflictError: Telegram server says - Conflict: terminated by other getUpdates request; make sure that only one bot instance is running
2026-07-08 17:18:05 | WARNING  | aiogram.dispatcher | Sleep for 5.016086 seconds and try again... (tryings = 673, bot id = 8737871300)
2026-07-08 17:18:15 | ERROR    | aiogram.dispatcher | Failed to fetch updates - TelegramConflictError: Telegram server says - Conflict: terminated by other getUpdates request; make sure that only one bot instance is running
2026-07-08 17:18:15 | WARNING  | aiogram.dispatcher | Sleep for 5.029662 seconds and try again... (tryings = 674, bot id = 8737871300)
2026-07-08 17:18:26 | ERROR    | aiogram.dispatcher | Failed to fetch updates - TelegramConflictError: Telegram server says - Conflict: terminated by other getUpdates request; make sure that only one bot instance is running
2026-07-08 17:18:26 | WARNING  | aiogram.dispatcher | Sleep for 5.188054 seconds and try again... (tryings = 675, bot id = 8737871300)
2026-07-08 17:18:36 | ERROR    | aiogram.dispatcher | Failed to fetch updates - TelegramConflictError: Telegram server says - Conflict: terminated by other getUpdates request; make sure that only one bot instance is running
2026-07-08 17:18:36 | WARNING  | aiogram.dispatcher | Sleep for 5.118619 seconds and try again... (tryings = 676, bot id = 8737871300)
2026-07-08 17:18:47 | ERROR    | aiogram.dispatcher | Failed to fetch updates - TelegramConflictError: Telegram server says - Conflict: terminated by other getUpdates request; make sure that only one bot instance is running
2026-07-08 17:18:47 | WARNING  | aiogram.dispatcher | Sleep for 4.965943 seconds and try again... (tryings = 677, bot id = 8737871300)
2026-07-08 17:18:57 | ERROR    | aiogram.dispatcher | Failed to fetch updates - TelegramConflictError: Telegram server says - Conflict: terminated by other getUpdates request; make sure that only one bot instance is running
2026-07-08 17:18:57 | WARNING  | aiogram.dispatcher | Sleep for 5.121966 seconds and try again... (tryings = 678, bot id = 8737871300)
2026-07-08 17:19:07 | ERROR    | aiogram.dispatcher | Failed to fetch updates - TelegramConflictError: Telegram server says - Conflict: terminated by other getUpdates request; make sure that only one bot instance is running
2026-07-08 17:19:07 | WARNING  | aiogram.dispatcher | Sleep for 4.910595 seconds and try again... (tryings = 679, bot id = 8737871300)
2026-07-08 17:19:17 | ERROR    | aiogram.dispatcher | Failed to fetch updates - TelegramConflictError: Telegram server says - Conflict: terminated by other getUpdates request; make sure that only one bot instance is running
2026-07-08 17:19:17 | WARNING  | aiogram.dispatcher | Sleep for 5.161728 seconds and try again... (tryings = 680, bot id = 8737871300)
2026-07-08 17:19:28 | ERROR    | aiogram.dispatcher | Failed to fetch updates - TelegramConflictError: Telegram server says - Conflict: terminated by other getUpdates request; make sure that only one bot instance is running
2026-07-08 17:19:28 | WARNING  | aiogram.dispatcher | Sleep for 5.083172 seconds and try again... (tryings = 681, bot id = 8737871300)
2026-07-08 17:19:39 | ERROR    | aiogram.dispatcher | Failed to fetch updates - TelegramConflictError: Telegram server says - Conflict: terminated by other getUpdates request; make sure that only one bot instance is running
2026-07-08 17:19:39 | WARNING  | aiogram.dispatcher | Sleep for 4.997969 seconds and try again... (tryings = 682, bot id = 8737871300)
2026-07-08 17:19:49 | ERROR    | aiogram.dispatcher | Failed to fetch updates - TelegramConflictError: Telegram server says - Conflict: terminated by other getUpdates request; make sure that only one bot instance is running
2026-07-08 17:19:49 | WARNING  | aiogram.dispatcher | Sleep for 5.106538 seconds and try again... (tryings = 683, bot id = 8737871300)
2026-07-08 17:19:59 | ERROR    | aiogram.dispatcher | Failed to fetch updates - TelegramConflictError: Telegram server says - Conflict: terminated by other getUpdates request; make sure that only one bot instance is running
2026-07-08 17:19:59 | WARNING  | aiogram.dispatcher | Sleep for 4.998034 seconds and try again... (tryings = 684, bot id = 8737871300)
2026-07-08 17:20:10 | ERROR    | aiogram.dispatcher | Failed to fetch updates - TelegramConflictError: Telegram server says - Conflict: terminated by other getUpdates request; make sure that only one bot instance is running
2026-07-08 17:20:10 | WARNING  | aiogram.dispatcher | Sleep for 4.943955 seconds and try again... (tryings = 685, bot id = 8737871300)
2026-07-08 17:20:24 | ERROR    | aiogram.dispatcher | Failed to fetch updates - TelegramNetworkError: HTTP Client says - ClientOSError: [WinError 1236] Подключение к сети было разорвано локальной системой
2026-07-08 17:20:24 | WARNING  | aiogram.dispatcher | Sleep for 5.104806 seconds and try again... (tryings = 686, bot id = 8737871300)
2026-07-08 17:20:29 | ERROR    | aiogram.dispatcher | Failed to fetch updates - TelegramNetworkError: HTTP Client says - ClientConnectorDNSError: Cannot connect to host api.telegram.org:443 ssl:default [getaddrinfo failed]
2026-07-08 17:20:29 | WARNING  | aiogram.dispatcher | Sleep for 4.959827 seconds and try again... (tryings = 687, bot id = 8737871300)
2026-07-08 17:20:34 | ERROR    | aiogram.dispatcher | Failed to fetch updates - TelegramNetworkError: HTTP Client says - ClientConnectorDNSError: Cannot connect to host api.telegram.org:443 ssl:default [getaddrinfo failed]
2026-07-08 17:20:34 | WARNING  | aiogram.dispatcher | Sleep for 5.059764 seconds and try again... (tryings = 688, bot id = 8737871300)
2026-07-08 17:20:39 | ERROR    | aiogram.dispatcher | Failed to fetch updates - TelegramNetworkError: HTTP Client says - ClientConnectorDNSError: Cannot connect to host api.telegram.org:443 ssl:default [getaddrinfo failed]
2026-07-08 17:20:39 | WARNING  | aiogram.dispatcher | Sleep for 5.053192 seconds and try again... (tryings = 689, bot id = 8737871300)
2026-07-08 17:20:44 | ERROR    | aiogram.dispatcher | Failed to fetch updates - TelegramNetworkError: HTTP Client says - ClientConnectorDNSError: Cannot connect to host api.telegram.org:443 ssl:default [getaddrinfo failed]
2026-07-08 17:20:44 | WARNING  | aiogram.dispatcher | Sleep for 4.985311 seconds and try again... (tryings = 690, bot id = 8737871300)
2026-07-08 17:20:49 | ERROR    | aiogram.dispatcher | Failed to fetch updates - TelegramNetworkError: HTTP Client says - ClientConnectorDNSError: Cannot connect to host api.telegram.org:443 ssl:default [getaddrinfo failed]
2026-07-08 17:20:49 | WARNING  | aiogram.dispatcher | Sleep for 5.063252 seconds and try again... (tryings = 691, bot id = 8737871300)
2026-07-08 17:20:54 | ERROR    | aiogram.dispatcher | Failed to fetch updates - TelegramNetworkError: HTTP Client says - ClientConnectorDNSError: Cannot connect to host api.telegram.org:443 ssl:default [getaddrinfo failed]
2026-07-08 17:20:54 | WARNING  | aiogram.dispatcher | Sleep for 5.017210 seconds and try again... (tryings = 692, bot id = 8737871300)
2026-07-08 17:20:59 | ERROR    | aiogram.dispatcher | Failed to fetch updates - TelegramNetworkError: HTTP Client says - ClientConnectorDNSError: Cannot connect to host api.telegram.org:443 ssl:default [getaddrinfo failed]
2026-07-08 17:20:59 | WARNING  | aiogram.dispatcher | Sleep for 4.942122 seconds and try again... (tryings = 693, bot id = 8737871300)
2026-07-08 17:21:04 | ERROR    | aiogram.dispatcher | Failed to fetch updates - TelegramNetworkError: HTTP Client says - ClientConnectorDNSError: Cannot connect to host api.telegram.org:443 ssl:default [getaddrinfo failed]
2026-07-08 17:21:04 | WARNING  | aiogram.dispatcher | Sleep for 4.960983 seconds and try again... (tryings = 694, bot id = 8737871300)
2026-07-08 17:21:09 | ERROR    | aiogram.dispatcher | Failed to fetch updates - TelegramNetworkError: HTTP Client says - ClientConnectorDNSError: Cannot connect to host api.telegram.org:443 ssl:default [getaddrinfo failed]
2026-07-08 17:21:09 | WARNING  | aiogram.dispatcher | Sleep for 5.033300 seconds and try again... (tryings = 695, bot id = 8737871300)
2026-07-08 17:21:14 | ERROR    | aiogram.dispatcher | Failed to fetch updates - TelegramNetworkError: HTTP Client says - ClientConnectorDNSError: Cannot connect to host api.telegram.org:443 ssl:default [getaddrinfo failed]
2026-07-08 17:21:14 | WARNING  | aiogram.dispatcher | Sleep for 4.864671 seconds and try again... (tryings = 696, bot id = 8737871300)
2026-07-08 17:21:19 | ERROR    | aiogram.dispatcher | Failed to fetch updates - TelegramNetworkError: HTTP Client says - ClientConnectorDNSError: Cannot connect to host api.telegram.org:443 ssl:default [getaddrinfo failed]
2026-07-08 17:21:19 | WARNING  | aiogram.dispatcher | Sleep for 4.988758 seconds and try again... (tryings = 697, bot id = 8737871300)
2026-07-08 17:21:24 | ERROR    | aiogram.dispatcher | Failed to fetch updates - TelegramNetworkError: HTTP Client says - ClientConnectorDNSError: Cannot connect to host api.telegram.org:443 ssl:default [getaddrinfo failed]
2026-07-08 17:21:24 | WARNING  | aiogram.dispatcher | Sleep for 5.035563 seconds and try again... (tryings = 698, bot id = 8737871300)
2026-07-08 17:21:29 | ERROR    | aiogram.dispatcher | Failed to fetch updates - TelegramNetworkError: HTTP Client says - ClientConnectorDNSError: Cannot connect to host api.telegram.org:443 ssl:default [getaddrinfo failed]
2026-07-08 17:21:29 | WARNING  | aiogram.dispatcher | Sleep for 5.033016 seconds and try again... (tryings = 699, bot id = 8737871300)
2026-07-08 17:21:34 | ERROR    | aiogram.dispatcher | Failed to fetch updates - TelegramNetworkError: HTTP Client says - ClientConnectorDNSError: Cannot connect to host api.telegram.org:443 ssl:default [getaddrinfo failed]
2026-07-08 17:21:34 | WARNING  | aiogram.dispatcher | Sleep for 4.921020 seconds and try again... (tryings = 700, bot id = 8737871300)
2026-07-08 17:21:39 | ERROR    | aiogram.dispatcher | Failed to fetch updates - TelegramNetworkError: HTTP Client says - ClientConnectorDNSError: Cannot connect to host api.telegram.org:443 ssl:default [getaddrinfo failed]
2026-07-08 17:21:39 | WARNING  | aiogram.dispatcher | Sleep for 5.014088 seconds and try again... (tryings = 701, bot id = 8737871300)
2026-07-08 17:21:44 | ERROR    | aiogram.dispatcher | Failed to fetch updates - TelegramNetworkError: HTTP Client says - ClientConnectorDNSError: Cannot connect to host api.telegram.org:443 ssl:default [getaddrinfo failed]
2026-07-08 17:21:44 | WARNING  | aiogram.dispatcher | Sleep for 4.944321 seconds and try again... (tryings = 702, bot id = 8737871300)
2026-07-08 17:21:49 | ERROR    | aiogram.dispatcher | Failed to fetch updates - TelegramNetworkError: HTTP Client says - ClientConnectorDNSError: Cannot connect to host api.telegram.org:443 ssl:default [getaddrinfo failed]
2026-07-08 17:21:49 | WARNING  | aiogram.dispatcher | Sleep for 5.034564 seconds and try again... (tryings = 703, bot id = 8737871300)
2026-07-08 17:21:54 | ERROR    | aiogram.dispatcher | Failed to fetch updates - TelegramNetworkError: HTTP Client says - ClientConnectorDNSError: Cannot connect to host api.telegram.org:443 ssl:default [getaddrinfo failed]
2026-07-08 17:21:54 | WARNING  | aiogram.dispatcher | Sleep for 5.122814 seconds and try again... (tryings = 704, bot id = 8737871300)
2026-07-08 17:21:59 | ERROR    | aiogram.dispatcher | Failed to fetch updates - TelegramNetworkError: HTTP Client says - ClientConnectorDNSError: Cannot connect to host api.telegram.org:443 ssl:default [getaddrinfo failed]
2026-07-08 17:21:59 | WARNING  | aiogram.dispatcher | Sleep for 5.130911 seconds and try again... (tryings = 705, bot id = 8737871300)
2026-07-08 17:22:04 | ERROR    | aiogram.dispatcher | Failed to fetch updates - TelegramNetworkError: HTTP Client says - ClientConnectorDNSError: Cannot connect to host api.telegram.org:443 ssl:default [getaddrinfo failed]
2026-07-08 17:22:04 | WARNING  | aiogram.dispatcher | Sleep for 4.977920 seconds and try again... (tryings = 706, bot id = 8737871300)
2026-07-08 17:22:09 | ERROR    | aiogram.dispatcher | Failed to fetch updates - TelegramNetworkError: HTTP Client says - ClientConnectorDNSError: Cannot connect to host api.telegram.org:443 ssl:default [getaddrinfo failed]
2026-07-08 17:22:09 | WARNING  | aiogram.dispatcher | Sleep for 4.870569 seconds and try again... (tryings = 707, bot id = 8737871300)
2026-07-08 17:22:14 | ERROR    | aiogram.dispatcher | Failed to fetch updates - TelegramNetworkError: HTTP Client says - ClientConnectorDNSError: Cannot connect to host api.telegram.org:443 ssl:default [getaddrinfo failed]
2026-07-08 17:22:14 | WARNING  | aiogram.dispatcher | Sleep for 5.019108 seconds and try again... (tryings = 708, bot id = 8737871300)
2026-07-08 17:22:19 | ERROR    | aiogram.dispatcher | Failed to fetch updates - TelegramNetworkError: HTTP Client says - ClientConnectorDNSError: Cannot connect to host api.telegram.org:443 ssl:default [getaddrinfo failed]
2026-07-08 17:22:19 | WARNING  | aiogram.dispatcher | Sleep for 5.007440 seconds and try again... (tryings = 709, bot id = 8737871300)
2026-07-08 17:22:24 | ERROR    | aiogram.dispatcher | Failed to fetch updates - TelegramNetworkError: HTTP Client says - ClientConnectorDNSError: Cannot connect to host api.telegram.org:443 ssl:default [getaddrinfo failed]
2026-07-08 17:22:24 | WARNING  | aiogram.dispatcher | Sleep for 4.985446 seconds and try again... (tryings = 710, bot id = 8737871300)
2026-07-08 17:22:29 | ERROR    | aiogram.dispatcher | Failed to fetch updates - TelegramNetworkError: HTTP Client says - ClientConnectorDNSError: Cannot connect to host api.telegram.org:443 ssl:default [getaddrinfo failed]
2026-07-08 17:22:29 | WARNING  | aiogram.dispatcher | Sleep for 4.832932 seconds and try again... (tryings = 711, bot id = 8737871300)
2026-07-08 17:22:34 | ERROR    | aiogram.dispatcher | Failed to fetch updates - TelegramNetworkError: HTTP Client says - ClientConnectorDNSError: Cannot connect to host api.telegram.org:443 ssl:default [getaddrinfo failed]
2026-07-08 17:22:34 | WARNING  | aiogram.dispatcher | Sleep for 5.017957 seconds and try again... (tryings = 712, bot id = 8737871300)
2026-07-08 17:22:39 | ERROR    | aiogram.dispatcher | Failed to fetch updates - TelegramNetworkError: HTTP Client says - ClientConnectorDNSError: Cannot connect to host api.telegram.org:443 ssl:default [getaddrinfo failed]
2026-07-08 17:22:39 | WARNING  | aiogram.dispatcher | Sleep for 4.919669 seconds and try again... (tryings = 713, bot id = 8737871300)
2026-07-08 17:22:44 | ERROR    | aiogram.dispatcher | Failed to fetch updates - TelegramNetworkError: HTTP Client says - ClientConnectorDNSError: Cannot connect to host api.telegram.org:443 ssl:default [getaddrinfo failed]
2026-07-08 17:22:44 | WARNING  | aiogram.dispatcher | Sleep for 4.892426 seconds and try again... (tryings = 714, bot id = 8737871300)
2026-07-08 17:22:49 | ERROR    | aiogram.dispatcher | Failed to fetch updates - TelegramNetworkError: HTTP Client says - ClientConnectorDNSError: Cannot connect to host api.telegram.org:443 ssl:default [getaddrinfo failed]
2026-07-08 17:22:49 | WARNING  | aiogram.dispatcher | Sleep for 4.841776 seconds and try again... (tryings = 715, bot id = 8737871300)
2026-07-08 17:22:53 | ERROR    | aiogram.dispatcher | Failed to fetch updates - TelegramNetworkError: HTTP Client says - ClientConnectorDNSError: Cannot connect to host api.telegram.org:443 ssl:default [getaddrinfo failed]
2026-07-08 17:22:53 | WARNING  | aiogram.dispatcher | Sleep for 4.987660 seconds and try again... (tryings = 716, bot id = 8737871300)
2026-07-08 17:22:58 | ERROR    | aiogram.dispatcher | Failed to fetch updates - TelegramNetworkError: HTTP Client says - ClientConnectorDNSError: Cannot connect to host api.telegram.org:443 ssl:default [getaddrinfo failed]
2026-07-08 17:22:58 | WARNING  | aiogram.dispatcher | Sleep for 4.961321 seconds and try again... (tryings = 717, bot id = 8737871300)
2026-07-08 17:23:03 | ERROR    | aiogram.dispatcher | Failed to fetch updates - TelegramNetworkError: HTTP Client says - ClientConnectorDNSError: Cannot connect to host api.telegram.org:443 ssl:default [getaddrinfo failed]
2026-07-08 17:23:03 | WARNING  | aiogram.dispatcher | Sleep for 5.015255 seconds and try again... (tryings = 718, bot id = 8737871300)
2026-07-08 17:23:08 | ERROR    | aiogram.dispatcher | Failed to fetch updates - TelegramNetworkError: HTTP Client says - ClientConnectorDNSError: Cannot connect to host api.telegram.org:443 ssl:default [getaddrinfo failed]
2026-07-08 17:23:08 | WARNING  | aiogram.dispatcher | Sleep for 4.885801 seconds and try again... (tryings = 719, bot id = 8737871300)
2026-07-08 17:23:13 | ERROR    | aiogram.dispatcher | Failed to fetch updates - TelegramNetworkError: HTTP Client says - ClientConnectorDNSError: Cannot connect to host api.telegram.org:443 ssl:default [getaddrinfo failed]
2026-07-08 17:23:13 | WARNING  | aiogram.dispatcher | Sleep for 4.902803 seconds and try again... (tryings = 720, bot id = 8737871300)
2026-07-08 17:23:18 | ERROR    | aiogram.dispatcher | Failed to fetch updates - TelegramNetworkError: HTTP Client says - ClientConnectorDNSError: Cannot connect to host api.telegram.org:443 ssl:default [getaddrinfo failed]
2026-07-08 17:23:18 | WARNING  | aiogram.dispatcher | Sleep for 5.177919 seconds and try again... (tryings = 721, bot id = 8737871300)
2026-07-08 17:23:23 | ERROR    | aiogram.dispatcher | Failed to fetch updates - TelegramNetworkError: HTTP Client says - ClientConnectorDNSError: Cannot connect to host api.telegram.org:443 ssl:default [getaddrinfo failed]
2026-07-08 17:23:23 | WARNING  | aiogram.dispatcher | Sleep for 4.990670 seconds and try again... (tryings = 722, bot id = 8737871300)
2026-07-08 17:23:28 | ERROR    | aiogram.dispatcher | Failed to fetch updates - TelegramNetworkError: HTTP Client says - ClientConnectorDNSError: Cannot connect to host api.telegram.org:443 ssl:default [getaddrinfo failed]
2026-07-08 17:23:28 | WARNING  | aiogram.dispatcher | Sleep for 5.011565 seconds and try again... (tryings = 723, bot id = 8737871300)
2026-07-08 17:23:33 | ERROR    | aiogram.dispatcher | Failed to fetch updates - TelegramNetworkError: HTTP Client says - ClientConnectorDNSError: Cannot connect to host api.telegram.org:443 ssl:default [getaddrinfo failed]
2026-07-08 17:23:33 | WARNING  | aiogram.dispatcher | Sleep for 5.026286 seconds and try again... (tryings = 724, bot id = 8737871300)
2026-07-08 17:23:38 | ERROR    | aiogram.dispatcher | Failed to fetch updates - TelegramNetworkError: HTTP Client says - ClientConnectorDNSError: Cannot connect to host api.telegram.org:443 ssl:default [getaddrinfo failed]
2026-07-08 17:23:38 | WARNING  | aiogram.dispatcher | Sleep for 4.915571 seconds and try again... (tryings = 725, bot id = 8737871300)
2026-07-08 17:23:43 | ERROR    | aiogram.dispatcher | Failed to fetch updates - TelegramNetworkError: HTTP Client says - ClientConnectorDNSError: Cannot connect to host api.telegram.org:443 ssl:default [getaddrinfo failed]
2026-07-08 17:23:43 | WARNING  | aiogram.dispatcher | Sleep for 5.318234 seconds and try again... (tryings = 726, bot id = 8737871300)
2026-07-08 17:23:49 | ERROR    | aiogram.dispatcher | Failed to fetch updates - TelegramNetworkError: HTTP Client says - ClientConnectorDNSError: Cannot connect to host api.telegram.org:443 ssl:default [getaddrinfo failed]
2026-07-08 17:23:49 | WARNING  | aiogram.dispatcher | Sleep for 4.994159 seconds and try again... (tryings = 727, bot id = 8737871300)
2026-07-08 17:23:54 | ERROR    | aiogram.dispatcher | Failed to fetch updates - TelegramNetworkError: HTTP Client says - ClientConnectorDNSError: Cannot connect to host api.telegram.org:443 ssl:default [getaddrinfo failed]
2026-07-08 17:23:54 | WARNING  | aiogram.dispatcher | Sleep for 5.015431 seconds and try again... (tryings = 728, bot id = 8737871300)
2026-07-08 17:23:59 | ERROR    | aiogram.dispatcher | Failed to fetch updates - TelegramNetworkError: HTTP Client says - ClientConnectorDNSError: Cannot connect to host api.telegram.org:443 ssl:default [getaddrinfo failed]
2026-07-08 17:23:59 | WARNING  | aiogram.dispatcher | Sleep for 5.080258 seconds and try again... (tryings = 729, bot id = 8737871300)
2026-07-08 17:24:04 | ERROR    | aiogram.dispatcher | Failed to fetch updates - TelegramNetworkError: HTTP Client says - ClientConnectorDNSError: Cannot connect to host api.telegram.org:443 ssl:default [getaddrinfo failed]
2026-07-08 17:24:04 | WARNING  | aiogram.dispatcher | Sleep for 4.958713 seconds and try again... (tryings = 730, bot id = 8737871300)
2026-07-08 17:24:09 | ERROR    | aiogram.dispatcher | Failed to fetch updates - TelegramNetworkError: HTTP Client says - ClientConnectorDNSError: Cannot connect to host api.telegram.org:443 ssl:default [getaddrinfo failed]
2026-07-08 17:24:09 | WARNING  | aiogram.dispatcher | Sleep for 4.936575 seconds and try again... (tryings = 731, bot id = 8737871300)
2026-07-08 17:24:14 | ERROR    | aiogram.dispatcher | Failed to fetch updates - TelegramNetworkError: HTTP Client says - ClientConnectorDNSError: Cannot connect to host api.telegram.org:443 ssl:default [getaddrinfo failed]
2026-07-08 17:24:14 | WARNING  | aiogram.dispatcher | Sleep for 4.924672 seconds and try again... (tryings = 732, bot id = 8737871300)
2026-07-08 17:24:19 | ERROR    | aiogram.dispatcher | Failed to fetch updates - TelegramNetworkError: HTTP Client says - ClientConnectorDNSError: Cannot connect to host api.telegram.org:443 ssl:default [getaddrinfo failed]
2026-07-08 17:24:19 | WARNING  | aiogram.dispatcher | Sleep for 5.115722 seconds and try again... (tryings = 733, bot id = 8737871300)
2026-07-08 17:24:24 | ERROR    | aiogram.dispatcher | Failed to fetch updates - TelegramNetworkError: HTTP Client says - ClientConnectorDNSError: Cannot connect to host api.telegram.org:443 ssl:default [getaddrinfo failed]
2026-07-08 17:24:24 | WARNING  | aiogram.dispatcher | Sleep for 4.973034 seconds and try again... (tryings = 734, bot id = 8737871300)
2026-07-08 17:24:29 | ERROR    | aiogram.dispatcher | Failed to fetch updates - TelegramNetworkError: HTTP Client says - ClientConnectorDNSError: Cannot connect to host api.telegram.org:443 ssl:default [getaddrinfo failed]
2026-07-08 17:24:29 | WARNING  | aiogram.dispatcher | Sleep for 4.950424 seconds and try again... (tryings = 735, bot id = 8737871300)
2026-07-08 17:24:34 | ERROR    | aiogram.dispatcher | Failed to fetch updates - TelegramNetworkError: HTTP Client says - ClientConnectorDNSError: Cannot connect to host api.telegram.org:443 ssl:default [getaddrinfo failed]
2026-07-08 17:24:34 | WARNING  | aiogram.dispatcher | Sleep for 5.056912 seconds and try again... (tryings = 736, bot id = 8737871300)
2026-07-08 17:24:39 | ERROR    | aiogram.dispatcher | Failed to fetch updates - TelegramNetworkError: HTTP Client says - ClientConnectorDNSError: Cannot connect to host api.telegram.org:443 ssl:default [getaddrinfo failed]
2026-07-08 17:24:39 | WARNING  | aiogram.dispatcher | Sleep for 4.897349 seconds and try again... (tryings = 737, bot id = 8737871300)
2026-07-08 17:24:44 | ERROR    | aiogram.dispatcher | Failed to fetch updates - TelegramNetworkError: HTTP Client says - ClientConnectorDNSError: Cannot connect to host api.telegram.org:443 ssl:default [getaddrinfo failed]
2026-07-08 17:24:44 | WARNING  | aiogram.dispatcher | Sleep for 4.965709 seconds and try again... (tryings = 738, bot id = 8737871300)
2026-07-08 17:24:49 | ERROR    | aiogram.dispatcher | Failed to fetch updates - TelegramNetworkError: HTTP Client says - ClientConnectorDNSError: Cannot connect to host api.telegram.org:443 ssl:default [getaddrinfo failed]
2026-07-08 17:24:49 | WARNING  | aiogram.dispatcher | Sleep for 5.124463 seconds and try again... (tryings = 739, bot id = 8737871300)
2026-07-08 17:24:54 | ERROR    | aiogram.dispatcher | Failed to fetch updates - TelegramNetworkError: HTTP Client says - ClientConnectorDNSError: Cannot connect to host api.telegram.org:443 ssl:default [getaddrinfo failed]
2026-07-08 17:24:54 | WARNING  | aiogram.dispatcher | Sleep for 5.131315 seconds and try again... (tryings = 740, bot id = 8737871300)
2026-07-08 17:24:59 | ERROR    | aiogram.dispatcher | Failed to fetch updates - TelegramNetworkError: HTTP Client says - ClientConnectorDNSError: Cannot connect to host api.telegram.org:443 ssl:default [getaddrinfo failed]
2026-07-08 17:24:59 | WARNING  | aiogram.dispatcher | Sleep for 5.067301 seconds and try again... (tryings = 741, bot id = 8737871300)
2026-07-08 17:25:04 | ERROR    | aiogram.dispatcher | Failed to fetch updates - TelegramNetworkError: HTTP Client says - ClientConnectorDNSError: Cannot connect to host api.telegram.org:443 ssl:default [getaddrinfo failed]
2026-07-08 17:25:04 | WARNING  | aiogram.dispatcher | Sleep for 4.859842 seconds and try again... (tryings = 742, bot id = 8737871300)
2026-07-08 17:25:09 | ERROR    | aiogram.dispatcher | Failed to fetch updates - TelegramNetworkError: HTTP Client says - ClientConnectorDNSError: Cannot connect to host api.telegram.org:443 ssl:default [getaddrinfo failed]
2026-07-08 17:25:09 | WARNING  | aiogram.dispatcher | Sleep for 5.162069 seconds and try again... (tryings = 743, bot id = 8737871300)
2026-07-08 17:25:14 | ERROR    | aiogram.dispatcher | Failed to fetch updates - TelegramNetworkError: HTTP Client says - ClientConnectorDNSError: Cannot connect to host api.telegram.org:443 ssl:default [getaddrinfo failed]
2026-07-08 17:25:14 | WARNING  | aiogram.dispatcher | Sleep for 5.109444 seconds and try again... (tryings = 744, bot id = 8737871300)
2026-07-08 17:25:19 | ERROR    | aiogram.dispatcher | Failed to fetch updates - TelegramNetworkError: HTTP Client says - ClientConnectorDNSError: Cannot connect to host api.telegram.org:443 ssl:default [getaddrinfo failed]
2026-07-08 17:25:19 | WARNING  | aiogram.dispatcher | Sleep for 5.123050 seconds and try again... (tryings = 745, bot id = 8737871300)
2026-07-08 17:25:24 | ERROR    | aiogram.dispatcher | Failed to fetch updates - TelegramNetworkError: HTTP Client says - ClientConnectorDNSError: Cannot connect to host api.telegram.org:443 ssl:default [getaddrinfo failed]
2026-07-08 17:25:24 | WARNING  | aiogram.dispatcher | Sleep for 5.168828 seconds and try again... (tryings = 746, bot id = 8737871300)
2026-07-08 17:25:29 | ERROR    | aiogram.dispatcher | Failed to fetch updates - TelegramNetworkError: HTTP Client says - ClientConnectorDNSError: Cannot connect to host api.telegram.org:443 ssl:default [getaddrinfo failed]
2026-07-08 17:25:29 | WARNING  | aiogram.dispatcher | Sleep for 4.927320 seconds and try again... (tryings = 747, bot id = 8737871300)
2026-07-08 17:25:34 | ERROR    | aiogram.dispatcher | Failed to fetch updates - TelegramNetworkError: HTTP Client says - ClientConnectorDNSError: Cannot connect to host api.telegram.org:443 ssl:default [getaddrinfo failed]
2026-07-08 17:25:34 | WARNING  | aiogram.dispatcher | Sleep for 5.092237 seconds and try again... (tryings = 748, bot id = 8737871300)
2026-07-08 17:25:39 | ERROR    | aiogram.dispatcher | Failed to fetch updates - TelegramNetworkError: HTTP Client says - ClientConnectorDNSError: Cannot connect to host api.telegram.org:443 ssl:default [getaddrinfo failed]
2026-07-08 17:25:39 | WARNING  | aiogram.dispatcher | Sleep for 5.090565 seconds and try again... (tryings = 749, bot id = 8737871300)
2026-07-08 17:25:45 | ERROR    | aiogram.dispatcher | Failed to fetch updates - TelegramNetworkError: HTTP Client says - ClientConnectorDNSError: Cannot connect to host api.telegram.org:443 ssl:default [getaddrinfo failed]
2026-07-08 17:25:45 | WARNING  | aiogram.dispatcher | Sleep for 5.042989 seconds and try again... (tryings = 750, bot id = 8737871300)
2026-07-08 17:25:50 | ERROR    | aiogram.dispatcher | Failed to fetch updates - TelegramNetworkError: HTTP Client says - ClientConnectorDNSError: Cannot connect to host api.telegram.org:443 ssl:default [getaddrinfo failed]
2026-07-08 17:25:50 | WARNING  | aiogram.dispatcher | Sleep for 4.976488 seconds and try again... (tryings = 751, bot id = 8737871300)
2026-07-08 17:25:55 | ERROR    | aiogram.dispatcher | Failed to fetch updates - TelegramNetworkError: HTTP Client says - ClientConnectorDNSError: Cannot connect to host api.telegram.org:443 ssl:default [getaddrinfo failed]
2026-07-08 17:25:55 | WARNING  | aiogram.dispatcher | Sleep for 4.908270 seconds and try again... (tryings = 752, bot id = 8737871300)
2026-07-08 17:25:59 | ERROR    | aiogram.dispatcher | Failed to fetch updates - TelegramNetworkError: HTTP Client says - ClientConnectorDNSError: Cannot connect to host api.telegram.org:443 ssl:default [getaddrinfo failed]
2026-07-08 17:25:59 | WARNING  | aiogram.dispatcher | Sleep for 5.104404 seconds and try again... (tryings = 753, bot id = 8737871300)
2026-07-08 17:26:05 | ERROR    | aiogram.dispatcher | Failed to fetch updates - TelegramNetworkError: HTTP Client says - ClientConnectorDNSError: Cannot connect to host api.telegram.org:443 ssl:default [getaddrinfo failed]
2026-07-08 17:26:05 | WARNING  | aiogram.dispatcher | Sleep for 4.992285 seconds and try again... (tryings = 754, bot id = 8737871300)
2026-07-08 17:26:10 | ERROR    | aiogram.dispatcher | Failed to fetch updates - TelegramNetworkError: HTTP Client says - ClientConnectorDNSError: Cannot connect to host api.telegram.org:443 ssl:default [getaddrinfo failed]
2026-07-08 17:26:10 | WARNING  | aiogram.dispatcher | Sleep for 4.942797 seconds and try again... (tryings = 755, bot id = 8737871300)
2026-07-08 17:26:15 | ERROR    | aiogram.dispatcher | Failed to fetch updates - TelegramNetworkError: HTTP Client says - ClientConnectorDNSError: Cannot connect to host api.telegram.org:443 ssl:default [getaddrinfo failed]
2026-07-08 17:26:15 | WARNING  | aiogram.dispatcher | Sleep for 4.882250 seconds and try again... (tryings = 756, bot id = 8737871300)
2026-07-08 17:26:19 | ERROR    | aiogram.dispatcher | Failed to fetch updates - TelegramNetworkError: HTTP Client says - ClientConnectorDNSError: Cannot connect to host api.telegram.org:443 ssl:default [getaddrinfo failed]
2026-07-08 17:26:19 | WARNING  | aiogram.dispatcher | Sleep for 4.931473 seconds and try again... (tryings = 757, bot id = 8737871300)
2026-07-08 17:26:24 | ERROR    | aiogram.dispatcher | Failed to fetch updates - TelegramNetworkError: HTTP Client says - ClientConnectorDNSError: Cannot connect to host api.telegram.org:443 ssl:default [getaddrinfo failed]
2026-07-08 17:26:24 | WARNING  | aiogram.dispatcher | Sleep for 5.127836 seconds and try again... (tryings = 758, bot id = 8737871300)
2026-07-08 17:26:30 | ERROR    | aiogram.dispatcher | Failed to fetch updates - TelegramNetworkError: HTTP Client says - ClientConnectorDNSError: Cannot connect to host api.telegram.org:443 ssl:default [getaddrinfo failed]
2026-07-08 17:26:30 | WARNING  | aiogram.dispatcher | Sleep for 4.937287 seconds and try again... (tryings = 759, bot id = 8737871300)
2026-07-08 17:26:34 | ERROR    | aiogram.dispatcher | Failed to fetch updates - TelegramNetworkError: HTTP Client says - ClientConnectorDNSError: Cannot connect to host api.telegram.org:443 ssl:default [getaddrinfo failed]
2026-07-08 17:26:34 | WARNING  | aiogram.dispatcher | Sleep for 5.069765 seconds and try again... (tryings = 760, bot id = 8737871300)
2026-07-08 17:26:40 | ERROR    | aiogram.dispatcher | Failed to fetch updates - TelegramNetworkError: HTTP Client says - ClientConnectorDNSError: Cannot connect to host api.telegram.org:443 ssl:default [getaddrinfo failed]
2026-07-08 17:26:40 | WARNING  | aiogram.dispatcher | Sleep for 4.948693 seconds and try again... (tryings = 761, bot id = 8737871300)
2026-07-08 17:26:44 | ERROR    | aiogram.dispatcher | Failed to fetch updates - TelegramNetworkError: HTTP Client says - ClientConnectorDNSError: Cannot connect to host api.telegram.org:443 ssl:default [getaddrinfo failed]
2026-07-08 17:26:44 | WARNING  | aiogram.dispatcher | Sleep for 5.018898 seconds and try again... (tryings = 762, bot id = 8737871300)
2026-07-08 17:26:49 | ERROR    | aiogram.dispatcher | Failed to fetch updates - TelegramNetworkError: HTTP Client says - ClientConnectorDNSError: Cannot connect to host api.telegram.org:443 ssl:default [getaddrinfo failed]
2026-07-08 17:26:49 | WARNING  | aiogram.dispatcher | Sleep for 5.088519 seconds and try again... (tryings = 763, bot id = 8737871300)
2026-07-08 17:26:55 | ERROR    | aiogram.dispatcher | Failed to fetch updates - TelegramNetworkError: HTTP Client says - ClientConnectorDNSError: Cannot connect to host api.telegram.org:443 ssl:default [getaddrinfo failed]
2026-07-08 17:26:55 | WARNING  | aiogram.dispatcher | Sleep for 5.091238 seconds and try again... (tryings = 764, bot id = 8737871300)
2026-07-08 17:27:00 | ERROR    | aiogram.dispatcher | Failed to fetch updates - TelegramNetworkError: HTTP Client says - ClientConnectorDNSError: Cannot connect to host api.telegram.org:443 ssl:default [getaddrinfo failed]
2026-07-08 17:27:00 | WARNING  | aiogram.dispatcher | Sleep for 5.072133 seconds and try again... (tryings = 765, bot id = 8737871300)
2026-07-08 17:27:05 | ERROR    | aiogram.dispatcher | Failed to fetch updates - TelegramNetworkError: HTTP Client says - ClientConnectorDNSError: Cannot connect to host api.telegram.org:443 ssl:default [getaddrinfo failed]
2026-07-08 17:27:05 | WARNING  | aiogram.dispatcher | Sleep for 4.908239 seconds and try again... (tryings = 766, bot id = 8737871300)
2026-07-08 17:27:10 | ERROR    | aiogram.dispatcher | Failed to fetch updates - TelegramNetworkError: HTTP Client says - ClientConnectorDNSError: Cannot connect to host api.telegram.org:443 ssl:default [getaddrinfo failed]
2026-07-08 17:27:10 | WARNING  | aiogram.dispatcher | Sleep for 4.780991 seconds and try again... (tryings = 767, bot id = 8737871300)
2026-07-08 17:27:14 | ERROR    | aiogram.dispatcher | Failed to fetch updates - TelegramNetworkError: HTTP Client says - ClientConnectorDNSError: Cannot connect to host api.telegram.org:443 ssl:default [getaddrinfo failed]
2026-07-08 17:27:14 | WARNING  | aiogram.dispatcher | Sleep for 5.005360 seconds and try again... (tryings = 768, bot id = 8737871300)
2026-07-08 17:27:19 | ERROR    | aiogram.dispatcher | Failed to fetch updates - TelegramNetworkError: HTTP Client says - ClientConnectorDNSError: Cannot connect to host api.telegram.org:443 ssl:default [getaddrinfo failed]
2026-07-08 17:27:19 | WARNING  | aiogram.dispatcher | Sleep for 4.918875 seconds and try again... (tryings = 769, bot id = 8737871300)
2026-07-08 17:27:24 | ERROR    | aiogram.dispatcher | Failed to fetch updates - TelegramNetworkError: HTTP Client says - ClientConnectorDNSError: Cannot connect to host api.telegram.org:443 ssl:default [getaddrinfo failed]
2026-07-08 17:27:24 | WARNING  | aiogram.dispatcher | Sleep for 5.002915 seconds and try again... (tryings = 770, bot id = 8737871300)
2026-07-08 17:27:29 | ERROR    | aiogram.dispatcher | Failed to fetch updates - TelegramNetworkError: HTTP Client says - ClientConnectorDNSError: Cannot connect to host api.telegram.org:443 ssl:default [getaddrinfo failed]
2026-07-08 17:27:29 | WARNING  | aiogram.dispatcher | Sleep for 5.013053 seconds and try again... (tryings = 771, bot id = 8737871300)
2026-07-08 17:27:34 | ERROR    | aiogram.dispatcher | Failed to fetch updates - TelegramNetworkError: HTTP Client says - ClientConnectorDNSError: Cannot connect to host api.telegram.org:443 ssl:default [getaddrinfo failed]
2026-07-08 17:27:34 | WARNING  | aiogram.dispatcher | Sleep for 4.948192 seconds and try again... (tryings = 772, bot id = 8737871300)
2026-07-08 17:27:39 | ERROR    | aiogram.dispatcher | Failed to fetch updates - TelegramNetworkError: HTTP Client says - ClientConnectorDNSError: Cannot connect to host api.telegram.org:443 ssl:default [getaddrinfo failed]
2026-07-08 17:27:39 | WARNING  | aiogram.dispatcher | Sleep for 4.996322 seconds and try again... (tryings = 773, bot id = 8737871300)
2026-07-08 17:27:44 | ERROR    | aiogram.dispatcher | Failed to fetch updates - TelegramNetworkError: HTTP Client says - ClientConnectorDNSError: Cannot connect to host api.telegram.org:443 ssl:default [getaddrinfo failed]
2026-07-08 17:27:44 | WARNING  | aiogram.dispatcher | Sleep for 5.045505 seconds and try again... (tryings = 774, bot id = 8737871300)
2026-07-08 17:27:49 | ERROR    | aiogram.dispatcher | Failed to fetch updates - TelegramNetworkError: HTTP Client says - ClientConnectorDNSError: Cannot connect to host api.telegram.org:443 ssl:default [getaddrinfo failed]
2026-07-08 17:27:49 | WARNING  | aiogram.dispatcher | Sleep for 4.894394 seconds and try again... (tryings = 775, bot id = 8737871300)
2026-07-08 17:27:54 | ERROR    | aiogram.dispatcher | Failed to fetch updates - TelegramNetworkError: HTTP Client says - ClientConnectorDNSError: Cannot connect to host api.telegram.org:443 ssl:default [getaddrinfo failed]
2026-07-08 17:27:54 | WARNING  | aiogram.dispatcher | Sleep for 5.010974 seconds and try again... (tryings = 776, bot id = 8737871300)
2026-07-08 17:27:59 | ERROR    | aiogram.dispatcher | Failed to fetch updates - TelegramNetworkError: HTTP Client says - ClientConnectorDNSError: Cannot connect to host api.telegram.org:443 ssl:default [getaddrinfo failed]
2026-07-08 17:27:59 | WARNING  | aiogram.dispatcher | Sleep for 5.017091 seconds and try again... (tryings = 777, bot id = 8737871300)
2026-07-08 17:28:04 | ERROR    | aiogram.dispatcher | Failed to fetch updates - TelegramNetworkError: HTTP Client says - ClientConnectorDNSError: Cannot connect to host api.telegram.org:443 ssl:default [getaddrinfo failed]
2026-07-08 17:28:04 | WARNING  | aiogram.dispatcher | Sleep for 5.139787 seconds and try again... (tryings = 778, bot id = 8737871300)
2026-07-08 17:28:10 | ERROR    | aiogram.dispatcher | Failed to fetch updates - TelegramNetworkError: HTTP Client says - ClientConnectorDNSError: Cannot connect to host api.telegram.org:443 ssl:default [getaddrinfo failed]
2026-07-08 17:28:10 | WARNING  | aiogram.dispatcher | Sleep for 4.910990 seconds and try again... (tryings = 779, bot id = 8737871300)
2026-07-08 17:28:14 | ERROR    | aiogram.dispatcher | Failed to fetch updates - TelegramNetworkError: HTTP Client says - ClientConnectorDNSError: Cannot connect to host api.telegram.org:443 ssl:default [getaddrinfo failed]
2026-07-08 17:28:14 | WARNING  | aiogram.dispatcher | Sleep for 5.039857 seconds and try again... (tryings = 780, bot id = 8737871300)
2026-07-08 17:28:19 | ERROR    | aiogram.dispatcher | Failed to fetch updates - TelegramNetworkError: HTTP Client says - ClientConnectorDNSError: Cannot connect to host api.telegram.org:443 ssl:default [getaddrinfo failed]
2026-07-08 17:28:19 | WARNING  | aiogram.dispatcher | Sleep for 4.845621 seconds and try again... (tryings = 781, bot id = 8737871300)
2026-07-08 17:28:24 | ERROR    | aiogram.dispatcher | Failed to fetch updates - TelegramNetworkError: HTTP Client says - ClientConnectorDNSError: Cannot connect to host api.telegram.org:443 ssl:default [getaddrinfo failed]
2026-07-08 17:28:24 | WARNING  | aiogram.dispatcher | Sleep for 5.065339 seconds and try again... (tryings = 782, bot id = 8737871300)
2026-07-08 17:28:29 | ERROR    | aiogram.dispatcher | Failed to fetch updates - TelegramNetworkError: HTTP Client says - ClientConnectorDNSError: Cannot connect to host api.telegram.org:443 ssl:default [getaddrinfo failed]
2026-07-08 17:28:29 | WARNING  | aiogram.dispatcher | Sleep for 5.067749 seconds and try again... (tryings = 783, bot id = 8737871300)
2026-07-08 17:28:34 | ERROR    | aiogram.dispatcher | Failed to fetch updates - TelegramNetworkError: HTTP Client says - ClientConnectorDNSError: Cannot connect to host api.telegram.org:443 ssl:default [getaddrinfo failed]
2026-07-08 17:28:34 | WARNING  | aiogram.dispatcher | Sleep for 5.135105 seconds and try again... (tryings = 784, bot id = 8737871300)
2026-07-08 17:28:40 | ERROR    | aiogram.dispatcher | Failed to fetch updates - TelegramNetworkError: HTTP Client says - ClientConnectorDNSError: Cannot connect to host api.telegram.org:443 ssl:default [getaddrinfo failed]
2026-07-08 17:28:40 | WARNING  | aiogram.dispatcher | Sleep for 5.061382 seconds and try again... (tryings = 785, bot id = 8737871300)
2026-07-08 17:28:45 | ERROR    | aiogram.dispatcher | Failed to fetch updates - TelegramNetworkError: HTTP Client says - ClientConnectorDNSError: Cannot connect to host api.telegram.org:443 ssl:default [getaddrinfo failed]
2026-07-08 17:28:45 | WARNING  | aiogram.dispatcher | Sleep for 4.850850 seconds and try again... (tryings = 786, bot id = 8737871300)
2026-07-08 17:28:50 | ERROR    | aiogram.dispatcher | Failed to fetch updates - TelegramNetworkError: HTTP Client says - ClientConnectorDNSError: Cannot connect to host api.telegram.org:443 ssl:default [getaddrinfo failed]
2026-07-08 17:28:50 | WARNING  | aiogram.dispatcher | Sleep for 5.184819 seconds and try again... (tryings = 787, bot id = 8737871300)
2026-07-08 17:28:55 | ERROR    | aiogram.dispatcher | Failed to fetch updates - TelegramNetworkError: HTTP Client says - ClientConnectorDNSError: Cannot connect to host api.telegram.org:443 ssl:default [getaddrinfo failed]
2026-07-08 17:28:55 | WARNING  | aiogram.dispatcher | Sleep for 4.959504 seconds and try again... (tryings = 788, bot id = 8737871300)
2026-07-08 17:29:00 | ERROR    | aiogram.dispatcher | Failed to fetch updates - TelegramNetworkError: HTTP Client says - ClientConnectorDNSError: Cannot connect to host api.telegram.org:443 ssl:default [getaddrinfo failed]
2026-07-08 17:29:00 | WARNING  | aiogram.dispatcher | Sleep for 5.066735 seconds and try again... (tryings = 789, bot id = 8737871300)
2026-07-08 17:29:05 | ERROR    | aiogram.dispatcher | Failed to fetch updates - TelegramNetworkError: HTTP Client says - ClientConnectorDNSError: Cannot connect to host api.telegram.org:443 ssl:default [getaddrinfo failed]
2026-07-08 17:29:05 | WARNING  | aiogram.dispatcher | Sleep for 4.961289 seconds and try again... (tryings = 790, bot id = 8737871300)
2026-07-08 17:29:10 | ERROR    | aiogram.dispatcher | Failed to fetch updates - TelegramNetworkError: HTTP Client says - ClientConnectorDNSError: Cannot connect to host api.telegram.org:443 ssl:default [getaddrinfo failed]
2026-07-08 17:29:10 | WARNING  | aiogram.dispatcher | Sleep for 5.158201 seconds and try again... (tryings = 791, bot id = 8737871300)
2026-07-08 17:29:15 | ERROR    | aiogram.dispatcher | Failed to fetch updates - TelegramNetworkError: HTTP Client says - ClientConnectorDNSError: Cannot connect to host api.telegram.org:443 ssl:default [getaddrinfo failed]
2026-07-08 17:29:15 | WARNING  | aiogram.dispatcher | Sleep for 4.921032 seconds and try again... (tryings = 792, bot id = 8737871300)
2026-07-08 17:29:20 | ERROR    | aiogram.dispatcher | Failed to fetch updates - TelegramNetworkError: HTTP Client says - ClientConnectorDNSError: Cannot connect to host api.telegram.org:443 ssl:default [getaddrinfo failed]
2026-07-08 17:29:20 | WARNING  | aiogram.dispatcher | Sleep for 4.970690 seconds and try again... (tryings = 793, bot id = 8737871300)
2026-07-08 17:29:25 | ERROR    | aiogram.dispatcher | Failed to fetch updates - TelegramNetworkError: HTTP Client says - ClientConnectorDNSError: Cannot connect to host api.telegram.org:443 ssl:default [getaddrinfo failed]
2026-07-08 17:29:25 | WARNING  | aiogram.dispatcher | Sleep for 4.953785 seconds and try again... (tryings = 794, bot id = 8737871300)
2026-07-08 17:29:30 | ERROR    | aiogram.dispatcher | Failed to fetch updates - TelegramNetworkError: HTTP Client says - ClientConnectorDNSError: Cannot connect to host api.telegram.org:443 ssl:default [getaddrinfo failed]
2026-07-08 17:29:30 | WARNING  | aiogram.dispatcher | Sleep for 5.152689 seconds and try again... (tryings = 795, bot id = 8737871300)
2026-07-08 17:29:35 | ERROR    | aiogram.dispatcher | Failed to fetch updates - TelegramNetworkError: HTTP Client says - ClientConnectorDNSError: Cannot connect to host api.telegram.org:443 ssl:default [getaddrinfo failed]
2026-07-08 17:29:35 | WARNING  | aiogram.dispatcher | Sleep for 5.279697 seconds and try again... (tryings = 796, bot id = 8737871300)
2026-07-08 17:29:40 | ERROR    | aiogram.dispatcher | Failed to fetch updates - TelegramNetworkError: HTTP Client says - ClientConnectorDNSError: Cannot connect to host api.telegram.org:443 ssl:default [getaddrinfo failed]
2026-07-08 17:29:40 | WARNING  | aiogram.dispatcher | Sleep for 5.096886 seconds and try again... (tryings = 797, bot id = 8737871300)
2026-07-08 17:29:45 | ERROR    | aiogram.dispatcher | Failed to fetch updates - TelegramNetworkError: HTTP Client says - ClientConnectorDNSError: Cannot connect to host api.telegram.org:443 ssl:default [getaddrinfo failed]
2026-07-08 17:29:45 | WARNING  | aiogram.dispatcher | Sleep for 5.005397 seconds and try again... (tryings = 798, bot id = 8737871300)
2026-07-08 17:29:50 | ERROR    | aiogram.dispatcher | Failed to fetch updates - TelegramNetworkError: HTTP Client says - ClientConnectorDNSError: Cannot connect to host api.telegram.org:443 ssl:default [getaddrinfo failed]
2026-07-08 17:29:50 | WARNING  | aiogram.dispatcher | Sleep for 4.825204 seconds and try again... (tryings = 799, bot id = 8737871300)
2026-07-08 17:29:55 | ERROR    | aiogram.dispatcher | Failed to fetch updates - TelegramNetworkError: HTTP Client says - ClientConnectorDNSError: Cannot connect to host api.telegram.org:443 ssl:default [getaddrinfo failed]
2026-07-08 17:29:55 | WARNING  | aiogram.dispatcher | Sleep for 5.140093 seconds and try again... (tryings = 800, bot id = 8737871300)
2026-07-08 17:30:00 | ERROR    | aiogram.dispatcher | Failed to fetch updates - TelegramNetworkError: HTTP Client says - ClientConnectorDNSError: Cannot connect to host api.telegram.org:443 ssl:default [getaddrinfo failed]
2026-07-08 17:30:00 | WARNING  | aiogram.dispatcher | Sleep for 5.009807 seconds and try again... (tryings = 801, bot id = 8737871300)
2026-07-08 17:30:05 | ERROR    | aiogram.dispatcher | Failed to fetch updates - TelegramNetworkError: HTTP Client says - ClientConnectorDNSError: Cannot connect to host api.telegram.org:443 ssl:default [getaddrinfo failed]
2026-07-08 17:30:05 | WARNING  | aiogram.dispatcher | Sleep for 4.938014 seconds and try again... (tryings = 802, bot id = 8737871300)
2026-07-08 17:30:10 | ERROR    | aiogram.dispatcher | Failed to fetch updates - TelegramNetworkError: HTTP Client says - ClientConnectorDNSError: Cannot connect to host api.telegram.org:443 ssl:default [getaddrinfo failed]
2026-07-08 17:30:10 | WARNING  | aiogram.dispatcher | Sleep for 4.975792 seconds and try again... (tryings = 803, bot id = 8737871300)
2026-07-08 17:30:15 | ERROR    | aiogram.dispatcher | Failed to fetch updates - TelegramNetworkError: HTTP Client says - ClientConnectorDNSError: Cannot connect to host api.telegram.org:443 ssl:default [getaddrinfo failed]
2026-07-08 17:30:15 | WARNING  | aiogram.dispatcher | Sleep for 5.029234 seconds and try again... (tryings = 804, bot id = 8737871300)
2026-07-08 17:30:20 | ERROR    | aiogram.dispatcher | Failed to fetch updates - TelegramNetworkError: HTTP Client says - ClientConnectorDNSError: Cannot connect to host api.telegram.org:443 ssl:default [getaddrinfo failed]
2026-07-08 17:30:20 | WARNING  | aiogram.dispatcher | Sleep for 4.976878 seconds and try again... (tryings = 805, bot id = 8737871300)
2026-07-08 17:30:25 | ERROR    | aiogram.dispatcher | Failed to fetch updates - TelegramNetworkError: HTTP Client says - ClientConnectorDNSError: Cannot connect to host api.telegram.org:443 ssl:default [getaddrinfo failed]
2026-07-08 17:30:25 | WARNING  | aiogram.dispatcher | Sleep for 4.927304 seconds and try again... (tryings = 806, bot id = 8737871300)
2026-07-08 17:30:30 | ERROR    | aiogram.dispatcher | Failed to fetch updates - TelegramNetworkError: HTTP Client says - ClientConnectorDNSError: Cannot connect to host api.telegram.org:443 ssl:default [getaddrinfo failed]
2026-07-08 17:30:30 | WARNING  | aiogram.dispatcher | Sleep for 5.086004 seconds and try again... (tryings = 807, bot id = 8737871300)
2026-07-08 17:30:35 | ERROR    | aiogram.dispatcher | Failed to fetch updates - TelegramNetworkError: HTTP Client says - ClientConnectorDNSError: Cannot connect to host api.telegram.org:443 ssl:default [getaddrinfo failed]
2026-07-08 17:30:35 | WARNING  | aiogram.dispatcher | Sleep for 5.275854 seconds and try again... (tryings = 808, bot id = 8737871300)
2026-07-08 17:30:41 | ERROR    | aiogram.dispatcher | Failed to fetch updates - TelegramNetworkError: HTTP Client says - ClientConnectorDNSError: Cannot connect to host api.telegram.org:443 ssl:default [getaddrinfo failed]
2026-07-08 17:30:41 | WARNING  | aiogram.dispatcher | Sleep for 4.942488 seconds and try again... (tryings = 809, bot id = 8737871300)
2026-07-08 17:30:45 | ERROR    | aiogram.dispatcher | Failed to fetch updates - TelegramNetworkError: HTTP Client says - ClientConnectorDNSError: Cannot connect to host api.telegram.org:443 ssl:default [getaddrinfo failed]
2026-07-08 17:30:45 | WARNING  | aiogram.dispatcher | Sleep for 5.040045 seconds and try again... (tryings = 810, bot id = 8737871300)
2026-07-08 17:30:51 | ERROR    | aiogram.dispatcher | Failed to fetch updates - TelegramNetworkError: HTTP Client says - ClientConnectorDNSError: Cannot connect to host api.telegram.org:443 ssl:default [getaddrinfo failed]
2026-07-08 17:30:51 | WARNING  | aiogram.dispatcher | Sleep for 5.102846 seconds and try again... (tryings = 811, bot id = 8737871300)
2026-07-08 17:30:56 | ERROR    | aiogram.dispatcher | Failed to fetch updates - TelegramNetworkError: HTTP Client says - ClientConnectorDNSError: Cannot connect to host api.telegram.org:443 ssl:default [getaddrinfo failed]
2026-07-08 17:30:56 | WARNING  | aiogram.dispatcher | Sleep for 4.884369 seconds and try again... (tryings = 812, bot id = 8737871300)
2026-07-08 17:31:01 | ERROR    | aiogram.dispatcher | Failed to fetch updates - TelegramNetworkError: HTTP Client says - ClientConnectorDNSError: Cannot connect to host api.telegram.org:443 ssl:default [getaddrinfo failed]
2026-07-08 17:31:01 | WARNING  | aiogram.dispatcher | Sleep for 4.830834 seconds and try again... (tryings = 813, bot id = 8737871300)
2026-07-08 17:31:05 | ERROR    | aiogram.dispatcher | Failed to fetch updates - TelegramNetworkError: HTTP Client says - ClientConnectorDNSError: Cannot connect to host api.telegram.org:443 ssl:default [getaddrinfo failed]
2026-07-08 17:31:05 | WARNING  | aiogram.dispatcher | Sleep for 5.053914 seconds and try again... (tryings = 814, bot id = 8737871300)
2026-07-08 17:31:10 | ERROR    | aiogram.dispatcher | Failed to fetch updates - TelegramNetworkError: HTTP Client says - ClientConnectorDNSError: Cannot connect to host api.telegram.org:443 ssl:default [getaddrinfo failed]
2026-07-08 17:31:10 | WARNING  | aiogram.dispatcher | Sleep for 5.134855 seconds and try again... (tryings = 815, bot id = 8737871300)
2026-07-08 17:31:16 | ERROR    | aiogram.dispatcher | Failed to fetch updates - TelegramNetworkError: HTTP Client says - ClientConnectorDNSError: Cannot connect to host api.telegram.org:443 ssl:default [getaddrinfo failed]
2026-07-08 17:31:16 | WARNING  | aiogram.dispatcher | Sleep for 4.984655 seconds and try again... (tryings = 816, bot id = 8737871300)
2026-07-08 17:31:21 | ERROR    | aiogram.dispatcher | Failed to fetch updates - TelegramNetworkError: HTTP Client says - ClientConnectorDNSError: Cannot connect to host api.telegram.org:443 ssl:default [getaddrinfo failed]
2026-07-08 17:31:21 | WARNING  | aiogram.dispatcher | Sleep for 4.982995 seconds and try again... (tryings = 817, bot id = 8737871300)
2026-07-08 17:31:26 | ERROR    | aiogram.dispatcher | Failed to fetch updates - TelegramNetworkError: HTTP Client says - ClientConnectorDNSError: Cannot connect to host api.telegram.org:443 ssl:default [getaddrinfo failed]
2026-07-08 17:31:26 | WARNING  | aiogram.dispatcher | Sleep for 4.960141 seconds and try again... (tryings = 818, bot id = 8737871300)
2026-07-08 17:31:31 | ERROR    | aiogram.dispatcher | Failed to fetch updates - TelegramNetworkError: HTTP Client says - ClientConnectorDNSError: Cannot connect to host api.telegram.org:443 ssl:default [getaddrinfo failed]
2026-07-08 17:31:31 | WARNING  | aiogram.dispatcher | Sleep for 5.007863 seconds and try again... (tryings = 819, bot id = 8737871300)
2026-07-08 17:31:36 | ERROR    | aiogram.dispatcher | Failed to fetch updates - TelegramNetworkError: HTTP Client says - ClientConnectorDNSError: Cannot connect to host api.telegram.org:443 ssl:default [getaddrinfo failed]
2026-07-08 17:31:36 | WARNING  | aiogram.dispatcher | Sleep for 4.925377 seconds and try again... (tryings = 820, bot id = 8737871300)
2026-07-08 17:31:40 | ERROR    | aiogram.dispatcher | Failed to fetch updates - TelegramNetworkError: HTTP Client says - ClientConnectorDNSError: Cannot connect to host api.telegram.org:443 ssl:default [getaddrinfo failed]
2026-07-08 17:31:40 | WARNING  | aiogram.dispatcher | Sleep for 4.917445 seconds and try again... (tryings = 821, bot id = 8737871300)
2026-07-08 17:31:45 | ERROR    | aiogram.dispatcher | Failed to fetch updates - TelegramNetworkError: HTTP Client says - ClientConnectorDNSError: Cannot connect to host api.telegram.org:443 ssl:default [getaddrinfo failed]
2026-07-08 17:31:45 | WARNING  | aiogram.dispatcher | Sleep for 4.759303 seconds and try again... (tryings = 822, bot id = 8737871300)
2026-07-08 17:31:50 | ERROR    | aiogram.dispatcher | Failed to fetch updates - TelegramNetworkError: HTTP Client says - ClientConnectorDNSError: Cannot connect to host api.telegram.org:443 ssl:default [getaddrinfo failed]
2026-07-08 17:31:50 | WARNING  | aiogram.dispatcher | Sleep for 5.110540 seconds and try again... (tryings = 823, bot id = 8737871300)
2026-07-08 17:31:55 | ERROR    | aiogram.dispatcher | Failed to fetch updates - TelegramNetworkError: HTTP Client says - ClientConnectorDNSError: Cannot connect to host api.telegram.org:443 ssl:default [getaddrinfo failed]
2026-07-08 17:31:55 | WARNING  | aiogram.dispatcher | Sleep for 5.037674 seconds and try again... (tryings = 824, bot id = 8737871300)
2026-07-08 17:32:00 | ERROR    | aiogram.dispatcher | Failed to fetch updates - TelegramNetworkError: HTTP Client says - ClientConnectorDNSError: Cannot connect to host api.telegram.org:443 ssl:default [getaddrinfo failed]
2026-07-08 17:32:00 | WARNING  | aiogram.dispatcher | Sleep for 5.034678 seconds and try again... (tryings = 825, bot id = 8737871300)
2026-07-08 17:32:05 | ERROR    | aiogram.dispatcher | Failed to fetch updates - TelegramNetworkError: HTTP Client says - ClientConnectorDNSError: Cannot connect to host api.telegram.org:443 ssl:default [getaddrinfo failed]
2026-07-08 17:32:05 | WARNING  | aiogram.dispatcher | Sleep for 5.030638 seconds and try again... (tryings = 826, bot id = 8737871300)
2026-07-08 17:32:10 | ERROR    | aiogram.dispatcher | Failed to fetch updates - TelegramNetworkError: HTTP Client says - ClientConnectorDNSError: Cannot connect to host api.telegram.org:443 ssl:default [getaddrinfo failed]
2026-07-08 17:32:10 | WARNING  | aiogram.dispatcher | Sleep for 4.932882 seconds and try again... (tryings = 827, bot id = 8737871300)
2026-07-08 17:32:15 | ERROR    | aiogram.dispatcher | Failed to fetch updates - TelegramNetworkError: HTTP Client says - ClientConnectorDNSError: Cannot connect to host api.telegram.org:443 ssl:default [getaddrinfo failed]
2026-07-08 17:32:15 | WARNING  | aiogram.dispatcher | Sleep for 4.929594 seconds and try again... (tryings = 828, bot id = 8737871300)
2026-07-08 17:32:20 | ERROR    | aiogram.dispatcher | Failed to fetch updates - TelegramNetworkError: HTTP Client says - ClientConnectorDNSError: Cannot connect to host api.telegram.org:443 ssl:default [getaddrinfo failed]
2026-07-08 17:32:20 | WARNING  | aiogram.dispatcher | Sleep for 5.024664 seconds and try again... (tryings = 829, bot id = 8737871300)
2026-07-08 17:32:25 | ERROR    | aiogram.dispatcher | Failed to fetch updates - TelegramNetworkError: HTTP Client says - ClientConnectorDNSError: Cannot connect to host api.telegram.org:443 ssl:default [getaddrinfo failed]
2026-07-08 17:32:25 | WARNING  | aiogram.dispatcher | Sleep for 4.978942 seconds and try again... (tryings = 830, bot id = 8737871300)
2026-07-08 17:32:30 | ERROR    | aiogram.dispatcher | Failed to fetch updates - TelegramNetworkError: HTTP Client says - ClientConnectorDNSError: Cannot connect to host api.telegram.org:443 ssl:default [getaddrinfo failed]
2026-07-08 17:32:30 | WARNING  | aiogram.dispatcher | Sleep for 5.117710 seconds and try again... (tryings = 831, bot id = 8737871300)
2026-07-08 17:32:35 | ERROR    | aiogram.dispatcher | Failed to fetch updates - TelegramNetworkError: HTTP Client says - ClientConnectorDNSError: Cannot connect to host api.telegram.org:443 ssl:default [getaddrinfo failed]
2026-07-08 17:32:35 | WARNING  | aiogram.dispatcher | Sleep for 4.990132 seconds and try again... (tryings = 832, bot id = 8737871300)
2026-07-08 17:32:40 | ERROR    | aiogram.dispatcher | Failed to fetch updates - TelegramNetworkError: HTTP Client says - ClientConnectorDNSError: Cannot connect to host api.telegram.org:443 ssl:default [getaddrinfo failed]
2026-07-08 17:32:40 | WARNING  | aiogram.dispatcher | Sleep for 5.271199 seconds and try again... (tryings = 833, bot id = 8737871300)
2026-07-08 17:32:46 | ERROR    | aiogram.dispatcher | Failed to fetch updates - TelegramNetworkError: HTTP Client says - ClientConnectorDNSError: Cannot connect to host api.telegram.org:443 ssl:default [getaddrinfo failed]
2026-07-08 17:32:46 | WARNING  | aiogram.dispatcher | Sleep for 5.061089 seconds and try again... (tryings = 834, bot id = 8737871300)
2026-07-08 17:32:51 | ERROR    | aiogram.dispatcher | Failed to fetch updates - TelegramNetworkError: HTTP Client says - ClientConnectorDNSError: Cannot connect to host api.telegram.org:443 ssl:default [getaddrinfo failed]
2026-07-08 17:32:51 | WARNING  | aiogram.dispatcher | Sleep for 5.075943 seconds and try again... (tryings = 835, bot id = 8737871300)
2026-07-08 17:32:56 | ERROR    | aiogram.dispatcher | Failed to fetch updates - TelegramNetworkError: HTTP Client says - ClientConnectorDNSError: Cannot connect to host api.telegram.org:443 ssl:default [getaddrinfo failed]
2026-07-08 17:32:56 | WARNING  | aiogram.dispatcher | Sleep for 4.928707 seconds and try again... (tryings = 836, bot id = 8737871300)
2026-07-08 17:33:01 | ERROR    | aiogram.dispatcher | Failed to fetch updates - TelegramNetworkError: HTTP Client says - ClientConnectorDNSError: Cannot connect to host api.telegram.org:443 ssl:default [getaddrinfo failed]
2026-07-08 17:33:01 | WARNING  | aiogram.dispatcher | Sleep for 5.125814 seconds and try again... (tryings = 837, bot id = 8737871300)
2026-07-08 17:33:06 | ERROR    | aiogram.dispatcher | Failed to fetch updates - TelegramNetworkError: HTTP Client says - ClientConnectorDNSError: Cannot connect to host api.telegram.org:443 ssl:default [getaddrinfo failed]
2026-07-08 17:33:06 | WARNING  | aiogram.dispatcher | Sleep for 4.967851 seconds and try again... (tryings = 838, bot id = 8737871300)
2026-07-08 17:33:11 | ERROR    | aiogram.dispatcher | Failed to fetch updates - TelegramNetworkError: HTTP Client says - ClientConnectorDNSError: Cannot connect to host api.telegram.org:443 ssl:default [getaddrinfo failed]
2026-07-08 17:33:11 | WARNING  | aiogram.dispatcher | Sleep for 5.066946 seconds and try again... (tryings = 839, bot id = 8737871300)
2026-07-08 17:33:16 | ERROR    | aiogram.dispatcher | Failed to fetch updates - TelegramNetworkError: HTTP Client says - ClientConnectorDNSError: Cannot connect to host api.telegram.org:443 ssl:default [getaddrinfo failed]
2026-07-08 17:33:16 | WARNING  | aiogram.dispatcher | Sleep for 4.960827 seconds and try again... (tryings = 840, bot id = 8737871300)
2026-07-08 17:33:21 | ERROR    | aiogram.dispatcher | Failed to fetch updates - TelegramNetworkError: HTTP Client says - ClientConnectorDNSError: Cannot connect to host api.telegram.org:443 ssl:default [getaddrinfo failed]
2026-07-08 17:33:21 | WARNING  | aiogram.dispatcher | Sleep for 5.114793 seconds and try again... (tryings = 841, bot id = 8737871300)
2026-07-08 17:33:26 | ERROR    | aiogram.dispatcher | Failed to fetch updates - TelegramNetworkError: HTTP Client says - ClientConnectorDNSError: Cannot connect to host api.telegram.org:443 ssl:default [getaddrinfo failed]
2026-07-08 17:33:26 | WARNING  | aiogram.dispatcher | Sleep for 5.320005 seconds and try again... (tryings = 842, bot id = 8737871300)
2026-07-08 17:33:31 | ERROR    | aiogram.dispatcher | Failed to fetch updates - TelegramNetworkError: HTTP Client says - ClientConnectorDNSError: Cannot connect to host api.telegram.org:443 ssl:default [getaddrinfo failed]
2026-07-08 17:33:31 | WARNING  | aiogram.dispatcher | Sleep for 5.108269 seconds and try again... (tryings = 843, bot id = 8737871300)
2026-07-08 17:33:36 | ERROR    | aiogram.dispatcher | Failed to fetch updates - TelegramNetworkError: HTTP Client says - ClientConnectorDNSError: Cannot connect to host api.telegram.org:443 ssl:default [getaddrinfo failed]
2026-07-08 17:33:36 | WARNING  | aiogram.dispatcher | Sleep for 4.983673 seconds and try again... (tryings = 844, bot id = 8737871300)
2026-07-08 17:33:41 | ERROR    | aiogram.dispatcher | Failed to fetch updates - TelegramNetworkError: HTTP Client says - ClientConnectorDNSError: Cannot connect to host api.telegram.org:443 ssl:default [getaddrinfo failed]
2026-07-08 17:33:41 | WARNING  | aiogram.dispatcher | Sleep for 4.836601 seconds and try again... (tryings = 845, bot id = 8737871300)
2026-07-08 17:33:46 | ERROR    | aiogram.dispatcher | Failed to fetch updates - TelegramNetworkError: HTTP Client says - ClientConnectorDNSError: Cannot connect to host api.telegram.org:443 ssl:default [getaddrinfo failed]
2026-07-08 17:33:46 | WARNING  | aiogram.dispatcher | Sleep for 4.873872 seconds and try again... (tryings = 846, bot id = 8737871300)
2026-07-08 17:33:51 | ERROR    | aiogram.dispatcher | Failed to fetch updates - TelegramNetworkError: HTTP Client says - ClientConnectorDNSError: Cannot connect to host api.telegram.org:443 ssl:default [getaddrinfo failed]
2026-07-08 17:33:51 | WARNING  | aiogram.dispatcher | Sleep for 4.944731 seconds and try again... (tryings = 847, bot id = 8737871300)
2026-07-08 17:33:56 | ERROR    | aiogram.dispatcher | Failed to fetch updates - TelegramNetworkError: HTTP Client says - ClientConnectorDNSError: Cannot connect to host api.telegram.org:443 ssl:default [getaddrinfo failed]
2026-07-08 17:33:56 | WARNING  | aiogram.dispatcher | Sleep for 4.917273 seconds and try again... (tryings = 848, bot id = 8737871300)
2026-07-08 17:34:01 | ERROR    | aiogram.dispatcher | Failed to fetch updates - TelegramNetworkError: HTTP Client says - ClientConnectorDNSError: Cannot connect to host api.telegram.org:443 ssl:default [getaddrinfo failed]
2026-07-08 17:34:01 | WARNING  | aiogram.dispatcher | Sleep for 4.960359 seconds and try again... (tryings = 849, bot id = 8737871300)
2026-07-08 17:34:06 | ERROR    | aiogram.dispatcher | Failed to fetch updates - TelegramNetworkError: HTTP Client says - ClientConnectorDNSError: Cannot connect to host api.telegram.org:443 ssl:default [getaddrinfo failed]
2026-07-08 17:34:06 | WARNING  | aiogram.dispatcher | Sleep for 4.783927 seconds and try again... (tryings = 850, bot id = 8737871300)
2026-07-08 17:34:11 | ERROR    | aiogram.dispatcher | Failed to fetch updates - TelegramNetworkError: HTTP Client says - ClientConnectorDNSError: Cannot connect to host api.telegram.org:443 ssl:default [getaddrinfo failed]
2026-07-08 17:34:11 | WARNING  | aiogram.dispatcher | Sleep for 4.848447 seconds and try again... (tryings = 851, bot id = 8737871300)
2026-07-08 17:34:16 | ERROR    | aiogram.dispatcher | Failed to fetch updates - TelegramNetworkError: HTTP Client says - ClientConnectorDNSError: Cannot connect to host api.telegram.org:443 ssl:default [getaddrinfo failed]
2026-07-08 17:34:16 | WARNING  | aiogram.dispatcher | Sleep for 4.946373 seconds and try again... (tryings = 852, bot id = 8737871300)
2026-07-08 17:34:21 | ERROR    | aiogram.dispatcher | Failed to fetch updates - TelegramNetworkError: HTTP Client says - ClientConnectorDNSError: Cannot connect to host api.telegram.org:443 ssl:default [getaddrinfo failed]
2026-07-08 17:34:21 | WARNING  | aiogram.dispatcher | Sleep for 5.113761 seconds and try again... (tryings = 853, bot id = 8737871300)
2026-07-08 17:34:26 | ERROR    | aiogram.dispatcher | Failed to fetch updates - TelegramNetworkError: HTTP Client says - ClientConnectorDNSError: Cannot connect to host api.telegram.org:443 ssl:default [getaddrinfo failed]
2026-07-08 17:34:26 | WARNING  | aiogram.dispatcher | Sleep for 4.966744 seconds and try again... (tryings = 854, bot id = 8737871300)
2026-07-08 17:34:31 | ERROR    | aiogram.dispatcher | Failed to fetch updates - TelegramNetworkError: HTTP Client says - ClientConnectorDNSError: Cannot connect to host api.telegram.org:443 ssl:default [getaddrinfo failed]
2026-07-08 17:34:31 | WARNING  | aiogram.dispatcher | Sleep for 5.058819 seconds and try again... (tryings = 855, bot id = 8737871300)
2026-07-08 17:34:36 | ERROR    | aiogram.dispatcher | Failed to fetch updates - TelegramNetworkError: HTTP Client says - ClientConnectorDNSError: Cannot connect to host api.telegram.org:443 ssl:default [getaddrinfo failed]
2026-07-08 17:34:36 | WARNING  | aiogram.dispatcher | Sleep for 4.962602 seconds and try again... (tryings = 856, bot id = 8737871300)
2026-07-08 17:34:41 | ERROR    | aiogram.dispatcher | Failed to fetch updates - TelegramNetworkError: HTTP Client says - ClientConnectorDNSError: Cannot connect to host api.telegram.org:443 ssl:default [getaddrinfo failed]
2026-07-08 17:34:41 | WARNING  | aiogram.dispatcher | Sleep for 5.032059 seconds and try again... (tryings = 857, bot id = 8737871300)
2026-07-08 17:34:46 | ERROR    | aiogram.dispatcher | Failed to fetch updates - TelegramNetworkError: HTTP Client says - ClientConnectorDNSError: Cannot connect to host api.telegram.org:443 ssl:default [getaddrinfo failed]
2026-07-08 17:34:46 | WARNING  | aiogram.dispatcher | Sleep for 5.033144 seconds and try again... (tryings = 858, bot id = 8737871300)
2026-07-08 17:34:51 | ERROR    | aiogram.dispatcher | Failed to fetch updates - TelegramNetworkError: HTTP Client says - ClientConnectorDNSError: Cannot connect to host api.telegram.org:443 ssl:default [getaddrinfo failed]
2026-07-08 17:34:51 | WARNING  | aiogram.dispatcher | Sleep for 5.158302 seconds and try again... (tryings = 859, bot id = 8737871300)
2026-07-08 17:34:56 | ERROR    | aiogram.dispatcher | Failed to fetch updates - TelegramNetworkError: HTTP Client says - ClientConnectorDNSError: Cannot connect to host api.telegram.org:443 ssl:default [getaddrinfo failed]
2026-07-08 17:34:56 | WARNING  | aiogram.dispatcher | Sleep for 5.014541 seconds and try again... (tryings = 860, bot id = 8737871300)
2026-07-08 17:35:01 | ERROR    | aiogram.dispatcher | Failed to fetch updates - TelegramNetworkError: HTTP Client says - ClientConnectorDNSError: Cannot connect to host api.telegram.org:443 ssl:default [getaddrinfo failed]
2026-07-08 17:35:01 | WARNING  | aiogram.dispatcher | Sleep for 5.055532 seconds and try again... (tryings = 861, bot id = 8737871300)
2026-07-08 17:35:06 | ERROR    | aiogram.dispatcher | Failed to fetch updates - TelegramNetworkError: HTTP Client says - ClientConnectorDNSError: Cannot connect to host api.telegram.org:443 ssl:default [getaddrinfo failed]
2026-07-08 17:35:06 | WARNING  | aiogram.dispatcher | Sleep for 5.046237 seconds and try again... (tryings = 862, bot id = 8737871300)
2026-07-08 17:35:11 | ERROR    | aiogram.dispatcher | Failed to fetch updates - TelegramNetworkError: HTTP Client says - ClientConnectorDNSError: Cannot connect to host api.telegram.org:443 ssl:default [getaddrinfo failed]
2026-07-08 17:35:11 | WARNING  | aiogram.dispatcher | Sleep for 5.035892 seconds and try again... (tryings = 863, bot id = 8737871300)
2026-07-08 17:35:16 | ERROR    | aiogram.dispatcher | Failed to fetch updates - TelegramNetworkError: HTTP Client says - ClientConnectorDNSError: Cannot connect to host api.telegram.org:443 ssl:default [getaddrinfo failed]
2026-07-08 17:35:16 | WARNING  | aiogram.dispatcher | Sleep for 5.017301 seconds and try again... (tryings = 864, bot id = 8737871300)
2026-07-08 17:35:21 | ERROR    | aiogram.dispatcher | Failed to fetch updates - TelegramNetworkError: HTTP Client says - ClientConnectorDNSError: Cannot connect to host api.telegram.org:443 ssl:default [getaddrinfo failed]
2026-07-08 17:35:21 | WARNING  | aiogram.dispatcher | Sleep for 4.983707 seconds and try again... (tryings = 865, bot id = 8737871300)
2026-07-08 17:35:26 | ERROR    | aiogram.dispatcher | Failed to fetch updates - TelegramNetworkError: HTTP Client says - ClientConnectorDNSError: Cannot connect to host api.telegram.org:443 ssl:default [getaddrinfo failed]
2026-07-08 17:35:26 | WARNING  | aiogram.dispatcher | Sleep for 4.997835 seconds and try again... (tryings = 866, bot id = 8737871300)
2026-07-08 17:35:31 | ERROR    | aiogram.dispatcher | Failed to fetch updates - TelegramNetworkError: HTTP Client says - ClientConnectorDNSError: Cannot connect to host api.telegram.org:443 ssl:default [getaddrinfo failed]
2026-07-08 17:35:31 | WARNING  | aiogram.dispatcher | Sleep for 4.948801 seconds and try again... (tryings = 867, bot id = 8737871300)
2026-07-08 17:35:36 | ERROR    | aiogram.dispatcher | Failed to fetch updates - TelegramNetworkError: HTTP Client says - ClientConnectorDNSError: Cannot connect to host api.telegram.org:443 ssl:default [getaddrinfo failed]
2026-07-08 17:35:36 | WARNING  | aiogram.dispatcher | Sleep for 5.132386 seconds and try again... (tryings = 868, bot id = 8737871300)
2026-07-08 17:35:41 | ERROR    | aiogram.dispatcher | Failed to fetch updates - TelegramNetworkError: HTTP Client says - ClientConnectorDNSError: Cannot connect to host api.telegram.org:443 ssl:default [getaddrinfo failed]
2026-07-08 17:35:41 | WARNING  | aiogram.dispatcher | Sleep for 4.902442 seconds and try again... (tryings = 869, bot id = 8737871300)
2026-07-08 17:35:46 | ERROR    | aiogram.dispatcher | Failed to fetch updates - TelegramNetworkError: HTTP Client says - ClientConnectorDNSError: Cannot connect to host api.telegram.org:443 ssl:default [getaddrinfo failed]
2026-07-08 17:35:46 | WARNING  | aiogram.dispatcher | Sleep for 5.063524 seconds and try again... (tryings = 870, bot id = 8737871300)
2026-07-08 17:35:51 | ERROR    | aiogram.dispatcher | Failed to fetch updates - TelegramNetworkError: HTTP Client says - ClientConnectorDNSError: Cannot connect to host api.telegram.org:443 ssl:default [getaddrinfo failed]
2026-07-08 17:35:51 | WARNING  | aiogram.dispatcher | Sleep for 5.177383 seconds and try again... (tryings = 871, bot id = 8737871300)
2026-07-08 17:35:56 | ERROR    | aiogram.dispatcher | Failed to fetch updates - TelegramNetworkError: HTTP Client says - ClientConnectorDNSError: Cannot connect to host api.telegram.org:443 ssl:default [getaddrinfo failed]
2026-07-08 17:35:56 | WARNING  | aiogram.dispatcher | Sleep for 4.853281 seconds and try again... (tryings = 872, bot id = 8737871300)
2026-07-08 17:36:01 | ERROR    | aiogram.dispatcher | Failed to fetch updates - TelegramNetworkError: HTTP Client says - ClientConnectorDNSError: Cannot connect to host api.telegram.org:443 ssl:default [getaddrinfo failed]
2026-07-08 17:36:01 | WARNING  | aiogram.dispatcher | Sleep for 4.963735 seconds and try again... (tryings = 873, bot id = 8737871300)
2026-07-08 17:36:06 | ERROR    | aiogram.dispatcher | Failed to fetch updates - TelegramNetworkError: HTTP Client says - ClientConnectorDNSError: Cannot connect to host api.telegram.org:443 ssl:default [getaddrinfo failed]
2026-07-08 17:36:06 | WARNING  | aiogram.dispatcher | Sleep for 4.967038 seconds and try again... (tryings = 874, bot id = 8737871300)
2026-07-08 17:36:11 | ERROR    | aiogram.dispatcher | Failed to fetch updates - TelegramNetworkError: HTTP Client says - ClientConnectorDNSError: Cannot connect to host api.telegram.org:443 ssl:default [getaddrinfo failed]
2026-07-08 17:36:11 | WARNING  | aiogram.dispatcher | Sleep for 4.781246 seconds and try again... (tryings = 875, bot id = 8737871300)
2026-07-08 17:36:16 | ERROR    | aiogram.dispatcher | Failed to fetch updates - TelegramNetworkError: HTTP Client says - ClientConnectorDNSError: Cannot connect to host api.telegram.org:443 ssl:default [getaddrinfo failed]
2026-07-08 17:36:16 | WARNING  | aiogram.dispatcher | Sleep for 4.834552 seconds and try again... (tryings = 876, bot id = 8737871300)
2026-07-08 17:36:21 | ERROR    | aiogram.dispatcher | Failed to fetch updates - TelegramNetworkError: HTTP Client says - ClientConnectorDNSError: Cannot connect to host api.telegram.org:443 ssl:default [getaddrinfo failed]
2026-07-08 17:36:21 | WARNING  | aiogram.dispatcher | Sleep for 4.946621 seconds and try again... (tryings = 877, bot id = 8737871300)
2026-07-08 17:36:26 | ERROR    | aiogram.dispatcher | Failed to fetch updates - TelegramNetworkError: HTTP Client says - ClientConnectorDNSError: Cannot connect to host api.telegram.org:443 ssl:default [getaddrinfo failed]
2026-07-08 17:36:26 | WARNING  | aiogram.dispatcher | Sleep for 4.859939 seconds and try again... (tryings = 878, bot id = 8737871300)
2026-07-08 17:36:31 | ERROR    | aiogram.dispatcher | Failed to fetch updates - TelegramNetworkError: HTTP Client says - ClientConnectorDNSError: Cannot connect to host api.telegram.org:443 ssl:default [getaddrinfo failed]
2026-07-08 17:36:31 | WARNING  | aiogram.dispatcher | Sleep for 5.222548 seconds and try again... (tryings = 879, bot id = 8737871300)
2026-07-08 17:36:36 | ERROR    | aiogram.dispatcher | Failed to fetch updates - TelegramNetworkError: HTTP Client says - ClientConnectorDNSError: Cannot connect to host api.telegram.org:443 ssl:default [getaddrinfo failed]
2026-07-08 17:36:36 | WARNING  | aiogram.dispatcher | Sleep for 5.145733 seconds and try again... (tryings = 880, bot id = 8737871300)
2026-07-08 17:36:41 | ERROR    | aiogram.dispatcher | Failed to fetch updates - TelegramNetworkError: HTTP Client says - ClientConnectorDNSError: Cannot connect to host api.telegram.org:443 ssl:default [getaddrinfo failed]
2026-07-08 17:36:41 | WARNING  | aiogram.dispatcher | Sleep for 4.970974 seconds and try again... (tryings = 881, bot id = 8737871300)
2026-07-08 17:36:46 | ERROR    | aiogram.dispatcher | Failed to fetch updates - TelegramNetworkError: HTTP Client says - ClientConnectorDNSError: Cannot connect to host api.telegram.org:443 ssl:default [getaddrinfo failed]
2026-07-08 17:36:46 | WARNING  | aiogram.dispatcher | Sleep for 5.088836 seconds and try again... (tryings = 882, bot id = 8737871300)
2026-07-08 17:36:51 | ERROR    | aiogram.dispatcher | Failed to fetch updates - TelegramNetworkError: HTTP Client says - ClientConnectorDNSError: Cannot connect to host api.telegram.org:443 ssl:default [getaddrinfo failed]
2026-07-08 17:36:51 | WARNING  | aiogram.dispatcher | Sleep for 5.033851 seconds and try again... (tryings = 883, bot id = 8737871300)
2026-07-08 17:36:56 | ERROR    | aiogram.dispatcher | Failed to fetch updates - TelegramNetworkError: HTTP Client says - ClientConnectorDNSError: Cannot connect to host api.telegram.org:443 ssl:default [getaddrinfo failed]
2026-07-08 17:36:56 | WARNING  | aiogram.dispatcher | Sleep for 5.061530 seconds and try again... (tryings = 884, bot id = 8737871300)
2026-07-08 17:37:01 | ERROR    | aiogram.dispatcher | Failed to fetch updates - TelegramNetworkError: HTTP Client says - ClientConnectorDNSError: Cannot connect to host api.telegram.org:443 ssl:default [getaddrinfo failed]
2026-07-08 17:37:01 | WARNING  | aiogram.dispatcher | Sleep for 5.226885 seconds and try again... (tryings = 885, bot id = 8737871300)
2026-07-08 17:37:06 | ERROR    | aiogram.dispatcher | Failed to fetch updates - TelegramNetworkError: HTTP Client says - ClientConnectorDNSError: Cannot connect to host api.telegram.org:443 ssl:default [getaddrinfo failed]
2026-07-08 17:37:06 | WARNING  | aiogram.dispatcher | Sleep for 4.925971 seconds and try again... (tryings = 886, bot id = 8737871300)
2026-07-08 17:37:11 | ERROR    | aiogram.dispatcher | Failed to fetch updates - TelegramNetworkError: HTTP Client says - ClientConnectorDNSError: Cannot connect to host api.telegram.org:443 ssl:default [getaddrinfo failed]
2026-07-08 17:37:11 | WARNING  | aiogram.dispatcher | Sleep for 4.928435 seconds and try again... (tryings = 887, bot id = 8737871300)
2026-07-08 17:37:16 | ERROR    | aiogram.dispatcher | Failed to fetch updates - TelegramNetworkError: HTTP Client says - ClientConnectorDNSError: Cannot connect to host api.telegram.org:443 ssl:default [getaddrinfo failed]
2026-07-08 17:37:16 | WARNING  | aiogram.dispatcher | Sleep for 4.888350 seconds and try again... (tryings = 888, bot id = 8737871300)
2026-07-08 17:37:21 | ERROR    | aiogram.dispatcher | Failed to fetch updates - TelegramNetworkError: HTTP Client says - ClientConnectorDNSError: Cannot connect to host api.telegram.org:443 ssl:default [getaddrinfo failed]
2026-07-08 17:37:21 | WARNING  | aiogram.dispatcher | Sleep for 4.991390 seconds and try again... (tryings = 889, bot id = 8737871300)
2026-07-08 17:37:26 | ERROR    | aiogram.dispatcher | Failed to fetch updates - TelegramNetworkError: HTTP Client says - ClientConnectorDNSError: Cannot connect to host api.telegram.org:443 ssl:default [getaddrinfo failed]
2026-07-08 17:37:26 | WARNING  | aiogram.dispatcher | Sleep for 5.028876 seconds and try again... (tryings = 890, bot id = 8737871300)
2026-07-08 17:37:31 | ERROR    | aiogram.dispatcher | Failed to fetch updates - TelegramNetworkError: HTTP Client says - ClientConnectorDNSError: Cannot connect to host api.telegram.org:443 ssl:default [getaddrinfo failed]
2026-07-08 17:37:31 | WARNING  | aiogram.dispatcher | Sleep for 5.098890 seconds and try again... (tryings = 891, bot id = 8737871300)
2026-07-08 17:37:36 | ERROR    | aiogram.dispatcher | Failed to fetch updates - TelegramNetworkError: HTTP Client says - ClientConnectorDNSError: Cannot connect to host api.telegram.org:443 ssl:default [getaddrinfo failed]
2026-07-08 17:37:36 | WARNING  | aiogram.dispatcher | Sleep for 4.880168 seconds and try again... (tryings = 892, bot id = 8737871300)
2026-07-08 17:37:41 | ERROR    | aiogram.dispatcher | Failed to fetch updates - TelegramNetworkError: HTTP Client says - ClientConnectorDNSError: Cannot connect to host api.telegram.org:443 ssl:default [getaddrinfo failed]
2026-07-08 17:37:41 | WARNING  | aiogram.dispatcher | Sleep for 4.948637 seconds and try again... (tryings = 893, bot id = 8737871300)
2026-07-08 17:37:46 | ERROR    | aiogram.dispatcher | Failed to fetch updates - TelegramNetworkError: HTTP Client says - ClientConnectorDNSError: Cannot connect to host api.telegram.org:443 ssl:default [getaddrinfo failed]
2026-07-08 17:37:46 | WARNING  | aiogram.dispatcher | Sleep for 4.962663 seconds and try again... (tryings = 894, bot id = 8737871300)
2026-07-08 17:37:51 | ERROR    | aiogram.dispatcher | Failed to fetch updates - TelegramNetworkError: HTTP Client says - ClientConnectorDNSError: Cannot connect to host api.telegram.org:443 ssl:default [getaddrinfo failed]
2026-07-08 17:37:51 | WARNING  | aiogram.dispatcher | Sleep for 4.915543 seconds and try again... (tryings = 895, bot id = 8737871300)
2026-07-08 17:37:56 | ERROR    | aiogram.dispatcher | Failed to fetch updates - TelegramNetworkError: HTTP Client says - ClientConnectorDNSError: Cannot connect to host api.telegram.org:443 ssl:default [getaddrinfo failed]
2026-07-08 17:37:56 | WARNING  | aiogram.dispatcher | Sleep for 4.915973 seconds and try again... (tryings = 896, bot id = 8737871300)
2026-07-08 17:38:01 | ERROR    | aiogram.dispatcher | Failed to fetch updates - TelegramNetworkError: HTTP Client says - ClientConnectorDNSError: Cannot connect to host api.telegram.org:443 ssl:default [getaddrinfo failed]
2026-07-08 17:38:01 | WARNING  | aiogram.dispatcher | Sleep for 4.965492 seconds and try again... (tryings = 897, bot id = 8737871300)
2026-07-08 17:38:06 | ERROR    | aiogram.dispatcher | Failed to fetch updates - TelegramNetworkError: HTTP Client says - ClientConnectorDNSError: Cannot connect to host api.telegram.org:443 ssl:default [getaddrinfo failed]
2026-07-08 17:38:06 | WARNING  | aiogram.dispatcher | Sleep for 5.011436 seconds and try again... (tryings = 898, bot id = 8737871300)
2026-07-08 17:38:11 | ERROR    | aiogram.dispatcher | Failed to fetch updates - TelegramNetworkError: HTTP Client says - ClientConnectorDNSError: Cannot connect to host api.telegram.org:443 ssl:default [getaddrinfo failed]
2026-07-08 17:38:11 | WARNING  | aiogram.dispatcher | Sleep for 5.091800 seconds and try again... (tryings = 899, bot id = 8737871300)
2026-07-08 17:38:21 | ERROR    | aiogram.dispatcher | Failed to fetch updates - TelegramConflictError: Telegram server says - Conflict: terminated by other getUpdates request; make sure that only one bot instance is running
2026-07-08 17:38:21 | WARNING  | aiogram.dispatcher | Sleep for 5.024920 seconds and try again... (tryings = 900, bot id = 8737871300)
2026-07-08 17:38:31 | ERROR    | aiogram.dispatcher | Failed to fetch updates - TelegramConflictError: Telegram server says - Conflict: terminated by other getUpdates request; make sure that only one bot instance is running
2026-07-08 17:38:31 | WARNING  | aiogram.dispatcher | Sleep for 4.957621 seconds and try again... (tryings = 901, bot id = 8737871300)
2026-07-08 17:38:41 | ERROR    | aiogram.dispatcher | Failed to fetch updates - TelegramConflictError: Telegram server says - Conflict: terminated by other getUpdates request; make sure that only one bot instance is running
2026-07-08 17:38:41 | WARNING  | aiogram.dispatcher | Sleep for 4.950816 seconds and try again... (tryings = 902, bot id = 8737871300)
2026-07-08 17:38:52 | ERROR    | aiogram.dispatcher | Failed to fetch updates - TelegramConflictError: Telegram server says - Conflict: terminated by other getUpdates request; make sure that only one bot instance is running
2026-07-08 17:38:52 | WARNING  | aiogram.dispatcher | Sleep for 5.213820 seconds and try again... (tryings = 903, bot id = 8737871300)
2026-07-08 17:39:01 | ERROR    | aiogram.dispatcher | Failed to fetch updates - TelegramConflictError: Telegram server says - Conflict: terminated by other getUpdates request; make sure that only one bot instance is running
2026-07-08 17:39:01 | WARNING  | aiogram.dispatcher | Sleep for 5.165277 seconds and try again... (tryings = 904, bot id = 8737871300)
2026-07-08 17:39:10 | ERROR    | aiogram.dispatcher | Failed to fetch updates - TelegramConflictError: Telegram server says - Conflict: terminated by other getUpdates request; make sure that only one bot instance is running
2026-07-08 17:39:10 | WARNING  | aiogram.dispatcher | Sleep for 5.145473 seconds and try again... (tryings = 905, bot id = 8737871300)
2026-07-08 17:39:20 | ERROR    | aiogram.dispatcher | Failed to fetch updates - TelegramConflictError: Telegram server says - Conflict: terminated by other getUpdates request; make sure that only one bot instance is running
2026-07-08 17:39:20 | WARNING  | aiogram.dispatcher | Sleep for 4.980520 seconds and try again... (tryings = 906, bot id = 8737871300)
2026-07-08 17:39:31 | ERROR    | aiogram.dispatcher | Failed to fetch updates - TelegramConflictError: Telegram server says - Conflict: terminated by other getUpdates request; make sure that only one bot instance is running
2026-07-08 17:39:31 | WARNING  | aiogram.dispatcher | Sleep for 4.809609 seconds and try again... (tryings = 907, bot id = 8737871300)
2026-07-08 17:39:41 | ERROR    | aiogram.dispatcher | Failed to fetch updates - TelegramConflictError: Telegram server says - Conflict: terminated by other getUpdates request; make sure that only one bot instance is running
2026-07-08 17:39:41 | WARNING  | aiogram.dispatcher | Sleep for 4.996099 seconds and try again... (tryings = 908, bot id = 8737871300)
2026-07-08 17:39:51 | ERROR    | aiogram.dispatcher | Failed to fetch updates - TelegramConflictError: Telegram server says - Conflict: terminated by other getUpdates request; make sure that only one bot instance is running
2026-07-08 17:39:51 | WARNING  | aiogram.dispatcher | Sleep for 5.088312 seconds and try again... (tryings = 909, bot id = 8737871300)
2026-07-08 17:40:02 | ERROR    | aiogram.dispatcher | Failed to fetch updates - TelegramConflictError: Telegram server says - Conflict: terminated by other getUpdates request; make sure that only one bot instance is running
2026-07-08 17:40:02 | WARNING  | aiogram.dispatcher | Sleep for 4.959056 seconds and try again... (tryings = 910, bot id = 8737871300)
2026-07-08 17:40:12 | ERROR    | aiogram.dispatcher | Failed to fetch updates - TelegramConflictError: Telegram server says - Conflict: terminated by other getUpdates request; make sure that only one bot instance is running
2026-07-08 17:40:12 | WARNING  | aiogram.dispatcher | Sleep for 5.153396 seconds and try again... (tryings = 911, bot id = 8737871300)
2026-07-08 17:40:23 | ERROR    | aiogram.dispatcher | Failed to fetch updates - TelegramConflictError: Telegram server says - Conflict: terminated by other getUpdates request; make sure that only one bot instance is running
2026-07-08 17:40:23 | WARNING  | aiogram.dispatcher | Sleep for 4.999847 seconds and try again... (tryings = 912, bot id = 8737871300)
2026-07-08 17:40:33 | ERROR    | aiogram.dispatcher | Failed to fetch updates - TelegramConflictError: Telegram server says - Conflict: terminated by other getUpdates request; make sure that only one bot instance is running
2026-07-08 17:40:33 | WARNING  | aiogram.dispatcher | Sleep for 5.169739 seconds and try again... (tryings = 913, bot id = 8737871300)
2026-07-08 17:40:44 | ERROR    | aiogram.dispatcher | Failed to fetch updates - TelegramConflictError: Telegram server says - Conflict: terminated by other getUpdates request; make sure that only one bot instance is running
2026-07-08 17:40:44 | WARNING  | aiogram.dispatcher | Sleep for 5.017594 seconds and try again... (tryings = 914, bot id = 8737871300)
2026-07-08 17:40:54 | ERROR    | aiogram.dispatcher | Failed to fetch updates - TelegramConflictError: Telegram server says - Conflict: terminated by other getUpdates request; make sure that only one bot instance is running
2026-07-08 17:40:54 | WARNING  | aiogram.dispatcher | Sleep for 5.139031 seconds and try again... (tryings = 915, bot id = 8737871300)
2026-07-08 17:41:05 | ERROR    | aiogram.dispatcher | Failed to fetch updates - TelegramConflictError: Telegram server says - Conflict: terminated by other getUpdates request; make sure that only one bot instance is running
2026-07-08 17:41:05 | WARNING  | aiogram.dispatcher | Sleep for 4.977629 seconds and try again... (tryings = 916, bot id = 8737871300)
2026-07-08 17:41:15 | ERROR    | aiogram.dispatcher | Failed to fetch updates - TelegramConflictError: Telegram server says - Conflict: terminated by other getUpdates request; make sure that only one bot instance is running
2026-07-08 17:41:15 | WARNING  | aiogram.dispatcher | Sleep for 5.025484 seconds and try again... (tryings = 917, bot id = 8737871300)
2026-07-08 17:41:25 | ERROR    | aiogram.dispatcher | Failed to fetch updates - TelegramConflictError: Telegram server says - Conflict: terminated by other getUpdates request; make sure that only one bot instance is running
2026-07-08 17:41:25 | WARNING  | aiogram.dispatcher | Sleep for 4.985487 seconds and try again... (tryings = 918, bot id = 8737871300)
2026-07-08 17:41:36 | ERROR    | aiogram.dispatcher | Failed to fetch updates - TelegramConflictError: Telegram server says - Conflict: terminated by other getUpdates request; make sure that only one bot instance is running
2026-07-08 17:41:36 | WARNING  | aiogram.dispatcher | Sleep for 5.130730 seconds and try again... (tryings = 919, bot id = 8737871300)
2026-07-08 17:41:47 | ERROR    | aiogram.dispatcher | Failed to fetch updates - TelegramConflictError: Telegram server says - Conflict: terminated by other getUpdates request; make sure that only one bot instance is running
2026-07-08 17:41:47 | WARNING  | aiogram.dispatcher | Sleep for 4.994271 seconds and try again... (tryings = 920, bot id = 8737871300)
2026-07-08 17:41:57 | ERROR    | aiogram.dispatcher | Failed to fetch updates - TelegramConflictError: Telegram server says - Conflict: terminated by other getUpdates request; make sure that only one bot instance is running
2026-07-08 17:41:57 | WARNING  | aiogram.dispatcher | Sleep for 5.039750 seconds and try again... (tryings = 921, bot id = 8737871300)
2026-07-08 17:42:07 | ERROR    | aiogram.dispatcher | Failed to fetch updates - TelegramConflictError: Telegram server says - Conflict: terminated by other getUpdates request; make sure that only one bot instance is running
2026-07-08 17:42:07 | WARNING  | aiogram.dispatcher | Sleep for 5.024546 seconds and try again... (tryings = 922, bot id = 8737871300)
2026-07-08 17:42:18 | ERROR    | aiogram.dispatcher | Failed to fetch updates - TelegramConflictError: Telegram server says - Conflict: terminated by other getUpdates request; make sure that only one bot instance is running
2026-07-08 17:42:18 | WARNING  | aiogram.dispatcher | Sleep for 4.890655 seconds and try again... (tryings = 923, bot id = 8737871300)
2026-07-08 17:42:28 | ERROR    | aiogram.dispatcher | Failed to fetch updates - TelegramConflictError: Telegram server says - Conflict: terminated by other getUpdates request; make sure that only one bot instance is running
2026-07-08 17:42:28 | WARNING  | aiogram.dispatcher | Sleep for 5.066662 seconds and try again... (tryings = 924, bot id = 8737871300)
2026-07-08 17:42:38 | ERROR    | aiogram.dispatcher | Failed to fetch updates - TelegramConflictError: Telegram server says - Conflict: terminated by other getUpdates request; make sure that only one bot instance is running
2026-07-08 17:42:38 | WARNING  | aiogram.dispatcher | Sleep for 4.794425 seconds and try again... (tryings = 925, bot id = 8737871300)
2026-07-08 17:42:48 | ERROR    | aiogram.dispatcher | Failed to fetch updates - TelegramConflictError: Telegram server says - Conflict: terminated by other getUpdates request; make sure that only one bot instance is running
2026-07-08 17:42:48 | WARNING  | aiogram.dispatcher | Sleep for 5.147839 seconds and try again... (tryings = 926, bot id = 8737871300)
2026-07-08 17:42:59 | ERROR    | aiogram.dispatcher | Failed to fetch updates - TelegramConflictError: Telegram server says - Conflict: terminated by other getUpdates request; make sure that only one bot instance is running
2026-07-08 17:42:59 | WARNING  | aiogram.dispatcher | Sleep for 5.011762 seconds and try again... (tryings = 927, bot id = 8737871300)
2026-07-08 17:43:25 | ERROR    | aiogram.dispatcher | Failed to fetch updates - TelegramConflictError: Telegram server says - Conflict: terminated by other getUpdates request; make sure that only one bot instance is running
2026-07-08 17:43:25 | WARNING  | aiogram.dispatcher | Sleep for 4.933997 seconds and try again... (tryings = 928, bot id = 8737871300)
2026-07-08 17:43:35 | ERROR    | aiogram.dispatcher | Failed to fetch updates - TelegramConflictError: Telegram server says - Conflict: terminated by other getUpdates request; make sure that only one bot instance is running
2026-07-08 17:43:35 | WARNING  | aiogram.dispatcher | Sleep for 5.080885 seconds and try again... (tryings = 929, bot id = 8737871300)
2026-07-08 17:43:45 | ERROR    | aiogram.dispatcher | Failed to fetch updates - TelegramConflictError: Telegram server says - Conflict: terminated by other getUpdates request; make sure that only one bot instance is running
2026-07-08 17:43:45 | WARNING  | aiogram.dispatcher | Sleep for 4.890433 seconds and try again... (tryings = 930, bot id = 8737871300)
2026-07-08 17:43:55 | ERROR    | aiogram.dispatcher | Failed to fetch updates - TelegramConflictError: Telegram server says - Conflict: terminated by other getUpdates request; make sure that only one bot instance is running
2026-07-08 17:43:55 | WARNING  | aiogram.dispatcher | Sleep for 5.072381 seconds and try again... (tryings = 931, bot id = 8737871300)
2026-07-08 17:44:05 | ERROR    | aiogram.dispatcher | Failed to fetch updates - TelegramConflictError: Telegram server says - Conflict: terminated by other getUpdates request; make sure that only one bot instance is running
2026-07-08 17:44:05 | WARNING  | aiogram.dispatcher | Sleep for 4.926055 seconds and try again... (tryings = 932, bot id = 8737871300)
2026-07-08 17:44:13 | ERROR    | aiogram.dispatcher | Failed to fetch updates - TelegramConflictError: Telegram server says - Conflict: terminated by other getUpdates request; make sure that only one bot instance is running
2026-07-08 17:44:13 | WARNING  | aiogram.dispatcher | Sleep for 5.014934 seconds and try again... (tryings = 933, bot id = 8737871300)
2026-07-08 17:44:23 | ERROR    | aiogram.dispatcher | Failed to fetch updates - TelegramConflictError: Telegram server says - Conflict: terminated by other getUpdates request; make sure that only one bot instance is running
2026-07-08 17:44:23 | WARNING  | aiogram.dispatcher | Sleep for 5.082147 seconds and try again... (tryings = 934, bot id = 8737871300)
2026-07-08 17:44:33 | ERROR    | aiogram.dispatcher | Failed to fetch updates - TelegramConflictError: Telegram server says - Conflict: terminated by other getUpdates request; make sure that only one bot instance is running
2026-07-08 17:44:33 | WARNING  | aiogram.dispatcher | Sleep for 5.022528 seconds and try again... (tryings = 935, bot id = 8737871300)
2026-07-08 17:44:44 | ERROR    | aiogram.dispatcher | Failed to fetch updates - TelegramConflictError: Telegram server says - Conflict: terminated by other getUpdates request; make sure that only one bot instance is running
2026-07-08 17:44:44 | WARNING  | aiogram.dispatcher | Sleep for 4.970414 seconds and try again... (tryings = 936, bot id = 8737871300)
2026-07-08 17:44:54 | ERROR    | aiogram.dispatcher | Failed to fetch updates - TelegramConflictError: Telegram server says - Conflict: terminated by other getUpdates request; make sure that only one bot instance is running
2026-07-08 17:44:54 | WARNING  | aiogram.dispatcher | Sleep for 4.827144 seconds and try again... (tryings = 937, bot id = 8737871300)
2026-07-08 17:45:04 | ERROR    | aiogram.dispatcher | Failed to fetch updates - TelegramConflictError: Telegram server says - Conflict: terminated by other getUpdates request; make sure that only one bot instance is running
2026-07-08 17:45:04 | WARNING  | aiogram.dispatcher | Sleep for 4.972708 seconds and try again... (tryings = 938, bot id = 8737871300)
2026-07-08 17:45:14 | ERROR    | aiogram.dispatcher | Failed to fetch updates - TelegramConflictError: Telegram server says - Conflict: terminated by other getUpdates request; make sure that only one bot instance is running
2026-07-08 17:45:14 | WARNING  | aiogram.dispatcher | Sleep for 4.976868 seconds and try again... (tryings = 939, bot id = 8737871300)
2026-07-08 17:45:25 | ERROR    | aiogram.dispatcher | Failed to fetch updates - TelegramConflictError: Telegram server says - Conflict: terminated by other getUpdates request; make sure that only one bot instance is running
2026-07-08 17:45:25 | WARNING  | aiogram.dispatcher | Sleep for 4.873685 seconds and try again... (tryings = 940, bot id = 8737871300)
2026-07-08 17:45:35 | ERROR    | aiogram.dispatcher | Failed to fetch updates - TelegramConflictError: Telegram server says - Conflict: terminated by other getUpdates request; make sure that only one bot instance is running
2026-07-08 17:45:35 | WARNING  | aiogram.dispatcher | Sleep for 5.082377 seconds and try again... (tryings = 941, bot id = 8737871300)
2026-07-08 17:45:45 | ERROR    | aiogram.dispatcher | Failed to fetch updates - TelegramConflictError: Telegram server says - Conflict: terminated by other getUpdates request; make sure that only one bot instance is running
2026-07-08 17:45:45 | WARNING  | aiogram.dispatcher | Sleep for 5.009387 seconds and try again... (tryings = 942, bot id = 8737871300)
2026-07-08 17:45:56 | ERROR    | aiogram.dispatcher | Failed to fetch updates - TelegramConflictError: Telegram server says - Conflict: terminated by other getUpdates request; make sure that only one bot instance is running
2026-07-08 17:45:56 | WARNING  | aiogram.dispatcher | Sleep for 5.068891 seconds and try again... (tryings = 943, bot id = 8737871300)
2026-07-08 17:46:06 | ERROR    | aiogram.dispatcher | Failed to fetch updates - TelegramConflictError: Telegram server says - Conflict: terminated by other getUpdates request; make sure that only one bot instance is running
2026-07-08 17:46:06 | WARNING  | aiogram.dispatcher | Sleep for 4.996135 seconds and try again... (tryings = 944, bot id = 8737871300)
2026-07-08 17:46:16 | ERROR    | aiogram.dispatcher | Failed to fetch updates - TelegramConflictError: Telegram server says - Conflict: terminated by other getUpdates request; make sure that only one bot instance is running
2026-07-08 17:46:16 | WARNING  | aiogram.dispatcher | Sleep for 4.867974 seconds and try again... (tryings = 945, bot id = 8737871300)
2026-07-08 17:46:26 | ERROR    | aiogram.dispatcher | Failed to fetch updates - TelegramConflictError: Telegram server says - Conflict: terminated by other getUpdates request; make sure that only one bot instance is running
2026-07-08 17:46:26 | WARNING  | aiogram.dispatcher | Sleep for 4.984312 seconds and try again... (tryings = 946, bot id = 8737871300)
2026-07-08 17:46:37 | ERROR    | aiogram.dispatcher | Failed to fetch updates - TelegramConflictError: Telegram server says - Conflict: terminated by other getUpdates request; make sure that only one bot instance is running
2026-07-08 17:46:37 | WARNING  | aiogram.dispatcher | Sleep for 5.021340 seconds and try again... (tryings = 947, bot id = 8737871300)
2026-07-08 17:46:47 | ERROR    | aiogram.dispatcher | Failed to fetch updates - TelegramConflictError: Telegram server says - Conflict: terminated by other getUpdates request; make sure that only one bot instance is running
2026-07-08 17:46:47 | WARNING  | aiogram.dispatcher | Sleep for 4.989049 seconds and try again... (tryings = 948, bot id = 8737871300)
2026-07-08 17:46:57 | ERROR    | aiogram.dispatcher | Failed to fetch updates - TelegramConflictError: Telegram server says - Conflict: terminated by other getUpdates request; make sure that only one bot instance is running
2026-07-08 17:46:57 | WARNING  | aiogram.dispatcher | Sleep for 5.020246 seconds and try again... (tryings = 949, bot id = 8737871300)
2026-07-08 17:47:08 | ERROR    | aiogram.dispatcher | Failed to fetch updates - TelegramConflictError: Telegram server says - Conflict: terminated by other getUpdates request; make sure that only one bot instance is running
2026-07-08 17:47:08 | WARNING  | aiogram.dispatcher | Sleep for 5.059245 seconds and try again... (tryings = 950, bot id = 8737871300)
2026-07-08 17:47:18 | ERROR    | aiogram.dispatcher | Failed to fetch updates - TelegramConflictError: Telegram server says - Conflict: terminated by other getUpdates request; make sure that only one bot instance is running
2026-07-08 17:47:18 | WARNING  | aiogram.dispatcher | Sleep for 4.996037 seconds and try again... (tryings = 951, bot id = 8737871300)
2026-07-08 17:47:28 | ERROR    | aiogram.dispatcher | Failed to fetch updates - TelegramConflictError: Telegram server says - Conflict: terminated by other getUpdates request; make sure that only one bot instance is running
2026-07-08 17:47:28 | WARNING  | aiogram.dispatcher | Sleep for 4.965549 seconds and try again... (tryings = 952, bot id = 8737871300)
2026-07-08 17:47:39 | ERROR    | aiogram.dispatcher | Failed to fetch updates - TelegramConflictError: Telegram server says - Conflict: terminated by other getUpdates request; make sure that only one bot instance is running
2026-07-08 17:47:39 | WARNING  | aiogram.dispatcher | Sleep for 5.007084 seconds and try again... (tryings = 953, bot id = 8737871300)
2026-07-08 17:47:49 | ERROR    | aiogram.dispatcher | Failed to fetch updates - TelegramConflictError: Telegram server says - Conflict: terminated by other getUpdates request; make sure that only one bot instance is running
2026-07-08 17:47:49 | WARNING  | aiogram.dispatcher | Sleep for 4.976315 seconds and try again... (tryings = 954, bot id = 8737871300)
2026-07-08 17:47:59 | ERROR    | aiogram.dispatcher | Failed to fetch updates - TelegramConflictError: Telegram server says - Conflict: terminated by other getUpdates request; make sure that only one bot instance is running
2026-07-08 17:47:59 | WARNING  | aiogram.dispatcher | Sleep for 5.200623 seconds and try again... (tryings = 955, bot id = 8737871300)
2026-07-08 17:48:10 | ERROR    | aiogram.dispatcher | Failed to fetch updates - TelegramConflictError: Telegram server says - Conflict: terminated by other getUpdates request; make sure that only one bot instance is running
2026-07-08 17:48:10 | WARNING  | aiogram.dispatcher | Sleep for 4.894448 seconds and try again... (tryings = 956, bot id = 8737871300)
2026-07-08 17:48:20 | ERROR    | aiogram.dispatcher | Failed to fetch updates - TelegramConflictError: Telegram server says - Conflict: terminated by other getUpdates request; make sure that only one bot instance is running
2026-07-08 17:48:20 | WARNING  | aiogram.dispatcher | Sleep for 5.077458 seconds and try again... (tryings = 957, bot id = 8737871300)
2026-07-08 17:48:30 | ERROR    | aiogram.dispatcher | Failed to fetch updates - TelegramConflictError: Telegram server says - Conflict: terminated by other getUpdates request; make sure that only one bot instance is running
2026-07-08 17:48:30 | WARNING  | aiogram.dispatcher | Sleep for 4.987469 seconds and try again... (tryings = 958, bot id = 8737871300)
2026-07-08 17:48:41 | ERROR    | aiogram.dispatcher | Failed to fetch updates - TelegramConflictError: Telegram server says - Conflict: terminated by other getUpdates request; make sure that only one bot instance is running
2026-07-08 17:48:41 | WARNING  | aiogram.dispatcher | Sleep for 4.837149 seconds and try again... (tryings = 959, bot id = 8737871300)
2026-07-08 17:48:51 | ERROR    | aiogram.dispatcher | Failed to fetch updates - TelegramConflictError: Telegram server says - Conflict: terminated by other getUpdates request; make sure that only one bot instance is running
2026-07-08 17:48:51 | WARNING  | aiogram.dispatcher | Sleep for 5.005371 seconds and try again... (tryings = 960, bot id = 8737871300)
2026-07-08 17:49:01 | ERROR    | aiogram.dispatcher | Failed to fetch updates - TelegramConflictError: Telegram server says - Conflict: terminated by other getUpdates request; make sure that only one bot instance is running
2026-07-08 17:49:01 | WARNING  | aiogram.dispatcher | Sleep for 4.939183 seconds and try again... (tryings = 961, bot id = 8737871300)
2026-07-08 17:49:11 | ERROR    | aiogram.dispatcher | Failed to fetch updates - TelegramConflictError: Telegram server says - Conflict: terminated by other getUpdates request; make sure that only one bot instance is running
2026-07-08 17:49:11 | WARNING  | aiogram.dispatcher | Sleep for 4.967052 seconds and try again... (tryings = 962, bot id = 8737871300)
2026-07-08 17:49:22 | ERROR    | aiogram.dispatcher | Failed to fetch updates - TelegramConflictError: Telegram server says - Conflict: terminated by other getUpdates request; make sure that only one bot instance is running
2026-07-08 17:49:22 | WARNING  | aiogram.dispatcher | Sleep for 4.795592 seconds and try again... (tryings = 963, bot id = 8737871300)
2026-07-08 17:49:32 | ERROR    | aiogram.dispatcher | Failed to fetch updates - TelegramConflictError: Telegram server says - Conflict: terminated by other getUpdates request; make sure that only one bot instance is running
2026-07-08 17:49:32 | WARNING  | aiogram.dispatcher | Sleep for 5.091481 seconds and try again... (tryings = 964, bot id = 8737871300)
2026-07-08 17:49:42 | ERROR    | aiogram.dispatcher | Failed to fetch updates - TelegramConflictError: Telegram server says - Conflict: terminated by other getUpdates request; make sure that only one bot instance is running
2026-07-08 17:49:42 | WARNING  | aiogram.dispatcher | Sleep for 4.856648 seconds and try again... (tryings = 965, bot id = 8737871300)
2026-07-08 17:49:52 | ERROR    | aiogram.dispatcher | Failed to fetch updates - TelegramConflictError: Telegram server says - Conflict: terminated by other getUpdates request; make sure that only one bot instance is running
2026-07-08 17:49:52 | WARNING  | aiogram.dispatcher | Sleep for 4.970232 seconds and try again... (tryings = 966, bot id = 8737871300)
2026-07-08 17:50:02 | ERROR    | aiogram.dispatcher | Failed to fetch updates - TelegramConflictError: Telegram server says - Conflict: terminated by other getUpdates request; make sure that only one bot instance is running
2026-07-08 17:50:02 | WARNING  | aiogram.dispatcher | Sleep for 4.991042 seconds and try again... (tryings = 967, bot id = 8737871300)
2026-07-08 17:50:13 | ERROR    | aiogram.dispatcher | Failed to fetch updates - TelegramConflictError: Telegram server says - Conflict: terminated by other getUpdates request; make sure that only one bot instance is running
2026-07-08 17:50:13 | WARNING  | aiogram.dispatcher | Sleep for 4.968328 seconds and try again... (tryings = 968, bot id = 8737871300)
2026-07-08 17:50:23 | ERROR    | aiogram.dispatcher | Failed to fetch updates - TelegramConflictError: Telegram server says - Conflict: terminated by other getUpdates request; make sure that only one bot instance is running
2026-07-08 17:50:23 | WARNING  | aiogram.dispatcher | Sleep for 4.849274 seconds and try again... (tryings = 969, bot id = 8737871300)
2026-07-08 17:50:33 | ERROR    | aiogram.dispatcher | Failed to fetch updates - TelegramConflictError: Telegram server says - Conflict: terminated by other getUpdates request; make sure that only one bot instance is running
2026-07-08 17:50:33 | WARNING  | aiogram.dispatcher | Sleep for 5.105591 seconds and try again... (tryings = 970, bot id = 8737871300)
2026-07-08 17:50:43 | ERROR    | aiogram.dispatcher | Failed to fetch updates - TelegramConflictError: Telegram server says - Conflict: terminated by other getUpdates request; make sure that only one bot instance is running
2026-07-08 17:50:43 | WARNING  | aiogram.dispatcher | Sleep for 5.267653 seconds and try again... (tryings = 971, bot id = 8737871300)
2026-07-08 17:50:54 | ERROR    | aiogram.dispatcher | Failed to fetch updates - TelegramConflictError: Telegram server says - Conflict: terminated by other getUpdates request; make sure that only one bot instance is running
2026-07-08 17:50:54 | WARNING  | aiogram.dispatcher | Sleep for 4.798395 seconds and try again... (tryings = 972, bot id = 8737871300)
2026-07-08 17:51:04 | ERROR    | aiogram.dispatcher | Failed to fetch updates - TelegramConflictError: Telegram server says - Conflict: terminated by other getUpdates request; make sure that only one bot instance is running
2026-07-08 17:51:04 | WARNING  | aiogram.dispatcher | Sleep for 5.111707 seconds and try again... (tryings = 973, bot id = 8737871300)
2026-07-08 17:51:15 | ERROR    | aiogram.dispatcher | Failed to fetch updates - TelegramConflictError: Telegram server says - Conflict: terminated by other getUpdates request; make sure that only one bot instance is running
2026-07-08 17:51:15 | WARNING  | aiogram.dispatcher | Sleep for 4.993875 seconds and try again... (tryings = 974, bot id = 8737871300)
2026-07-08 17:51:25 | ERROR    | aiogram.dispatcher | Failed to fetch updates - TelegramConflictError: Telegram server says - Conflict: terminated by other getUpdates request; make sure that only one bot instance is running
2026-07-08 17:51:25 | WARNING  | aiogram.dispatcher | Sleep for 5.071847 seconds and try again... (tryings = 975, bot id = 8737871300)
2026-07-08 17:51:35 | ERROR    | aiogram.dispatcher | Failed to fetch updates - TelegramConflictError: Telegram server says - Conflict: terminated by other getUpdates request; make sure that only one bot instance is running
2026-07-08 17:51:35 | WARNING  | aiogram.dispatcher | Sleep for 4.958088 seconds and try again... (tryings = 976, bot id = 8737871300)
2026-07-08 17:51:46 | ERROR    | aiogram.dispatcher | Failed to fetch updates - TelegramConflictError: Telegram server says - Conflict: terminated by other getUpdates request; make sure that only one bot instance is running
2026-07-08 17:51:46 | WARNING  | aiogram.dispatcher | Sleep for 5.045994 seconds and try again... (tryings = 977, bot id = 8737871300)
2026-07-08 17:51:56 | ERROR    | aiogram.dispatcher | Failed to fetch updates - TelegramConflictError: Telegram server says - Conflict: terminated by other getUpdates request; make sure that only one bot instance is running
2026-07-08 17:51:56 | WARNING  | aiogram.dispatcher | Sleep for 4.986951 seconds and try again... (tryings = 978, bot id = 8737871300)
2026-07-08 17:52:06 | ERROR    | aiogram.dispatcher | Failed to fetch updates - TelegramConflictError: Telegram server says - Conflict: terminated by other getUpdates request; make sure that only one bot instance is running
2026-07-08 17:52:06 | WARNING  | aiogram.dispatcher | Sleep for 5.042817 seconds and try again... (tryings = 979, bot id = 8737871300)
2026-07-08 17:52:17 | ERROR    | aiogram.dispatcher | Failed to fetch updates - TelegramConflictError: Telegram server says - Conflict: terminated by other getUpdates request; make sure that only one bot instance is running
2026-07-08 17:52:17 | WARNING  | aiogram.dispatcher | Sleep for 5.171216 seconds and try again... (tryings = 980, bot id = 8737871300)
2026-07-08 17:52:27 | ERROR    | aiogram.dispatcher | Failed to fetch updates - TelegramConflictError: Telegram server says - Conflict: terminated by other getUpdates request; make sure that only one bot instance is running
2026-07-08 17:52:27 | WARNING  | aiogram.dispatcher | Sleep for 4.991189 seconds and try again... (tryings = 981, bot id = 8737871300)
2026-07-08 17:52:38 | ERROR    | aiogram.dispatcher | Failed to fetch updates - TelegramConflictError: Telegram server says - Conflict: terminated by other getUpdates request; make sure that only one bot instance is running
2026-07-08 17:52:38 | WARNING  | aiogram.dispatcher | Sleep for 5.127753 seconds and try again... (tryings = 982, bot id = 8737871300)
2026-07-08 17:52:48 | ERROR    | aiogram.dispatcher | Failed to fetch updates - TelegramConflictError: Telegram server says - Conflict: terminated by other getUpdates request; make sure that only one bot instance is running
2026-07-08 17:52:48 | WARNING  | aiogram.dispatcher | Sleep for 5.012578 seconds and try again... (tryings = 983, bot id = 8737871300)
2026-07-08 17:52:58 | ERROR    | aiogram.dispatcher | Failed to fetch updates - TelegramConflictError: Telegram server says - Conflict: terminated by other getUpdates request; make sure that only one bot instance is running
2026-07-08 17:52:58 | WARNING  | aiogram.dispatcher | Sleep for 5.012699 seconds and try again... (tryings = 984, bot id = 8737871300)
2026-07-08 17:53:09 | ERROR    | aiogram.dispatcher | Failed to fetch updates - TelegramConflictError: Telegram server says - Conflict: terminated by other getUpdates request; make sure that only one bot instance is running
2026-07-08 17:53:09 | WARNING  | aiogram.dispatcher | Sleep for 5.108744 seconds and try again... (tryings = 985, bot id = 8737871300)
2026-07-08 17:53:19 | ERROR    | aiogram.dispatcher | Failed to fetch updates - TelegramConflictError: Telegram server says - Conflict: terminated by other getUpdates request; make sure that only one bot instance is running
2026-07-08 17:53:19 | WARNING  | aiogram.dispatcher | Sleep for 4.912498 seconds and try again... (tryings = 986, bot id = 8737871300)
2026-07-08 17:53:29 | ERROR    | aiogram.dispatcher | Failed to fetch updates - TelegramConflictError: Telegram server says - Conflict: terminated by other getUpdates request; make sure that only one bot instance is running
2026-07-08 17:53:29 | WARNING  | aiogram.dispatcher | Sleep for 4.941231 seconds and try again... (tryings = 987, bot id = 8737871300)
2026-07-08 17:53:39 | ERROR    | aiogram.dispatcher | Failed to fetch updates - TelegramConflictError: Telegram server says - Conflict: terminated by other getUpdates request; make sure that only one bot instance is running
2026-07-08 17:53:39 | WARNING  | aiogram.dispatcher | Sleep for 5.021243 seconds and try again... (tryings = 988, bot id = 8737871300)
2026-07-08 17:53:50 | ERROR    | aiogram.dispatcher | Failed to fetch updates - TelegramConflictError: Telegram server says - Conflict: terminated by other getUpdates request; make sure that only one bot instance is running
2026-07-08 17:53:50 | WARNING  | aiogram.dispatcher | Sleep for 4.792055 seconds and try again... (tryings = 989, bot id = 8737871300)
2026-07-08 17:54:00 | ERROR    | aiogram.dispatcher | Failed to fetch updates - TelegramConflictError: Telegram server says - Conflict: terminated by other getUpdates request; make sure that only one bot instance is running
2026-07-08 17:54:00 | WARNING  | aiogram.dispatcher | Sleep for 4.948145 seconds and try again... (tryings = 990, bot id = 8737871300)
2026-07-08 17:54:10 | ERROR    | aiogram.dispatcher | Failed to fetch updates - TelegramConflictError: Telegram server says - Conflict: terminated by other getUpdates request; make sure that only one bot instance is running
2026-07-08 17:54:10 | WARNING  | aiogram.dispatcher | Sleep for 4.873165 seconds and try again... (tryings = 991, bot id = 8737871300)
2026-07-08 17:54:20 | ERROR    | aiogram.dispatcher | Failed to fetch updates - TelegramConflictError: Telegram server says - Conflict: terminated by other getUpdates request; make sure that only one bot instance is running
2026-07-08 17:54:20 | WARNING  | aiogram.dispatcher | Sleep for 5.028691 seconds and try again... (tryings = 992, bot id = 8737871300)
2026-07-08 17:54:31 | ERROR    | aiogram.dispatcher | Failed to fetch updates - TelegramConflictError: Telegram server says - Conflict: terminated by other getUpdates request; make sure that only one bot instance is running
2026-07-08 17:54:31 | WARNING  | aiogram.dispatcher | Sleep for 5.103002 seconds and try again... (tryings = 993, bot id = 8737871300)
2026-07-08 17:54:41 | ERROR    | aiogram.dispatcher | Failed to fetch updates - TelegramConflictError: Telegram server says - Conflict: terminated by other getUpdates request; make sure that only one bot instance is running
2026-07-08 17:54:41 | WARNING  | aiogram.dispatcher | Sleep for 5.109458 seconds and try again... (tryings = 994, bot id = 8737871300)
2026-07-08 17:54:52 | ERROR    | aiogram.dispatcher | Failed to fetch updates - TelegramConflictError: Telegram server says - Conflict: terminated by other getUpdates request; make sure that only one bot instance is running
2026-07-08 17:54:52 | WARNING  | aiogram.dispatcher | Sleep for 5.155444 seconds and try again... (tryings = 995, bot id = 8737871300)
2026-07-08 17:55:02 | ERROR    | aiogram.dispatcher | Failed to fetch updates - TelegramConflictError: Telegram server says - Conflict: terminated by other getUpdates request; make sure that only one bot instance is running
2026-07-08 17:55:02 | WARNING  | aiogram.dispatcher | Sleep for 5.075410 seconds and try again... (tryings = 996, bot id = 8737871300)
2026-07-08 17:55:12 | ERROR    | aiogram.dispatcher | Failed to fetch updates - TelegramConflictError: Telegram server says - Conflict: terminated by other getUpdates request; make sure that only one bot instance is running
2026-07-08 17:55:12 | WARNING  | aiogram.dispatcher | Sleep for 5.088712 seconds and try again... (tryings = 997, bot id = 8737871300)
2026-07-08 17:55:23 | ERROR    | aiogram.dispatcher | Failed to fetch updates - TelegramConflictError: Telegram server says - Conflict: terminated by other getUpdates request; make sure that only one bot instance is running
2026-07-08 17:55:23 | WARNING  | aiogram.dispatcher | Sleep for 4.952215 seconds and try again... (tryings = 998, bot id = 8737871300)
2026-07-08 17:55:33 | ERROR    | aiogram.dispatcher | Failed to fetch updates - TelegramConflictError: Telegram server says - Conflict: terminated by other getUpdates request; make sure that only one bot instance is running
2026-07-08 17:55:33 | WARNING  | aiogram.dispatcher | Sleep for 4.972495 seconds and try again... (tryings = 999, bot id = 8737871300)
2026-07-08 17:55:43 | ERROR    | aiogram.dispatcher | Failed to fetch updates - TelegramConflictError: Telegram server says - Conflict: terminated by other getUpdates request; make sure that only one bot instance is running
2026-07-08 17:55:43 | WARNING  | aiogram.dispatcher | Sleep for 5.075956 seconds and try again... (tryings = 1000, bot id = 8737871300)
2026-07-08 17:55:54 | ERROR    | aiogram.dispatcher | Failed to fetch updates - TelegramConflictError: Telegram server says - Conflict: terminated by other getUpdates request; make sure that only one bot instance is running
2026-07-08 17:55:54 | WARNING  | aiogram.dispatcher | Sleep for 4.998708 seconds and try again... (tryings = 1001, bot id = 8737871300)
2026-07-08 17:56:04 | ERROR    | aiogram.dispatcher | Failed to fetch updates - TelegramConflictError: Telegram server says - Conflict: terminated by other getUpdates request; make sure that only one bot instance is running
2026-07-08 17:56:04 | WARNING  | aiogram.dispatcher | Sleep for 5.079756 seconds and try again... (tryings = 1002, bot id = 8737871300)
2026-07-08 17:56:14 | ERROR    | aiogram.dispatcher | Failed to fetch updates - TelegramConflictError: Telegram server says - Conflict: terminated by other getUpdates request; make sure that only one bot instance is running
2026-07-08 17:56:14 | WARNING  | aiogram.dispatcher | Sleep for 5.119911 seconds and try again... (tryings = 1003, bot id = 8737871300)
2026-07-08 17:56:25 | ERROR    | aiogram.dispatcher | Failed to fetch updates - TelegramConflictError: Telegram server says - Conflict: terminated by other getUpdates request; make sure that only one bot instance is running
2026-07-08 17:56:25 | WARNING  | aiogram.dispatcher | Sleep for 4.967217 seconds and try again... (tryings = 1004, bot id = 8737871300)
2026-07-08 17:56:35 | ERROR    | aiogram.dispatcher | Failed to fetch updates - TelegramConflictError: Telegram server says - Conflict: terminated by other getUpdates request; make sure that only one bot instance is running
2026-07-08 17:56:35 | WARNING  | aiogram.dispatcher | Sleep for 4.990680 seconds and try again... (tryings = 1005, bot id = 8737871300)
2026-07-08 17:56:45 | ERROR    | aiogram.dispatcher | Failed to fetch updates - TelegramConflictError: Telegram server says - Conflict: terminated by other getUpdates request; make sure that only one bot instance is running
2026-07-08 17:56:45 | WARNING  | aiogram.dispatcher | Sleep for 4.880717 seconds and try again... (tryings = 1006, bot id = 8737871300)
2026-07-08 17:56:55 | ERROR    | aiogram.dispatcher | Failed to fetch updates - TelegramConflictError: Telegram server says - Conflict: terminated by other getUpdates request; make sure that only one bot instance is running
2026-07-08 17:56:55 | WARNING  | aiogram.dispatcher | Sleep for 5.017692 seconds and try again... (tryings = 1007, bot id = 8737871300)
2026-07-08 17:57:06 | ERROR    | aiogram.dispatcher | Failed to fetch updates - TelegramConflictError: Telegram server says - Conflict: terminated by other getUpdates request; make sure that only one bot instance is running
2026-07-08 17:57:06 | WARNING  | aiogram.dispatcher | Sleep for 4.831538 seconds and try again... (tryings = 1008, bot id = 8737871300)
2026-07-08 17:57:16 | ERROR    | aiogram.dispatcher | Failed to fetch updates - TelegramConflictError: Telegram server says - Conflict: terminated by other getUpdates request; make sure that only one bot instance is running
2026-07-08 17:57:16 | WARNING  | aiogram.dispatcher | Sleep for 4.972545 seconds and try again... (tryings = 1009, bot id = 8737871300)
2026-07-08 17:57:26 | ERROR    | aiogram.dispatcher | Failed to fetch updates - TelegramConflictError: Telegram server says - Conflict: terminated by other getUpdates request; make sure that only one bot instance is running
2026-07-08 17:57:26 | WARNING  | aiogram.dispatcher | Sleep for 4.821288 seconds and try again... (tryings = 1010, bot id = 8737871300)
2026-07-08 17:57:37 | ERROR    | aiogram.dispatcher | Failed to fetch updates - TelegramConflictError: Telegram server says - Conflict: terminated by other getUpdates request; make sure that only one bot instance is running
2026-07-08 17:57:37 | WARNING  | aiogram.dispatcher | Sleep for 4.941524 seconds and try again... (tryings = 1011, bot id = 8737871300)
2026-07-08 17:57:47 | ERROR    | aiogram.dispatcher | Failed to fetch updates - TelegramConflictError: Telegram server says - Conflict: terminated by other getUpdates request; make sure that only one bot instance is running
2026-07-08 17:57:47 | WARNING  | aiogram.dispatcher | Sleep for 5.124330 seconds and try again... (tryings = 1012, bot id = 8737871300)
2026-07-08 17:57:57 | ERROR    | aiogram.dispatcher | Failed to fetch updates - TelegramConflictError: Telegram server says - Conflict: terminated by other getUpdates request; make sure that only one bot instance is running
2026-07-08 17:57:57 | WARNING  | aiogram.dispatcher | Sleep for 4.932209 seconds and try again... (tryings = 1013, bot id = 8737871300)
2026-07-08 17:58:08 | ERROR    | aiogram.dispatcher | Failed to fetch updates - TelegramConflictError: Telegram server says - Conflict: terminated by other getUpdates request; make sure that only one bot instance is running
2026-07-08 17:58:08 | WARNING  | aiogram.dispatcher | Sleep for 5.131006 seconds and try again... (tryings = 1014, bot id = 8737871300)
2026-07-08 17:58:18 | ERROR    | aiogram.dispatcher | Failed to fetch updates - TelegramConflictError: Telegram server says - Conflict: terminated by other getUpdates request; make sure that only one bot instance is running
2026-07-08 17:58:18 | WARNING  | aiogram.dispatcher | Sleep for 5.148347 seconds and try again... (tryings = 1015, bot id = 8737871300)
2026-07-08 17:58:29 | ERROR    | aiogram.dispatcher | Failed to fetch updates - TelegramConflictError: Telegram server says - Conflict: terminated by other getUpdates request; make sure that only one bot instance is running
2026-07-08 17:58:29 | WARNING  | aiogram.dispatcher | Sleep for 4.941106 seconds and try again... (tryings = 1016, bot id = 8737871300)
2026-07-08 17:58:39 | ERROR    | aiogram.dispatcher | Failed to fetch updates - TelegramConflictError: Telegram server says - Conflict: terminated by other getUpdates request; make sure that only one bot instance is running
2026-07-08 17:58:39 | WARNING  | aiogram.dispatcher | Sleep for 4.987146 seconds and try again... (tryings = 1017, bot id = 8737871300)
2026-07-08 17:58:49 | ERROR    | aiogram.dispatcher | Failed to fetch updates - TelegramConflictError: Telegram server says - Conflict: terminated by other getUpdates request; make sure that only one bot instance is running
2026-07-08 17:58:49 | WARNING  | aiogram.dispatcher | Sleep for 4.914116 seconds and try again... (tryings = 1018, bot id = 8737871300)
2026-07-08 17:59:00 | ERROR    | aiogram.dispatcher | Failed to fetch updates - TelegramConflictError: Telegram server says - Conflict: terminated by other getUpdates request; make sure that only one bot instance is running
2026-07-08 17:59:00 | WARNING  | aiogram.dispatcher | Sleep for 4.957979 seconds and try again... (tryings = 1019, bot id = 8737871300)
2026-07-08 17:59:10 | ERROR    | aiogram.dispatcher | Failed to fetch updates - TelegramConflictError: Telegram server says - Conflict: terminated by other getUpdates request; make sure that only one bot instance is running
2026-07-08 17:59:10 | WARNING  | aiogram.dispatcher | Sleep for 5.058644 seconds and try again... (tryings = 1020, bot id = 8737871300)
2026-07-08 17:59:20 | ERROR    | aiogram.dispatcher | Failed to fetch updates - TelegramConflictError: Telegram server says - Conflict: terminated by other getUpdates request; make sure that only one bot instance is running
2026-07-08 17:59:20 | WARNING  | aiogram.dispatcher | Sleep for 5.036941 seconds and try again... (tryings = 1021, bot id = 8737871300)
2026-07-08 17:59:30 | ERROR    | aiogram.dispatcher | Failed to fetch updates - TelegramConflictError: Telegram server says - Conflict: terminated by other getUpdates request; make sure that only one bot instance is running
2026-07-08 17:59:30 | WARNING  | aiogram.dispatcher | Sleep for 5.140491 seconds and try again... (tryings = 1022, bot id = 8737871300)
2026-07-08 17:59:41 | ERROR    | aiogram.dispatcher | Failed to fetch updates - TelegramConflictError: Telegram server says - Conflict: terminated by other getUpdates request; make sure that only one bot instance is running
2026-07-08 17:59:41 | WARNING  | aiogram.dispatcher | Sleep for 4.734948 seconds and try again... (tryings = 1023, bot id = 8737871300)
2026-07-08 17:59:51 | ERROR    | aiogram.dispatcher | Failed to fetch updates - TelegramConflictError: Telegram server says - Conflict: terminated by other getUpdates request; make sure that only one bot instance is running
2026-07-08 17:59:51 | WARNING  | aiogram.dispatcher | Sleep for 5.381908 seconds and try again... (tryings = 1024, bot id = 8737871300)
2026-07-08 18:00:01 | ERROR    | aiogram.dispatcher | Failed to fetch updates - TelegramConflictError: Telegram server says - Conflict: terminated by other getUpdates request; make sure that only one bot instance is running
2026-07-08 18:00:01 | WARNING  | aiogram.dispatcher | Sleep for 5.055792 seconds and try again... (tryings = 1025, bot id = 8737871300)
2026-07-08 18:00:12 | ERROR    | aiogram.dispatcher | Failed to fetch updates - TelegramConflictError: Telegram server says - Conflict: terminated by other getUpdates request; make sure that only one bot instance is running
2026-07-08 18:00:12 | WARNING  | aiogram.dispatcher | Sleep for 4.975076 seconds and try again... (tryings = 1026, bot id = 8737871300)
2026-07-08 18:00:22 | ERROR    | aiogram.dispatcher | Failed to fetch updates - TelegramConflictError: Telegram server says - Conflict: terminated by other getUpdates request; make sure that only one bot instance is running
2026-07-08 18:00:22 | WARNING  | aiogram.dispatcher | Sleep for 4.989965 seconds and try again... (tryings = 1027, bot id = 8737871300)
2026-07-08 18:00:32 | ERROR    | aiogram.dispatcher | Failed to fetch updates - TelegramConflictError: Telegram server says - Conflict: terminated by other getUpdates request; make sure that only one bot instance is running
2026-07-08 18:00:32 | WARNING  | aiogram.dispatcher | Sleep for 4.755240 seconds and try again... (tryings = 1028, bot id = 8737871300)
2026-07-08 18:00:42 | ERROR    | aiogram.dispatcher | Failed to fetch updates - TelegramConflictError: Telegram server says - Conflict: terminated by other getUpdates request; make sure that only one bot instance is running
2026-07-08 18:00:42 | WARNING  | aiogram.dispatcher | Sleep for 5.000672 seconds and try again... (tryings = 1029, bot id = 8737871300)
2026-07-08 18:00:52 | ERROR    | aiogram.dispatcher | Failed to fetch updates - TelegramConflictError: Telegram server says - Conflict: terminated by other getUpdates request; make sure that only one bot instance is running
2026-07-08 18:00:52 | WARNING  | aiogram.dispatcher | Sleep for 4.915731 seconds and try again... (tryings = 1030, bot id = 8737871300)
2026-07-08 18:01:02 | ERROR    | aiogram.dispatcher | Failed to fetch updates - TelegramConflictError: Telegram server says - Conflict: terminated by other getUpdates request; make sure that only one bot instance is running
2026-07-08 18:01:02 | WARNING  | aiogram.dispatcher | Sleep for 5.085327 seconds and try again... (tryings = 1031, bot id = 8737871300)
2026-07-08 18:01:12 | ERROR    | aiogram.dispatcher | Failed to fetch updates - TelegramConflictError: Telegram server says - Conflict: terminated by other getUpdates request; make sure that only one bot instance is running
2026-07-08 18:01:12 | WARNING  | aiogram.dispatcher | Sleep for 5.081422 seconds and try again... (tryings = 1032, bot id = 8737871300)
2026-07-08 18:01:23 | ERROR    | aiogram.dispatcher | Failed to fetch updates - TelegramConflictError: Telegram server says - Conflict: terminated by other getUpdates request; make sure that only one bot instance is running
2026-07-08 18:01:23 | WARNING  | aiogram.dispatcher | Sleep for 5.021050 seconds and try again... (tryings = 1033, bot id = 8737871300)
2026-07-08 18:01:33 | ERROR    | aiogram.dispatcher | Failed to fetch updates - TelegramConflictError: Telegram server says - Conflict: terminated by other getUpdates request; make sure that only one bot instance is running
2026-07-08 18:01:33 | WARNING  | aiogram.dispatcher | Sleep for 4.801952 seconds and try again... (tryings = 1034, bot id = 8737871300)
2026-07-08 18:01:43 | ERROR    | aiogram.dispatcher | Failed to fetch updates - TelegramConflictError: Telegram server says - Conflict: terminated by other getUpdates request; make sure that only one bot instance is running
2026-07-08 18:01:43 | WARNING  | aiogram.dispatcher | Sleep for 4.910078 seconds and try again... (tryings = 1035, bot id = 8737871300)
2026-07-08 18:01:53 | ERROR    | aiogram.dispatcher | Failed to fetch updates - TelegramConflictError: Telegram server says - Conflict: terminated by other getUpdates request; make sure that only one bot instance is running
2026-07-08 18:01:53 | WARNING  | aiogram.dispatcher | Sleep for 5.216960 seconds and try again... (tryings = 1036, bot id = 8737871300)
2026-07-08 18:02:04 | ERROR    | aiogram.dispatcher | Failed to fetch updates - TelegramConflictError: Telegram server says - Conflict: terminated by other getUpdates request; make sure that only one bot instance is running
2026-07-08 18:02:04 | WARNING  | aiogram.dispatcher | Sleep for 4.977961 seconds and try again... (tryings = 1037, bot id = 8737871300)
2026-07-08 18:02:14 | ERROR    | aiogram.dispatcher | Failed to fetch updates - TelegramConflictError: Telegram server says - Conflict: terminated by other getUpdates request; make sure that only one bot instance is running
2026-07-08 18:02:14 | WARNING  | aiogram.dispatcher | Sleep for 4.737440 seconds and try again... (tryings = 1038, bot id = 8737871300)
2026-07-08 18:02:24 | ERROR    | aiogram.dispatcher | Failed to fetch updates - TelegramConflictError: Telegram server says - Conflict: terminated by other getUpdates request; make sure that only one bot instance is running
2026-07-08 18:02:24 | WARNING  | aiogram.dispatcher | Sleep for 4.882535 seconds and try again... (tryings = 1039, bot id = 8737871300)
2026-07-08 18:02:35 | ERROR    | aiogram.dispatcher | Failed to fetch updates - TelegramNetworkError: HTTP Client says - ClientOSError: [WinError 1236] Подключение к сети было разорвано локальной системой
2026-07-08 18:02:35 | WARNING  | aiogram.dispatcher | Sleep for 4.922569 seconds and try again... (tryings = 1040, bot id = 8737871300)
2026-07-08 18:02:40 | ERROR    | aiogram.dispatcher | Failed to fetch updates - TelegramNetworkError: HTTP Client says - ClientConnectorError: Cannot connect to host api.telegram.org:443 ssl:default [Сетевая папка недоступна. За информацией о разрешении проблем в сети обратитесь к справочной системе Windows]
2026-07-08 18:02:40 | WARNING  | aiogram.dispatcher | Sleep for 5.051414 seconds and try again... (tryings = 1041, bot id = 8737871300)
2026-07-08 18:02:45 | ERROR    | aiogram.dispatcher | Failed to fetch updates - TelegramNetworkError: HTTP Client says - ClientConnectorError: Cannot connect to host api.telegram.org:443 ssl:default [Сетевая папка недоступна. За информацией о разрешении проблем в сети обратитесь к справочной системе Windows]
2026-07-08 18:02:45 | WARNING  | aiogram.dispatcher | Sleep for 4.960125 seconds and try again... (tryings = 1042, bot id = 8737871300)
2026-07-08 18:02:50 | ERROR    | aiogram.dispatcher | Failed to fetch updates - TelegramNetworkError: HTTP Client says - ClientConnectorError: Cannot connect to host api.telegram.org:443 ssl:default [Сетевая папка недоступна. За информацией о разрешении проблем в сети обратитесь к справочной системе Windows]
2026-07-08 18:02:50 | WARNING  | aiogram.dispatcher | Sleep for 5.152015 seconds and try again... (tryings = 1043, bot id = 8737871300)
2026-07-19 13:59:06 | INFO     | __main__ | Baza ulandi: data/database.db
2026-07-19 13:59:06 | INFO     | aiogram.dispatcher | Start polling
2026-07-19 13:59:08 | INFO     | aiogram.dispatcher | Run polling for bot @uzbmediakino_bot id=8737871300 - 'UZB MEDIA'
2026-07-19 13:59:14 | ERROR    | aiogram.dispatcher | Failed to fetch updates - TelegramConflictError: Telegram server says - Conflict: terminated by other getUpdates request; make sure that only one bot instance is running
2026-07-19 13:59:14 | WARNING  | aiogram.dispatcher | Sleep for 1.000000 seconds and try again... (tryings = 0, bot id = 8737871300)
2026-07-19 13:59:21 | ERROR    | aiogram.dispatcher | Failed to fetch updates - TelegramConflictError: Telegram server says - Conflict: terminated by other getUpdates request; make sure that only one bot instance is running
2026-07-19 13:59:21 | WARNING  | aiogram.dispatcher | Sleep for 1.239188 seconds and try again... (tryings = 1, bot id = 8737871300)
2026-07-19 13:59:28 | ERROR    | aiogram.dispatcher | Failed to fetch updates - TelegramConflictError: Telegram server says - Conflict: terminated by other getUpdates request; make sure that only one bot instance is running
2026-07-19 13:59:28 | WARNING  | aiogram.dispatcher | Sleep for 1.588391 seconds and try again... (tryings = 2, bot id = 8737871300)
2026-07-19 13:59:35 | ERROR    | aiogram.dispatcher | Failed to fetch updates - TelegramConflictError: Telegram server says - Conflict: terminated by other getUpdates request; make sure that only one bot instance is running
2026-07-19 13:59:35 | WARNING  | aiogram.dispatcher | Sleep for 2.049476 seconds and try again... (tryings = 3, bot id = 8737871300)
2026-07-19 13:59:44 | ERROR    | aiogram.dispatcher | Failed to fetch updates - TelegramConflictError: Telegram server says - Conflict: terminated by other getUpdates request; make sure that only one bot instance is running
2026-07-19 13:59:44 | WARNING  | aiogram.dispatcher | Sleep for 2.712905 seconds and try again... (tryings = 4, bot id = 8737871300)
2026-07-19 13:59:53 | ERROR    | aiogram.dispatcher | Failed to fetch updates - TelegramConflictError: Telegram server says - Conflict: terminated by other getUpdates request; make sure that only one bot instance is running
2026-07-19 13:59:53 | WARNING  | aiogram.dispatcher | Sleep for 3.737200 seconds and try again... (tryings = 5, bot id = 8737871300)
2026-07-19 14:00:00 | INFO     | aiogram.dispatcher | Connection established (tryings = 6, bot id = 8737871300)
2026-07-19 14:00:03 | INFO     | aiogram.event | Update id=905840412 is handled. Duration 3124 ms by bot id=8737871300
2026-07-19 14:00:05 | ERROR    | aiogram.dispatcher | Failed to fetch updates - TelegramConflictError: Telegram server says - Conflict: terminated by other getUpdates request; make sure that only one bot instance is running
2026-07-19 14:00:05 | WARNING  | aiogram.dispatcher | Sleep for 1.000000 seconds and try again... (tryings = 0, bot id = 8737871300)
2026-07-19 14:00:08 | INFO     | aiogram.dispatcher | Connection established (tryings = 1, bot id = 8737871300)
2026-07-19 14:00:10 | INFO     | aiogram.event | Update id=905840413 is handled. Duration 1273 ms by bot id=8737871300
2026-07-19 14:00:15 | INFO     | aiogram.event | Update id=905840414 is handled. Duration 3148 ms by bot id=8737871300
2026-07-19 14:00:17 | INFO     | aiogram.event | Update id=905840415 is handled. Duration 3620 ms by bot id=8737871300
2026-07-19 14:00:19 | ERROR    | aiogram.dispatcher | Failed to fetch updates - TelegramConflictError: Telegram server says - Conflict: terminated by other getUpdates request; make sure that only one bot instance is running
2026-07-19 14:00:19 | WARNING  | aiogram.dispatcher | Sleep for 1.000000 seconds and try again... (tryings = 0, bot id = 8737871300)
2026-07-19 14:00:26 | INFO     | aiogram.dispatcher | Connection established (tryings = 1, bot id = 8737871300)
2026-07-19 14:00:29 | INFO     | aiogram.event | Update id=905840416 is handled. Duration 3072 ms by bot id=8737871300
2026-07-19 14:00:31 | ERROR    | aiogram.dispatcher | Failed to fetch updates - TelegramConflictError: Telegram server says - Conflict: terminated by other getUpdates request; make sure that only one bot instance is running
2026-07-19 14:00:31 | WARNING  | aiogram.dispatcher | Sleep for 1.000000 seconds and try again... (tryings = 0, bot id = 8737871300)
2026-07-19 14:00:35 | INFO     | aiogram.dispatcher | Connection established (tryings = 1, bot id = 8737871300)
2026-07-19 14:00:38 | INFO     | aiogram.event | Update id=905840417 is handled. Duration 2886 ms by bot id=8737871300
2026-07-19 14:00:40 | INFO     | aiogram.event | Update id=905840419 is handled. Duration 1478 ms by bot id=8737871300
2026-07-19 14:00:41 | ERROR    | aiogram.dispatcher | Failed to fetch updates - TelegramConflictError: Telegram server says - Conflict: terminated by other getUpdates request; make sure that only one bot instance is running
2026-07-19 14:00:41 | WARNING  | aiogram.dispatcher | Sleep for 1.000000 seconds and try again... (tryings = 0, bot id = 8737871300)
2026-07-19 14:00:48 | ERROR    | aiogram.dispatcher | Failed to fetch updates - TelegramConflictError: Telegram server says - Conflict: terminated by other getUpdates request; make sure that only one bot instance is running
2026-07-19 14:00:48 | WARNING  | aiogram.dispatcher | Sleep for 1.135174 seconds and try again... (tryings = 1, bot id = 8737871300)
2026-07-19 14:00:52 | INFO     | aiogram.dispatcher | Connection established (tryings = 2, bot id = 8737871300)
2026-07-19 14:29:03 | INFO     | __main__ | Baza ulandi: data/database.db
2026-07-19 14:29:03 | INFO     | aiogram.dispatcher | Start polling
2026-07-19 14:29:03 | INFO     | aiogram.dispatcher | Run polling for bot @uzbmediakino_bot id=8737871300 - 'UZB MEDIA'
2026-07-19 14:29:08 | ERROR    | aiogram.dispatcher | Failed to fetch updates - TelegramConflictError: Telegram server says - Conflict: terminated by other getUpdates request; make sure that only one bot instance is running
2026-07-19 14:29:08 | WARNING  | aiogram.dispatcher | Sleep for 1.000000 seconds and try again... (tryings = 0, bot id = 8737871300)
2026-07-19 14:29:13 | ERROR    | aiogram.dispatcher | Failed to fetch updates - TelegramConflictError: Telegram server says - Conflict: terminated by other getUpdates request; make sure that only one bot instance is running
2026-07-19 14:29:13 | WARNING  | aiogram.dispatcher | Sleep for 1.226565 seconds and try again... (tryings = 1, bot id = 8737871300)
2026-07-19 14:29:19 | ERROR    | aiogram.dispatcher | Failed to fetch updates - TelegramConflictError: Telegram server says - Conflict: terminated by other getUpdates request; make sure that only one bot instance is running
2026-07-19 14:29:19 | WARNING  | aiogram.dispatcher | Sleep for 1.451424 seconds and try again... (tryings = 2, bot id = 8737871300)
2026-07-19 14:29:26 | ERROR    | aiogram.dispatcher | Failed to fetch updates - TelegramConflictError: Telegram server says - Conflict: terminated by other getUpdates request; make sure that only one bot instance is running
2026-07-19 14:29:26 | WARNING  | aiogram.dispatcher | Sleep for 1.833416 seconds and try again... (tryings = 3, bot id = 8737871300)
2026-07-19 14:29:32 | ERROR    | aiogram.dispatcher | Failed to fetch updates - TelegramConflictError: Telegram server says - Conflict: terminated by other getUpdates request; make sure that only one bot instance is running
2026-07-19 14:29:32 | WARNING  | aiogram.dispatcher | Sleep for 2.329961 seconds and try again... (tryings = 4, bot id = 8737871300)
2026-07-19 14:29:39 | ERROR    | aiogram.dispatcher | Failed to fetch updates - TelegramConflictError: Telegram server says - Conflict: terminated by other getUpdates request; make sure that only one bot instance is running
2026-07-19 14:29:39 | WARNING  | aiogram.dispatcher | Sleep for 3.104541 seconds and try again... (tryings = 5, bot id = 8737871300)
2026-07-19 14:29:47 | ERROR    | aiogram.dispatcher | Failed to fetch updates - TelegramConflictError: Telegram server says - Conflict: terminated by other getUpdates request; make sure that only one bot instance is running
2026-07-19 14:29:47 | WARNING  | aiogram.dispatcher | Sleep for 4.247829 seconds and try again... (tryings = 6, bot id = 8737871300)
2026-07-19 14:29:56 | ERROR    | aiogram.dispatcher | Failed to fetch updates - TelegramConflictError: Telegram server says - Conflict: terminated by other getUpdates request; make sure that only one bot instance is running
2026-07-19 14:29:56 | WARNING  | aiogram.dispatcher | Sleep for 4.901715 seconds and try again... (tryings = 7, bot id = 8737871300)
2026-07-19 14:30:07 | ERROR    | aiogram.dispatcher | Failed to fetch updates - TelegramConflictError: Telegram server says - Conflict: terminated by other getUpdates request; make sure that only one bot instance is running
2026-07-19 14:30:07 | WARNING  | aiogram.dispatcher | Sleep for 5.015791 seconds and try again... (tryings = 8, bot id = 8737871300)
2026-07-19 14:30:16 | ERROR    | aiogram.dispatcher | Failed to fetch updates - TelegramConflictError: Telegram server says - Conflict: terminated by other getUpdates request; make sure that only one bot instance is running
2026-07-19 14:30:16 | WARNING  | aiogram.dispatcher | Sleep for 4.898566 seconds and try again... (tryings = 9, bot id = 8737871300)
2026-07-19 14:30:22 | INFO     | aiogram.dispatcher | Connection established (tryings = 10, bot id = 8737871300)
2026-07-19 14:30:23 | INFO     | aiogram.event | Update id=905840423 is handled. Duration 634 ms by bot id=8737871300
2026-07-19 14:30:26 | INFO     | aiogram.event | Update id=905840424 is handled. Duration 186 ms by bot id=8737871300
2026-07-19 14:30:27 | ERROR    | aiogram.dispatcher | Failed to fetch updates - TelegramConflictError: Telegram server says - Conflict: terminated by other getUpdates request; make sure that only one bot instance is running
2026-07-19 14:30:27 | WARNING  | aiogram.dispatcher | Sleep for 1.000000 seconds and try again... (tryings = 0, bot id = 8737871300)
2026-07-19 14:30:28 | INFO     | aiogram.dispatcher | Connection established (tryings = 1, bot id = 8737871300)
2026-07-19 14:30:29 | INFO     | aiogram.event | Update id=905840425 is handled. Duration 204 ms by bot id=8737871300
2026-07-19 14:30:36 | ERROR    | aiogram.dispatcher | Failed to fetch updates - TelegramConflictError: Telegram server says - Conflict: terminated by other getUpdates request; make sure that only one bot instance is running
2026-07-19 14:30:36 | WARNING  | aiogram.dispatcher | Sleep for 1.000000 seconds and try again... (tryings = 0, bot id = 8737871300)
2026-07-19 14:30:40 | INFO     | aiogram.dispatcher | Connection established (tryings = 1, bot id = 8737871300)
2026-07-19 14:30:40 | INFO     | aiogram.event | Update id=905840426 is handled. Duration 250 ms by bot id=8737871300
2026-07-19 14:30:45 | INFO     | aiogram.event | Update id=905840427 is handled. Duration 212 ms by bot id=8737871300
2026-07-19 14:30:45 | ERROR    | aiogram.dispatcher | Failed to fetch updates - TelegramConflictError: Telegram server says - Conflict: terminated by other getUpdates request; make sure that only one bot instance is running
2026-07-19 14:30:45 | WARNING  | aiogram.dispatcher | Sleep for 1.000000 seconds and try again... (tryings = 0, bot id = 8737871300)
2026-07-19 14:30:49 | INFO     | aiogram.dispatcher | Connection established (tryings = 1, bot id = 8737871300)
2026-07-19 14:30:50 | INFO     | aiogram.event | Update id=905840428 is handled. Duration 815 ms by bot id=8737871300
2026-07-19 14:30:55 | ERROR    | aiogram.dispatcher | Failed to fetch updates - TelegramConflictError: Telegram server says - Conflict: terminated by other getUpdates request; make sure that only one bot instance is running
2026-07-19 14:30:55 | WARNING  | aiogram.dispatcher | Sleep for 1.000000 seconds and try again... (tryings = 0, bot id = 8737871300)
2026-07-19 14:31:04 | ERROR    | aiogram.dispatcher | Failed to fetch updates - TelegramConflictError: Telegram server says - Conflict: terminated by other getUpdates request; make sure that only one bot instance is running
2026-07-19 14:31:04 | WARNING  | aiogram.dispatcher | Sleep for 1.312843 seconds and try again... (tryings = 1, bot id = 8737871300)
2026-07-19 14:31:13 | INFO     | aiogram.dispatcher | Connection established (tryings = 2, bot id = 8737871300)
2026-07-19 14:31:14 | INFO     | aiogram.event | Update id=905840429 is handled. Duration 611 ms by bot id=8737871300
2026-07-19 14:31:14 | ERROR    | aiogram.dispatcher | Failed to fetch updates - TelegramConflictError: Telegram server says - Conflict: terminated by other getUpdates request; make sure that only one bot instance is running
2026-07-19 14:31:14 | WARNING  | aiogram.dispatcher | Sleep for 1.000000 seconds and try again... (tryings = 0, bot id = 8737871300)
2026-07-19 14:31:18 | INFO     | aiogram.dispatcher | Connection established (tryings = 1, bot id = 8737871300)
2026-07-19 14:31:18 | INFO     | aiogram.event | Update id=905840430 is handled. Duration 552 ms by bot id=8737871300
2026-07-19 14:31:23 | ERROR    | aiogram.dispatcher | Failed to fetch updates - TelegramConflictError: Telegram server says - Conflict: terminated by other getUpdates request; make sure that only one bot instance is running
2026-07-19 14:31:23 | WARNING  | aiogram.dispatcher | Sleep for 1.000000 seconds and try again... (tryings = 0, bot id = 8737871300)
2026-07-19 14:31:32 | ERROR    | aiogram.dispatcher | Failed to fetch updates - TelegramConflictError: Telegram server says - Conflict: terminated by other getUpdates request; make sure that only one bot instance is running
2026-07-19 14:31:32 | WARNING  | aiogram.dispatcher | Sleep for 1.367994 seconds and try again... (tryings = 1, bot id = 8737871300)
2026-07-19 14:31:42 | ERROR    | aiogram.dispatcher | Failed to fetch updates - TelegramConflictError: Telegram server says - Conflict: terminated by other getUpdates request; make sure that only one bot instance is running
2026-07-19 14:31:42 | WARNING  | aiogram.dispatcher | Sleep for 1.689385 seconds and try again... (tryings = 2, bot id = 8737871300)
2026-07-19 14:31:52 | ERROR    | aiogram.dispatcher | Failed to fetch updates - TelegramConflictError: Telegram server says - Conflict: terminated by other getUpdates request; make sure that only one bot instance is running
2026-07-19 14:31:52 | WARNING  | aiogram.dispatcher | Sleep for 2.310626 seconds and try again... (tryings = 3, bot id = 8737871300)
2026-07-19 14:32:03 | ERROR    | aiogram.dispatcher | Failed to fetch updates - TelegramConflictError: Telegram server says - Conflict: terminated by other getUpdates request; make sure that only one bot instance is running
2026-07-19 14:32:03 | WARNING  | aiogram.dispatcher | Sleep for 3.154577 seconds and try again... (tryings = 4, bot id = 8737871300)
2026-07-19 14:32:10 | ERROR    | aiogram.dispatcher | Failed to fetch updates - TelegramConflictError: Telegram server says - Conflict: terminated by other getUpdates request; make sure that only one bot instance is running
2026-07-19 14:32:10 | WARNING  | aiogram.dispatcher | Sleep for 4.170570 seconds and try again... (tryings = 5, bot id = 8737871300)
2026-07-19 14:32:19 | ERROR    | aiogram.dispatcher | Failed to fetch updates - TelegramConflictError: Telegram server says - Conflict: terminated by other getUpdates request; make sure that only one bot instance is running
2026-07-19 14:32:19 | WARNING  | aiogram.dispatcher | Sleep for 5.024751 seconds and try again... (tryings = 6, bot id = 8737871300)
2026-07-19 14:32:29 | ERROR    | aiogram.dispatcher | Failed to fetch updates - TelegramConflictError: Telegram server says - Conflict: terminated by other getUpdates request; make sure that only one bot instance is running
2026-07-19 14:32:29 | WARNING  | aiogram.dispatcher | Sleep for 5.205706 seconds and try again... (tryings = 7, bot id = 8737871300)
2026-07-19 14:32:40 | ERROR    | aiogram.dispatcher | Failed to fetch updates - TelegramConflictError: Telegram server says - Conflict: terminated by other getUpdates request; make sure that only one bot instance is running
2026-07-19 14:32:40 | WARNING  | aiogram.dispatcher | Sleep for 5.032352 seconds and try again... (tryings = 8, bot id = 8737871300)
2026-07-19 14:32:46 | INFO     | aiogram.dispatcher | Connection established (tryings = 9, bot id = 8737871300)
2026-07-19 14:32:47 | INFO     | aiogram.event | Update id=905840433 is handled. Duration 560 ms by bot id=8737871300
2026-07-19 14:32:49 | ERROR    | aiogram.dispatcher | Failed to fetch updates - TelegramConflictError: Telegram server says - Conflict: terminated by other getUpdates request; make sure that only one bot instance is running
2026-07-19 14:32:49 | WARNING  | aiogram.dispatcher | Sleep for 1.000000 seconds and try again... (tryings = 0, bot id = 8737871300)
2026-07-19 14:32:51 | INFO     | aiogram.dispatcher | Connection established (tryings = 1, bot id = 8737871300)
2026-07-19 14:32:52 | INFO     | aiogram.event | Update id=905840434 is handled. Duration 638 ms by bot id=8737871300
2026-07-19 14:32:55 | ERROR    | aiogram.dispatcher | Failed to fetch updates - TelegramConflictError: Telegram server says - Conflict: terminated by other getUpdates request; make sure that only one bot instance is running
2026-07-19 14:32:55 | WARNING  | aiogram.dispatcher | Sleep for 1.000000 seconds and try again... (tryings = 0, bot id = 8737871300)
2026-07-19 14:33:01 | ERROR    | aiogram.dispatcher | Failed to fetch updates - TelegramConflictError: Telegram server says - Conflict: terminated by other getUpdates request; make sure that only one bot instance is running
2026-07-19 14:33:01 | WARNING  | aiogram.dispatcher | Sleep for 1.428221 seconds and try again... (tryings = 1, bot id = 8737871300)
2026-07-19 14:33:06 | ERROR    | aiogram.dispatcher | Failed to fetch updates - TelegramConflictError: Telegram server says - Conflict: terminated by other getUpdates request; make sure that only one bot instance is running
2026-07-19 14:33:06 | WARNING  | aiogram.dispatcher | Sleep for 1.820761 seconds and try again... (tryings = 2, bot id = 8737871300)
2026-07-19 14:33:13 | ERROR    | aiogram.dispatcher | Failed to fetch updates - TelegramConflictError: Telegram server says - Conflict: terminated by other getUpdates request; make sure that only one bot instance is running
2026-07-19 14:33:13 | WARNING  | aiogram.dispatcher | Sleep for 2.247233 seconds and try again... (tryings = 3, bot id = 8737871300)
2026-07-19 14:33:19 | ERROR    | aiogram.dispatcher | Failed to fetch updates - TelegramConflictError: Telegram server says - Conflict: terminated by other getUpdates request; make sure that only one bot instance is running
2026-07-19 14:33:19 | WARNING  | aiogram.dispatcher | Sleep for 2.871467 seconds and try again... (tryings = 4, bot id = 8737871300)
2026-07-19 14:33:27 | ERROR    | aiogram.dispatcher | Failed to fetch updates - TelegramConflictError: Telegram server says - Conflict: terminated by other getUpdates request; make sure that only one bot instance is running
2026-07-19 14:33:27 | WARNING  | aiogram.dispatcher | Sleep for 3.704665 seconds and try again... (tryings = 5, bot id = 8737871300)
2026-07-19 14:33:36 | ERROR    | aiogram.dispatcher | Failed to fetch updates - TelegramConflictError: Telegram server says - Conflict: terminated by other getUpdates request; make sure that only one bot instance is running
2026-07-19 14:33:36 | WARNING  | aiogram.dispatcher | Sleep for 4.751476 seconds and try again... (tryings = 6, bot id = 8737871300)
2026-07-19 14:33:42 | INFO     | aiogram.dispatcher | Connection established (tryings = 7, bot id = 8737871300)
2026-07-19 14:33:42 | INFO     | aiogram.event | Update id=905840439 is handled. Duration 532 ms by bot id=8737871300
2026-07-19 14:33:45 | ERROR    | aiogram.dispatcher | Failed to fetch updates - TelegramConflictError: Telegram server says - Conflict: terminated by other getUpdates request; make sure that only one bot instance is running
2026-07-19 14:33:45 | WARNING  | aiogram.dispatcher | Sleep for 1.000000 seconds and try again... (tryings = 0, bot id = 8737871300)
2026-07-19 14:33:51 | ERROR    | aiogram.dispatcher | Failed to fetch updates - TelegramConflictError: Telegram server says - Conflict: terminated by other getUpdates request; make sure that only one bot instance is running
2026-07-19 14:33:51 | WARNING  | aiogram.dispatcher | Sleep for 1.480581 seconds and try again... (tryings = 1, bot id = 8737871300)
2026-07-19 14:33:57 | ERROR    | aiogram.dispatcher | Failed to fetch updates - TelegramConflictError: Telegram server says - Conflict: terminated by other getUpdates request; make sure that only one bot instance is running
2026-07-19 14:33:57 | WARNING  | aiogram.dispatcher | Sleep for 1.850867 seconds and try again... (tryings = 2, bot id = 8737871300)
2026-07-19 14:34:03 | ERROR    | aiogram.dispatcher | Failed to fetch updates - TelegramConflictError: Telegram server says - Conflict: terminated by other getUpdates request; make sure that only one bot instance is running
2026-07-19 14:34:03 | WARNING  | aiogram.dispatcher | Sleep for 2.367541 seconds and try again... (tryings = 3, bot id = 8737871300)
2026-07-19 14:34:11 | ERROR    | aiogram.dispatcher | Failed to fetch updates - TelegramConflictError: Telegram server says - Conflict: terminated by other getUpdates request; make sure that only one bot instance is running
2026-07-19 14:34:11 | WARNING  | aiogram.dispatcher | Sleep for 3.021160 seconds and try again... (tryings = 4, bot id = 8737871300)
2026-07-19 14:34:20 | ERROR    | aiogram.dispatcher | Failed to fetch updates - TelegramConflictError: Telegram server says - Conflict: terminated by other getUpdates request; make sure that only one bot instance is running
2026-07-19 14:34:20 | WARNING  | aiogram.dispatcher | Sleep for 3.835497 seconds and try again... (tryings = 5, bot id = 8737871300)
2026-07-19 14:34:28 | ERROR    | aiogram.dispatcher | Failed to fetch updates - TelegramConflictError: Telegram server says - Conflict: terminated by other getUpdates request; make sure that only one bot instance is running
2026-07-19 14:34:28 | WARNING  | aiogram.dispatcher | Sleep for 5.111568 seconds and try again... (tryings = 6, bot id = 8737871300)
2026-07-19 14:34:36 | INFO     | aiogram.dispatcher | Connection established (tryings = 7, bot id = 8737871300)
2026-07-19 14:34:36 | INFO     | aiogram.event | Update id=905840441 is not handled. Duration 18 ms by bot id=8737871300
2026-07-19 14:34:38 | ERROR    | aiogram.dispatcher | Failed to fetch updates - TelegramConflictError: Telegram server says - Conflict: terminated by other getUpdates request; make sure that only one bot instance is running
2026-07-19 14:34:38 | WARNING  | aiogram.dispatcher | Sleep for 1.000000 seconds and try again... (tryings = 0, bot id = 8737871300)
2026-07-19 14:34:42 | INFO     | aiogram.dispatcher | Connection established (tryings = 1, bot id = 8737871300)
2026-07-19 14:34:43 | INFO     | aiogram.event | Update id=905840443 is handled. Duration 764 ms by bot id=8737871300
2026-07-19 14:34:44 | ERROR    | aiogram.dispatcher | Failed to fetch updates - TelegramConflictError: Telegram server says - Conflict: terminated by other getUpdates request; make sure that only one bot instance is running
2026-07-19 14:34:44 | WARNING  | aiogram.dispatcher | Sleep for 1.000000 seconds and try again... (tryings = 0, bot id = 8737871300)
2026-07-19 14:34:45 | INFO     | aiogram.dispatcher | Connection established (tryings = 1, bot id = 8737871300)
2026-07-19 14:34:46 | INFO     | aiogram.event | Update id=905840444 is handled. Duration 606 ms by bot id=8737871300
2026-07-19 14:34:49 | ERROR    | aiogram.dispatcher | Failed to fetch updates - TelegramConflictError: Telegram server says - Conflict: terminated by other getUpdates request; make sure that only one bot instance is running
2026-07-19 14:34:49 | WARNING  | aiogram.dispatcher | Sleep for 1.000000 seconds and try again... (tryings = 0, bot id = 8737871300)
2026-07-19 14:34:53 | INFO     | aiogram.dispatcher | Connection established (tryings = 1, bot id = 8737871300)
2026-07-19 14:34:54 | INFO     | aiogram.event | Update id=905840445 is handled. Duration 611 ms by bot id=8737871300
2026-07-19 14:34:56 | ERROR    | aiogram.dispatcher | Failed to fetch updates - TelegramConflictError: Telegram server says - Conflict: terminated by other getUpdates request; make sure that only one bot instance is running
2026-07-19 14:34:56 | WARNING  | aiogram.dispatcher | Sleep for 1.000000 seconds and try again... (tryings = 0, bot id = 8737871300)
2026-07-19 14:35:02 | ERROR    | aiogram.dispatcher | Failed to fetch updates - TelegramConflictError: Telegram server says - Conflict: terminated by other getUpdates request; make sure that only one bot instance is running
2026-07-19 14:35:02 | WARNING  | aiogram.dispatcher | Sleep for 1.286117 seconds and try again... (tryings = 1, bot id = 8737871300)
2026-07-19 14:35:08 | INFO     | aiogram.dispatcher | Connection established (tryings = 2, bot id = 8737871300)
2026-07-19 14:35:09 | INFO     | aiogram.event | Update id=905840446 is handled. Duration 711 ms by bot id=8737871300
2026-07-19 14:35:09 | ERROR    | aiogram.dispatcher | Failed to fetch updates - TelegramConflictError: Telegram server says - Conflict: terminated by other getUpdates request; make sure that only one bot instance is running
2026-07-19 14:35:09 | WARNING  | aiogram.dispatcher | Sleep for 1.000000 seconds and try again... (tryings = 0, bot id = 8737871300)
2026-07-19 14:35:17 | ERROR    | aiogram.dispatcher | Failed to fetch updates - TelegramConflictError: Telegram server says - Conflict: terminated by other getUpdates request; make sure that only one bot instance is running
2026-07-19 14:35:17 | WARNING  | aiogram.dispatcher | Sleep for 1.172199 seconds and try again... (tryings = 1, bot id = 8737871300)
2026-07-19 14:35:27 | ERROR    | aiogram.dispatcher | Failed to fetch updates - TelegramConflictError: Telegram server says - Conflict: terminated by other getUpdates request; make sure that only one bot instance is running
2026-07-19 14:35:27 | WARNING  | aiogram.dispatcher | Sleep for 1.546316 seconds and try again... (tryings = 2, bot id = 8737871300)
2026-07-19 14:35:37 | ERROR    | aiogram.dispatcher | Failed to fetch updates - TelegramConflictError: Telegram server says - Conflict: terminated by other getUpdates request; make sure that only one bot instance is running
2026-07-19 14:35:37 | WARNING  | aiogram.dispatcher | Sleep for 1.980123 seconds and try again... (tryings = 3, bot id = 8737871300)
2026-07-19 14:35:47 | ERROR    | aiogram.dispatcher | Failed to fetch updates - TelegramConflictError: Telegram server says - Conflict: terminated by other getUpdates request; make sure that only one bot instance is running
2026-07-19 14:35:47 | WARNING  | aiogram.dispatcher | Sleep for 2.599019 seconds and try again... (tryings = 4, bot id = 8737871300)
2026-07-19 14:35:59 | ERROR    | aiogram.dispatcher | Failed to fetch updates - TelegramConflictError: Telegram server says - Conflict: terminated by other getUpdates request; make sure that only one bot instance is running
2026-07-19 14:35:59 | WARNING  | aiogram.dispatcher | Sleep for 3.408593 seconds and try again... (tryings = 5, bot id = 8737871300)
2026-07-19 14:36:07 | ERROR    | aiogram.dispatcher | Failed to fetch updates - TelegramConflictError: Telegram server says - Conflict: terminated by other getUpdates request; make sure that only one bot instance is running
2026-07-19 14:36:07 | WARNING  | aiogram.dispatcher | Sleep for 4.457790 seconds and try again... (tryings = 6, bot id = 8737871300)
2026-07-19 14:36:17 | ERROR    | aiogram.dispatcher | Failed to fetch updates - TelegramConflictError: Telegram server says - Conflict: terminated by other getUpdates request; make sure that only one bot instance is running
2026-07-19 14:36:17 | WARNING  | aiogram.dispatcher | Sleep for 5.126088 seconds and try again... (tryings = 7, bot id = 8737871300)
2026-07-19 14:36:28 | ERROR    | aiogram.dispatcher | Failed to fetch updates - TelegramConflictError: Telegram server says - Conflict: terminated by other getUpdates request; make sure that only one bot instance is running
2026-07-19 14:36:28 | WARNING  | aiogram.dispatcher | Sleep for 5.039482 seconds and try again... (tryings = 8, bot id = 8737871300)
2026-07-19 14:36:38 | ERROR    | aiogram.dispatcher | Failed to fetch updates - TelegramConflictError: Telegram server says - Conflict: terminated by other getUpdates request; make sure that only one bot instance is running
2026-07-19 14:36:38 | WARNING  | aiogram.dispatcher | Sleep for 5.170471 seconds and try again... (tryings = 9, bot id = 8737871300)
2026-07-19 14:36:49 | ERROR    | aiogram.dispatcher | Failed to fetch updates - TelegramConflictError: Telegram server says - Conflict: terminated by other getUpdates request; make sure that only one bot instance is running
2026-07-19 14:36:49 | WARNING  | aiogram.dispatcher | Sleep for 5.141148 seconds and try again... (tryings = 10, bot id = 8737871300)
2026-07-19 14:36:59 | ERROR    | aiogram.dispatcher | Failed to fetch updates - TelegramConflictError: Telegram server says - Conflict: terminated by other getUpdates request; make sure that only one bot instance is running
2026-07-19 14:36:59 | WARNING  | aiogram.dispatcher | Sleep for 5.043220 seconds and try again... (tryings = 11, bot id = 8737871300)
2026-07-19 14:37:10 | ERROR    | aiogram.dispatcher | Failed to fetch updates - TelegramConflictError: Telegram server says - Conflict: terminated by other getUpdates request; make sure that only one bot instance is running
2026-07-19 14:37:10 | WARNING  | aiogram.dispatcher | Sleep for 4.942567 seconds and try again... (tryings = 12, bot id = 8737871300)
2026-07-19 14:37:20 | ERROR    | aiogram.dispatcher | Failed to fetch updates - TelegramConflictError: Telegram server says - Conflict: terminated by other getUpdates request; make sure that only one bot instance is running
2026-07-19 14:37:20 | WARNING  | aiogram.dispatcher | Sleep for 5.160514 seconds and try again... (tryings = 13, bot id = 8737871300)
2026-07-19 14:37:31 | ERROR    | aiogram.dispatcher | Failed to fetch updates - TelegramConflictError: Telegram server says - Conflict: terminated by other getUpdates request; make sure that only one bot instance is running
2026-07-19 14:37:31 | WARNING  | aiogram.dispatcher | Sleep for 4.990491 seconds and try again... (tryings = 14, bot id = 8737871300)
2026-07-19 14:37:41 | ERROR    | aiogram.dispatcher | Failed to fetch updates - TelegramConflictError: Telegram server says - Conflict: terminated by other getUpdates request; make sure that only one bot instance is running
2026-07-19 14:37:41 | WARNING  | aiogram.dispatcher | Sleep for 5.007743 seconds and try again... (tryings = 15, bot id = 8737871300)
2026-07-19 14:37:52 | ERROR    | aiogram.dispatcher | Failed to fetch updates - TelegramConflictError: Telegram server says - Conflict: terminated by other getUpdates request; make sure that only one bot instance is running
2026-07-19 14:37:52 | WARNING  | aiogram.dispatcher | Sleep for 5.067225 seconds and try again... (tryings = 16, bot id = 8737871300)
2026-07-19 14:38:02 | ERROR    | aiogram.dispatcher | Failed to fetch updates - TelegramConflictError: Telegram server says - Conflict: terminated by other getUpdates request; make sure that only one bot instance is running
2026-07-19 14:38:02 | WARNING  | aiogram.dispatcher | Sleep for 5.024185 seconds and try again... (tryings = 17, bot id = 8737871300)
2026-07-19 14:38:12 | ERROR    | aiogram.dispatcher | Failed to fetch updates - TelegramConflictError: Telegram server says - Conflict: terminated by other getUpdates request; make sure that only one bot instance is running
2026-07-19 14:38:12 | WARNING  | aiogram.dispatcher | Sleep for 5.064607 seconds and try again... (tryings = 18, bot id = 8737871300)
2026-07-19 14:38:22 | ERROR    | aiogram.dispatcher | Failed to fetch updates - TelegramConflictError: Telegram server says - Conflict: terminated by other getUpdates request; make sure that only one bot instance is running
2026-07-19 14:38:22 | WARNING  | aiogram.dispatcher | Sleep for 4.957275 seconds and try again... (tryings = 19, bot id = 8737871300)
2026-07-19 14:38:35 | INFO     | __main__ | Baza ulandi: data/database.db
2026-07-19 14:38:35 | INFO     | aiogram.dispatcher | Start polling
2026-07-19 14:38:35 | INFO     | aiogram.dispatcher | Run polling for bot @uzbmediakino_bot id=8737871300 - 'UZB MEDIA'
2026-07-19 14:38:39 | ERROR    | aiogram.dispatcher | Failed to fetch updates - TelegramConflictError: Telegram server says - Conflict: terminated by other getUpdates request; make sure that only one bot instance is running
2026-07-19 14:38:39 | WARNING  | aiogram.dispatcher | Sleep for 1.000000 seconds and try again... (tryings = 0, bot id = 8737871300)
2026-07-19 14:38:41 | INFO     | aiogram.dispatcher | Connection established (tryings = 1, bot id = 8737871300)
2026-07-19 14:38:42 | INFO     | aiogram.event | Update id=905840447 is handled. Duration 983 ms by bot id=8737871300
2026-07-19 14:38:45 | ERROR    | aiogram.dispatcher | Failed to fetch updates - TelegramConflictError: Telegram server says - Conflict: terminated by other getUpdates request; make sure that only one bot instance is running
2026-07-19 14:38:45 | WARNING  | aiogram.dispatcher | Sleep for 1.000000 seconds and try again... (tryings = 0, bot id = 8737871300)
2026-07-19 14:38:51 | ERROR    | aiogram.dispatcher | Failed to fetch updates - TelegramConflictError: Telegram server says - Conflict: terminated by other getUpdates request; make sure that only one bot instance is running
2026-07-19 14:38:51 | WARNING  | aiogram.dispatcher | Sleep for 1.347674 seconds and try again... (tryings = 1, bot id = 8737871300)
2026-07-19 14:38:57 | ERROR    | aiogram.dispatcher | Failed to fetch updates - TelegramConflictError: Telegram server says - Conflict: terminated by other getUpdates request; make sure that only one bot instance is running
2026-07-19 14:38:57 | WARNING  | aiogram.dispatcher | Sleep for 1.573649 seconds and try again... (tryings = 2, bot id = 8737871300)
2026-07-19 14:39:04 | ERROR    | aiogram.dispatcher | Failed to fetch updates - TelegramConflictError: Telegram server says - Conflict: terminated by other getUpdates request; make sure that only one bot instance is running
2026-07-19 14:39:04 | WARNING  | aiogram.dispatcher | Sleep for 1.991161 seconds and try again... (tryings = 3, bot id = 8737871300)
2026-07-19 14:39:11 | ERROR    | aiogram.dispatcher | Failed to fetch updates - TelegramConflictError: Telegram server says - Conflict: terminated by other getUpdates request; make sure that only one bot instance is running
2026-07-19 14:39:11 | WARNING  | aiogram.dispatcher | Sleep for 2.431439 seconds and try again... (tryings = 4, bot id = 8737871300)
2026-07-19 14:39:18 | ERROR    | aiogram.dispatcher | Failed to fetch updates - TelegramConflictError: Telegram server says - Conflict: terminated by other getUpdates request; make sure that only one bot instance is running
2026-07-19 14:39:18 | WARNING  | aiogram.dispatcher | Sleep for 3.221254 seconds and try again... (tryings = 5, bot id = 8737871300)
2026-07-19 14:39:26 | ERROR    | aiogram.dispatcher | Failed to fetch updates - TelegramConflictError: Telegram server says - Conflict: terminated by other getUpdates request; make sure that only one bot instance is running
2026-07-19 14:39:26 | WARNING  | aiogram.dispatcher | Sleep for 4.223808 seconds and try again... (tryings = 6, bot id = 8737871300)
2026-07-19 14:39:35 | ERROR    | aiogram.dispatcher | Failed to fetch updates - TelegramConflictError: Telegram server says - Conflict: terminated by other getUpdates request; make sure that only one bot instance is running
2026-07-19 14:39:35 | WARNING  | aiogram.dispatcher | Sleep for 4.967231 seconds and try again... (tryings = 7, bot id = 8737871300)
2026-07-19 14:39:46 | ERROR    | aiogram.dispatcher | Failed to fetch updates - TelegramConflictError: Telegram server says - Conflict: terminated by other getUpdates request; make sure that only one bot instance is running
2026-07-19 14:39:46 | WARNING  | aiogram.dispatcher | Sleep for 5.039906 seconds and try again... (tryings = 8, bot id = 8737871300)
2026-07-19 14:39:54 | ERROR    | aiogram.dispatcher | Failed to fetch updates - TelegramConflictError: Telegram server says - Conflict: terminated by other getUpdates request; make sure that only one bot instance is running
2026-07-19 14:39:54 | WARNING  | aiogram.dispatcher | Sleep for 4.854683 seconds and try again... (tryings = 9, bot id = 8737871300)
2026-07-19 14:40:04 | ERROR    | aiogram.dispatcher | Failed to fetch updates - TelegramConflictError: Telegram server says - Conflict: terminated by other getUpdates request; make sure that only one bot instance is running
2026-07-19 14:40:04 | WARNING  | aiogram.dispatcher | Sleep for 5.033328 seconds and try again... (tryings = 10, bot id = 8737871300)
2026-07-19 14:40:14 | ERROR    | aiogram.dispatcher | Failed to fetch updates - TelegramConflictError: Telegram server says - Conflict: terminated by other getUpdates request; make sure that only one bot instance is running
2026-07-19 14:40:14 | WARNING  | aiogram.dispatcher | Sleep for 5.316180 seconds and try again... (tryings = 11, bot id = 8737871300)
2026-07-19 14:40:25 | ERROR    | aiogram.dispatcher | Failed to fetch updates - TelegramConflictError: Telegram server says - Conflict: terminated by other getUpdates request; make sure that only one bot instance is running
2026-07-19 14:40:25 | WARNING  | aiogram.dispatcher | Sleep for 5.165232 seconds and try again... (tryings = 12, bot id = 8737871300)
2026-07-19 14:40:36 | ERROR    | aiogram.dispatcher | Failed to fetch updates - TelegramConflictError: Telegram server says - Conflict: terminated by other getUpdates request; make sure that only one bot instance is running
2026-07-19 14:40:36 | WARNING  | aiogram.dispatcher | Sleep for 5.008541 seconds and try again... (tryings = 13, bot id = 8737871300)
2026-07-19 14:40:46 | ERROR    | aiogram.dispatcher | Failed to fetch updates - TelegramConflictError: Telegram server says - Conflict: terminated by other getUpdates request; make sure that only one bot instance is running
2026-07-19 14:40:46 | WARNING  | aiogram.dispatcher | Sleep for 5.008883 seconds and try again... (tryings = 14, bot id = 8737871300)
2026-07-19 14:40:56 | ERROR    | aiogram.dispatcher | Failed to fetch updates - TelegramConflictError: Telegram server says - Conflict: terminated by other getUpdates request; make sure that only one bot instance is running
2026-07-19 14:40:56 | WARNING  | aiogram.dispatcher | Sleep for 4.993922 seconds and try again... (tryings = 15, bot id = 8737871300)
2026-07-19 14:41:06 | ERROR    | aiogram.dispatcher | Failed to fetch updates - TelegramConflictError: Telegram server says - Conflict: terminated by other getUpdates request; make sure that only one bot instance is running
2026-07-19 14:41:07 | WARNING  | aiogram.dispatcher | Sleep for 4.981506 seconds and try again... (tryings = 16, bot id = 8737871300)
2026-07-19 14:41:17 | ERROR    | aiogram.dispatcher | Failed to fetch updates - TelegramConflictError: Telegram server says - Conflict: terminated by other getUpdates request; make sure that only one bot instance is running
2026-07-19 14:41:17 | WARNING  | aiogram.dispatcher | Sleep for 4.953521 seconds and try again... (tryings = 17, bot id = 8737871300)
2026-07-19 14:41:27 | ERROR    | aiogram.dispatcher | Failed to fetch updates - TelegramConflictError: Telegram server says - Conflict: terminated by other getUpdates request; make sure that only one bot instance is running
2026-07-19 14:41:27 | WARNING  | aiogram.dispatcher | Sleep for 5.017433 seconds and try again... (tryings = 18, bot id = 8737871300)
2026-07-19 14:41:38 | ERROR    | aiogram.dispatcher | Failed to fetch updates - TelegramConflictError: Telegram server says - Conflict: terminated by other getUpdates request; make sure that only one bot instance is running
2026-07-19 14:41:38 | WARNING  | aiogram.dispatcher | Sleep for 5.151607 seconds and try again... (tryings = 19, bot id = 8737871300)
2026-07-19 14:41:48 | ERROR    | aiogram.dispatcher | Failed to fetch updates - TelegramConflictError: Telegram server says - Conflict: terminated by other getUpdates request; make sure that only one bot instance is running
2026-07-19 14:41:48 | WARNING  | aiogram.dispatcher | Sleep for 4.960580 seconds and try again... (tryings = 20, bot id = 8737871300)
2026-07-19 14:41:58 | ERROR    | aiogram.dispatcher | Failed to fetch updates - TelegramConflictError: Telegram server says - Conflict: terminated by other getUpdates request; make sure that only one bot instance is running
2026-07-19 14:41:58 | WARNING  | aiogram.dispatcher | Sleep for 4.938227 seconds and try again... (tryings = 21, bot id = 8737871300)
2026-07-19 14:42:09 | ERROR    | aiogram.dispatcher | Failed to fetch updates - TelegramConflictError: Telegram server says - Conflict: terminated by other getUpdates request; make sure that only one bot instance is running
2026-07-19 14:42:09 | WARNING  | aiogram.dispatcher | Sleep for 5.051713 seconds and try again... (tryings = 22, bot id = 8737871300)
2026-07-19 14:42:19 | ERROR    | aiogram.dispatcher | Failed to fetch updates - TelegramConflictError: Telegram server says - Conflict: terminated by other getUpdates request; make sure that only one bot instance is running
2026-07-19 14:42:19 | WARNING  | aiogram.dispatcher | Sleep for 4.834101 seconds and try again... (tryings = 23, bot id = 8737871300)
2026-07-19 14:42:29 | ERROR    | aiogram.dispatcher | Failed to fetch updates - TelegramConflictError: Telegram server says - Conflict: terminated by other getUpdates request; make sure that only one bot instance is running
2026-07-19 14:42:29 | WARNING  | aiogram.dispatcher | Sleep for 5.059589 seconds and try again... (tryings = 24, bot id = 8737871300)
2026-07-19 14:42:40 | ERROR    | aiogram.dispatcher | Failed to fetch updates - TelegramConflictError: Telegram server says - Conflict: terminated by other getUpdates request; make sure that only one bot instance is running
2026-07-19 14:42:40 | WARNING  | aiogram.dispatcher | Sleep for 5.029279 seconds and try again... (tryings = 25, bot id = 8737871300)
2026-07-19 14:42:50 | ERROR    | aiogram.dispatcher | Failed to fetch updates - TelegramConflictError: Telegram server says - Conflict: terminated by other getUpdates request; make sure that only one bot instance is running
2026-07-19 14:42:50 | WARNING  | aiogram.dispatcher | Sleep for 4.851807 seconds and try again... (tryings = 26, bot id = 8737871300)
2026-07-19 14:43:00 | ERROR    | aiogram.dispatcher | Failed to fetch updates - TelegramConflictError: Telegram server says - Conflict: terminated by other getUpdates request; make sure that only one bot instance is running
2026-07-19 14:43:00 | WARNING  | aiogram.dispatcher | Sleep for 5.096820 seconds and try again... (tryings = 27, bot id = 8737871300)
2026-07-19 14:43:11 | ERROR    | aiogram.dispatcher | Failed to fetch updates - TelegramConflictError: Telegram server says - Conflict: terminated by other getUpdates request; make sure that only one bot instance is running
2026-07-19 14:43:11 | WARNING  | aiogram.dispatcher | Sleep for 5.087614 seconds and try again... (tryings = 28, bot id = 8737871300)
2026-07-19 14:43:21 | ERROR    | aiogram.dispatcher | Failed to fetch updates - TelegramConflictError: Telegram server says - Conflict: terminated by other getUpdates request; make sure that only one bot instance is running
2026-07-19 14:43:21 | WARNING  | aiogram.dispatcher | Sleep for 4.939527 seconds and try again... (tryings = 29, bot id = 8737871300)
2026-07-19 14:43:31 | ERROR    | aiogram.dispatcher | Failed to fetch updates - TelegramConflictError: Telegram server says - Conflict: terminated by other getUpdates request; make sure that only one bot instance is running
2026-07-19 14:43:31 | WARNING  | aiogram.dispatcher | Sleep for 5.148102 seconds and try again... (tryings = 30, bot id = 8737871300)
2026-07-19 14:43:42 | ERROR    | aiogram.dispatcher | Failed to fetch updates - TelegramConflictError: Telegram server says - Conflict: terminated by other getUpdates request; make sure that only one bot instance is running
2026-07-19 14:43:42 | WARNING  | aiogram.dispatcher | Sleep for 5.023051 seconds and try again... (tryings = 31, bot id = 8737871300)
2026-07-19 14:43:52 | ERROR    | aiogram.dispatcher | Failed to fetch updates - TelegramConflictError: Telegram server says - Conflict: terminated by other getUpdates request; make sure that only one bot instance is running
2026-07-19 14:43:52 | WARNING  | aiogram.dispatcher | Sleep for 4.928763 seconds and try again... (tryings = 32, bot id = 8737871300)
2026-07-19 14:44:10 | INFO     | __main__ | Baza ulandi: data/database.db
2026-07-19 14:44:10 | INFO     | aiogram.dispatcher | Start polling
2026-07-19 14:44:11 | INFO     | aiogram.dispatcher | Run polling for bot @uzbmediakino_bot id=8737871300 - 'UZB MEDIA'
2026-07-19 14:44:16 | ERROR    | aiogram.dispatcher | Failed to fetch updates - TelegramConflictError: Telegram server says - Conflict: terminated by other getUpdates request; make sure that only one bot instance is running
2026-07-19 14:44:16 | WARNING  | aiogram.dispatcher | Sleep for 1.000000 seconds and try again... (tryings = 0, bot id = 8737871300)
2026-07-19 14:44:25 | ERROR    | aiogram.dispatcher | Failed to fetch updates - TelegramConflictError: Telegram server says - Conflict: terminated by other getUpdates request; make sure that only one bot instance is running
2026-07-19 14:44:25 | WARNING  | aiogram.dispatcher | Sleep for 1.210401 seconds and try again... (tryings = 1, bot id = 8737871300)
2026-07-19 14:44:35 | INFO     | aiogram.dispatcher | Polling stopped
2026-07-19 14:44:35 | ERROR    | aiogram.dispatcher | Failed to fetch updates - TelegramNetworkError: HTTP Client says - ServerDisconnectedError: Server disconnected
2026-07-19 14:44:35 | WARNING  | aiogram.dispatcher | Sleep for 1.404224 seconds and try again... (tryings = 2, bot id = 8737871300)
2026-07-19 14:44:35 | INFO     | __main__ | Bot to'xtatildi.
2026-07-19 14:44:35 | INFO     | aiogram.dispatcher | Polling stopped for bot @uzbmediakino_bot id=8737871300 - 'UZB MEDIA'
2026-07-19 14:44:35 | INFO     | __main__ | Bot foydalanuvchi tomonidan to'xtatildi.
2026-07-19 14:44:44 | INFO     | __main__ | Baza ulandi: data/database.db
2026-07-19 14:44:44 | INFO     | aiogram.dispatcher | Start polling
2026-07-19 14:44:44 | INFO     | aiogram.dispatcher | Run polling for bot @uzbmediakino_bot id=8737871300 - 'UZB MEDIA'
2026-07-19 14:44:50 | ERROR    | aiogram.dispatcher | Failed to fetch updates - TelegramConflictError: Telegram server says - Conflict: terminated by other getUpdates request; make sure that only one bot instance is running
2026-07-19 14:44:50 | WARNING  | aiogram.dispatcher | Sleep for 1.000000 seconds and try again... (tryings = 0, bot id = 8737871300)
2026-07-19 14:44:57 | INFO     | aiogram.dispatcher | Connection established (tryings = 1, bot id = 8737871300)
2026-07-19 14:44:59 | INFO     | aiogram.event | Update id=905840449 is handled. Duration 1045 ms by bot id=8737871300
2026-07-19 14:44:59 | ERROR    | aiogram.dispatcher | Failed to fetch updates - TelegramConflictError: Telegram server says - Conflict: terminated by other getUpdates request; make sure that only one bot instance is running
2026-07-19 14:44:59 | WARNING  | aiogram.dispatcher | Sleep for 1.000000 seconds and try again... (tryings = 0, bot id = 8737871300)
2026-07-19 14:45:09 | ERROR    | aiogram.dispatcher | Failed to fetch updates - TelegramConflictError: Telegram server says - Conflict: terminated by other getUpdates request; make sure that only one bot instance is running
2026-07-19 14:45:09 | WARNING  | aiogram.dispatcher | Sleep for 1.417432 seconds and try again... (tryings = 1, bot id = 8737871300)
2026-07-19 14:45:11 | INFO     | aiogram.dispatcher | Connection established (tryings = 2, bot id = 8737871300)
2026-07-19 14:45:12 | INFO     | aiogram.event | Update id=905840450 is handled. Duration 619 ms by bot id=8737871300
2026-07-19 14:45:18 | ERROR    | aiogram.dispatcher | Failed to fetch updates - TelegramConflictError: Telegram server says - Conflict: terminated by other getUpdates request; make sure that only one bot instance is running
2026-07-19 14:45:18 | WARNING  | aiogram.dispatcher | Sleep for 1.000000 seconds and try again... (tryings = 0, bot id = 8737871300)
2026-07-19 14:45:19 | INFO     | aiogram.event | Update id=905840451 is handled. Duration 613 ms by bot id=8737871300
2026-07-19 14:45:27 | INFO     | aiogram.dispatcher | Connection established (tryings = 1, bot id = 8737871300)
2026-07-19 14:45:27 | INFO     | aiogram.event | Update id=905840452 is handled. Duration 601 ms by bot id=8737871300
2026-07-19 14:45:28 | ERROR    | aiogram.dispatcher | Failed to fetch updates - TelegramConflictError: Telegram server says - Conflict: terminated by other getUpdates request; make sure that only one bot instance is running
2026-07-19 14:45:28 | WARNING  | aiogram.dispatcher | Sleep for 1.000000 seconds and try again... (tryings = 0, bot id = 8737871300)
2026-07-19 14:45:37 | ERROR    | aiogram.dispatcher | Failed to fetch updates - TelegramConflictError: Telegram server says - Conflict: terminated by other getUpdates request; make sure that only one bot instance is running
2026-07-19 14:45:37 | WARNING  | aiogram.dispatcher | Sleep for 1.331044 seconds and try again... (tryings = 1, bot id = 8737871300)
2026-07-19 14:45:47 | ERROR    | aiogram.dispatcher | Failed to fetch updates - TelegramConflictError: Telegram server says - Conflict: terminated by other getUpdates request; make sure that only one bot instance is running
2026-07-19 14:45:47 | WARNING  | aiogram.dispatcher | Sleep for 1.517322 seconds and try again... (tryings = 2, bot id = 8737871300)
2026-07-19 14:45:57 | ERROR    | aiogram.dispatcher | Failed to fetch updates - TelegramConflictError: Telegram server says - Conflict: terminated by other getUpdates request; make sure that only one bot instance is running
2026-07-19 14:45:57 | WARNING  | aiogram.dispatcher | Sleep for 1.839029 seconds and try again... (tryings = 3, bot id = 8737871300)
2026-07-19 14:46:07 | ERROR    | aiogram.dispatcher | Failed to fetch updates - TelegramConflictError: Telegram server says - Conflict: terminated by other getUpdates request; make sure that only one bot instance is running
2026-07-19 14:46:07 | WARNING  | aiogram.dispatcher | Sleep for 2.434821 seconds and try again... (tryings = 4, bot id = 8737871300)
2026-07-19 14:46:32 | INFO     | __main__ | Baza ulandi: data/database.db
2026-07-19 14:46:32 | INFO     | aiogram.dispatcher | Start polling
2026-07-19 14:46:32 | INFO     | aiogram.dispatcher | Run polling for bot @uzbmediakino_bot id=8737871300 - 'UZB MEDIA'
2026-07-19 14:46:37 | ERROR    | aiogram.dispatcher | Failed to fetch updates - TelegramConflictError: Telegram server says - Conflict: terminated by other getUpdates request; make sure that only one bot instance is running
2026-07-19 14:46:37 | WARNING  | aiogram.dispatcher | Sleep for 1.000000 seconds and try again... (tryings = 0, bot id = 8737871300)
2026-07-19 14:46:41 | ERROR    | aiogram.dispatcher | Failed to fetch updates - TelegramConflictError: Telegram server says - Conflict: terminated by other getUpdates request; make sure that only one bot instance is running
2026-07-19 14:46:41 | WARNING  | aiogram.dispatcher | Sleep for 1.362349 seconds and try again... (tryings = 1, bot id = 8737871300)
2026-07-19 14:46:46 | ERROR    | aiogram.dispatcher | Failed to fetch updates - TelegramConflictError: Telegram server says - Conflict: terminated by other getUpdates request; make sure that only one bot instance is running
2026-07-19 14:46:46 | WARNING  | aiogram.dispatcher | Sleep for 1.822598 seconds and try again... (tryings = 2, bot id = 8737871300)
2026-07-19 14:46:51 | ERROR    | aiogram.dispatcher | Failed to fetch updates - TelegramConflictError: Telegram server says - Conflict: terminated by other getUpdates request; make sure that only one bot instance is running
2026-07-19 14:46:51 | WARNING  | aiogram.dispatcher | Sleep for 2.564576 seconds and try again... (tryings = 3, bot id = 8737871300)
2026-07-19 14:46:57 | ERROR    | aiogram.dispatcher | Failed to fetch updates - TelegramConflictError: Telegram server says - Conflict: terminated by other getUpdates request; make sure that only one bot instance is running
2026-07-19 14:46:57 | WARNING  | aiogram.dispatcher | Sleep for 3.179367 seconds and try again... (tryings = 4, bot id = 8737871300)
2026-07-19 14:47:11 | INFO     | __main__ | Baza ulandi: data/database.db
2026-07-19 14:47:11 | INFO     | aiogram.dispatcher | Start polling
2026-07-19 14:47:11 | INFO     | aiogram.dispatcher | Run polling for bot @uzbmediakino_bot id=8737871300 - 'UZB MEDIA'
2026-07-19 14:47:16 | ERROR    | aiogram.dispatcher | Failed to fetch updates - TelegramConflictError: Telegram server says - Conflict: terminated by other getUpdates request; make sure that only one bot instance is running
2026-07-19 14:47:16 | WARNING  | aiogram.dispatcher | Sleep for 1.000000 seconds and try again... (tryings = 0, bot id = 8737871300)
2026-07-19 14:47:21 | ERROR    | aiogram.dispatcher | Failed to fetch updates - TelegramConflictError: Telegram server says - Conflict: terminated by other getUpdates request; make sure that only one bot instance is running
2026-07-19 14:47:21 | WARNING  | aiogram.dispatcher | Sleep for 1.161461 seconds and try again... (tryings = 1, bot id = 8737871300)
2026-07-19 14:47:27 | ERROR    | aiogram.dispatcher | Failed to fetch updates - TelegramConflictError: Telegram server says - Conflict: terminated by other getUpdates request; make sure that only one bot instance is running
2026-07-19 14:47:27 | WARNING  | aiogram.dispatcher | Sleep for 1.559548 seconds and try again... (tryings = 2, bot id = 8737871300)
2026-07-19 14:47:33 | ERROR    | aiogram.dispatcher | Failed to fetch updates - TelegramConflictError: Telegram server says - Conflict: terminated by other getUpdates request; make sure that only one bot instance is running
2026-07-19 14:47:33 | WARNING  | aiogram.dispatcher | Sleep for 2.066828 seconds and try again... (tryings = 3, bot id = 8737871300)
2026-07-19 14:47:40 | ERROR    | aiogram.dispatcher | Failed to fetch updates - TelegramConflictError: Telegram server says - Conflict: terminated by other getUpdates request; make sure that only one bot instance is running
2026-07-19 14:47:40 | WARNING  | aiogram.dispatcher | Sleep for 2.719386 seconds and try again... (tryings = 4, bot id = 8737871300)
2026-07-19 14:47:48 | ERROR    | aiogram.dispatcher | Failed to fetch updates - TelegramConflictError: Telegram server says - Conflict: terminated by other getUpdates request; make sure that only one bot instance is running
2026-07-19 14:47:48 | WARNING  | aiogram.dispatcher | Sleep for 3.386171 seconds and try again... (tryings = 5, bot id = 8737871300)
2026-07-19 14:47:55 | ERROR    | aiogram.dispatcher | Failed to fetch updates - TelegramConflictError: Telegram server says - Conflict: terminated by other getUpdates request; make sure that only one bot instance is running
2026-07-19 14:47:55 | WARNING  | aiogram.dispatcher | Sleep for 4.363711 seconds and try again... (tryings = 6, bot id = 8737871300)
2026-07-19 14:48:04 | ERROR    | aiogram.dispatcher | Failed to fetch updates - TelegramConflictError: Telegram server says - Conflict: terminated by other getUpdates request; make sure that only one bot instance is running
2026-07-19 14:48:04 | WARNING  | aiogram.dispatcher | Sleep for 5.034083 seconds and try again... (tryings = 7, bot id = 8737871300)
2026-07-19 14:48:14 | ERROR    | aiogram.dispatcher | Failed to fetch updates - TelegramConflictError: Telegram server says - Conflict: terminated by other getUpdates request; make sure that only one bot instance is running
2026-07-19 14:48:14 | WARNING  | aiogram.dispatcher | Sleep for 4.911923 seconds and try again... (tryings = 8, bot id = 8737871300)
2026-07-19 14:48:24 | ERROR    | aiogram.dispatcher | Failed to fetch updates - TelegramConflictError: Telegram server says - Conflict: terminated by other getUpdates request; make sure that only one bot instance is running
2026-07-19 14:48:24 | WARNING  | aiogram.dispatcher | Sleep for 4.833820 seconds and try again... (tryings = 9, bot id = 8737871300)
2026-07-19 14:48:33 | ERROR    | aiogram.dispatcher | Failed to fetch updates - TelegramConflictError: Telegram server says - Conflict: terminated by other getUpdates request; make sure that only one bot instance is running
2026-07-19 14:48:33 | WARNING  | aiogram.dispatcher | Sleep for 5.042727 seconds and try again... (tryings = 10, bot id = 8737871300)
2026-07-19 14:48:43 | ERROR    | aiogram.dispatcher | Failed to fetch updates - TelegramConflictError: Telegram server says - Conflict: terminated by other getUpdates request; make sure that only one bot instance is running
2026-07-19 14:48:43 | WARNING  | aiogram.dispatcher | Sleep for 5.160886 seconds and try again... (tryings = 11, bot id = 8737871300)
2026-07-19 14:48:53 | ERROR    | aiogram.dispatcher | Failed to fetch updates - TelegramConflictError: Telegram server says - Conflict: terminated by other getUpdates request; make sure that only one bot instance is running
2026-07-19 14:48:53 | WARNING  | aiogram.dispatcher | Sleep for 4.984971 seconds and try again... (tryings = 12, bot id = 8737871300)
2026-07-19 14:49:03 | ERROR    | aiogram.dispatcher | Failed to fetch updates - TelegramConflictError: Telegram server says - Conflict: terminated by other getUpdates request; make sure that only one bot instance is running
2026-07-19 14:49:03 | WARNING  | aiogram.dispatcher | Sleep for 5.072054 seconds and try again... (tryings = 13, bot id = 8737871300)
2026-07-19 14:49:12 | ERROR    | aiogram.dispatcher | Failed to fetch updates - TelegramConflictError: Telegram server says - Conflict: terminated by other getUpdates request; make sure that only one bot instance is running
2026-07-19 14:49:12 | WARNING  | aiogram.dispatcher | Sleep for 4.993799 seconds and try again... (tryings = 14, bot id = 8737871300)
2026-07-19 14:49:18 | INFO     | aiogram.dispatcher | Connection established (tryings = 15, bot id = 8737871300)
2026-07-19 14:49:19 | INFO     | aiogram.event | Update id=905840461 is handled. Duration 622 ms by bot id=8737871300
2026-07-19 14:49:21 | ERROR    | aiogram.dispatcher | Failed to fetch updates - TelegramConflictError: Telegram server says - Conflict: terminated by other getUpdates request; make sure that only one bot instance is running
2026-07-19 14:49:21 | WARNING  | aiogram.dispatcher | Sleep for 1.000000 seconds and try again... (tryings = 0, bot id = 8737871300)
2026-07-19 14:49:23 | INFO     | aiogram.dispatcher | Connection established (tryings = 1, bot id = 8737871300)
2026-07-19 14:49:24 | INFO     | aiogram.event | Update id=905840463 is handled. Duration 494 ms by bot id=8737871300
2026-07-19 14:49:27 | ERROR    | aiogram.dispatcher | Failed to fetch updates - TelegramConflictError: Telegram server says - Conflict: terminated by other getUpdates request; make sure that only one bot instance is running
2026-07-19 14:49:27 | WARNING  | aiogram.dispatcher | Sleep for 1.000000 seconds and try again... (tryings = 0, bot id = 8737871300)
2026-07-19 14:49:33 | ERROR    | aiogram.dispatcher | Failed to fetch updates - TelegramConflictError: Telegram server says - Conflict: terminated by other getUpdates request; make sure that only one bot instance is running
2026-07-19 14:49:33 | WARNING  | aiogram.dispatcher | Sleep for 1.323275 seconds and try again... (tryings = 1, bot id = 8737871300)
2026-07-19 14:49:39 | ERROR    | aiogram.dispatcher | Failed to fetch updates - TelegramConflictError: Telegram server says - Conflict: terminated by other getUpdates request; make sure that only one bot instance is running
2026-07-19 14:49:39 | WARNING  | aiogram.dispatcher | Sleep for 1.687217 seconds and try again... (tryings = 2, bot id = 8737871300)
2026-07-19 14:49:45 | ERROR    | aiogram.dispatcher | Failed to fetch updates - TelegramConflictError: Telegram server says - Conflict: terminated by other getUpdates request; make sure that only one bot instance is running
2026-07-19 14:49:45 | WARNING  | aiogram.dispatcher | Sleep for 2.247145 seconds and try again... (tryings = 3, bot id = 8737871300)
2026-07-19 14:49:52 | ERROR    | aiogram.dispatcher | Failed to fetch updates - TelegramConflictError: Telegram server says - Conflict: terminated by other getUpdates request; make sure that only one bot instance is running
2026-07-19 14:49:52 | WARNING  | aiogram.dispatcher | Sleep for 2.789002 seconds and try again... (tryings = 4, bot id = 8737871300)
2026-07-19 14:49:59 | ERROR    | aiogram.dispatcher | Failed to fetch updates - TelegramConflictError: Telegram server says - Conflict: terminated by other getUpdates request; make sure that only one bot instance is running
2026-07-19 14:49:59 | WARNING  | aiogram.dispatcher | Sleep for 3.626710 seconds and try again... (tryings = 5, bot id = 8737871300)
2026-07-19 14:50:07 | ERROR    | aiogram.dispatcher | Failed to fetch updates - TelegramConflictError: Telegram server says - Conflict: terminated by other getUpdates request; make sure that only one bot instance is running
2026-07-19 14:50:07 | WARNING  | aiogram.dispatcher | Sleep for 4.795863 seconds and try again... (tryings = 6, bot id = 8737871300)
2026-07-19 14:50:16 | ERROR    | aiogram.dispatcher | Failed to fetch updates - TelegramConflictError: Telegram server says - Conflict: terminated by other getUpdates request; make sure that only one bot instance is running
2026-07-19 14:50:16 | WARNING  | aiogram.dispatcher | Sleep for 5.089524 seconds and try again... (tryings = 7, bot id = 8737871300)
2026-07-19 14:50:26 | ERROR    | aiogram.dispatcher | Failed to fetch updates - TelegramConflictError: Telegram server says - Conflict: terminated by other getUpdates request; make sure that only one bot instance is running
2026-07-19 14:50:26 | WARNING  | aiogram.dispatcher | Sleep for 4.963231 seconds and try again... (tryings = 8, bot id = 8737871300)
2026-07-19 14:50:35 | ERROR    | aiogram.dispatcher | Failed to fetch updates - TelegramConflictError: Telegram server says - Conflict: terminated by other getUpdates request; make sure that only one bot instance is running
2026-07-19 14:50:35 | WARNING  | aiogram.dispatcher | Sleep for 4.975062 seconds and try again... (tryings = 9, bot id = 8737871300)
2026-07-19 14:50:45 | ERROR    | aiogram.dispatcher | Failed to fetch updates - TelegramConflictError: Telegram server says - Conflict: terminated by other getUpdates request; make sure that only one bot instance is running
2026-07-19 14:50:45 | WARNING  | aiogram.dispatcher | Sleep for 4.838845 seconds and try again... (tryings = 10, bot id = 8737871300)
2026-07-19 14:50:56 | ERROR    | aiogram.dispatcher | Failed to fetch updates - TelegramConflictError: Telegram server says - Conflict: terminated by other getUpdates request; make sure that only one bot instance is running
2026-07-19 14:50:56 | WARNING  | aiogram.dispatcher | Sleep for 4.907876 seconds and try again... (tryings = 11, bot id = 8737871300)
2026-07-19 14:51:04 | ERROR    | aiogram.dispatcher | Failed to fetch updates - TelegramConflictError: Telegram server says - Conflict: terminated by other getUpdates request; make sure that only one bot instance is running
2026-07-19 14:51:04 | WARNING  | aiogram.dispatcher | Sleep for 4.989492 seconds and try again... (tryings = 12, bot id = 8737871300)
2026-07-19 14:51:14 | ERROR    | aiogram.dispatcher | Failed to fetch updates - TelegramConflictError: Telegram server says - Conflict: terminated by other getUpdates request; make sure that only one bot instance is running
2026-07-19 14:51:14 | WARNING  | aiogram.dispatcher | Sleep for 5.130769 seconds and try again... (tryings = 13, bot id = 8737871300)
2026-07-19 14:51:24 | ERROR    | aiogram.dispatcher | Failed to fetch updates - TelegramConflictError: Telegram server says - Conflict: terminated by other getUpdates request; make sure that only one bot instance is running
2026-07-19 14:51:24 | WARNING  | aiogram.dispatcher | Sleep for 5.032411 seconds and try again... (tryings = 14, bot id = 8737871300)
2026-07-19 14:51:35 | ERROR    | aiogram.dispatcher | Failed to fetch updates - TelegramConflictError: Telegram server says - Conflict: terminated by other getUpdates request; make sure that only one bot instance is running
2026-07-19 14:51:35 | WARNING  | aiogram.dispatcher | Sleep for 5.038228 seconds and try again... (tryings = 15, bot id = 8737871300)
2026-07-19 14:51:45 | ERROR    | aiogram.dispatcher | Failed to fetch updates - TelegramConflictError: Telegram server says - Conflict: terminated by other getUpdates request; make sure that only one bot instance is running
2026-07-19 14:51:45 | WARNING  | aiogram.dispatcher | Sleep for 5.328788 seconds and try again... (tryings = 16, bot id = 8737871300)
2026-07-19 14:56:14 | ERROR    | aiogram.dispatcher | Failed to fetch updates - TelegramNetworkError: HTTP Client says - Request timeout error
2026-07-19 14:56:14 | WARNING  | aiogram.dispatcher | Sleep for 4.912753 seconds and try again... (tryings = 17, bot id = 8737871300)
2026-07-19 14:56:24 | ERROR    | aiogram.dispatcher | Failed to fetch updates - TelegramConflictError: Telegram server says - Conflict: terminated by other getUpdates request; make sure that only one bot instance is running
2026-07-19 14:56:24 | WARNING  | aiogram.dispatcher | Sleep for 4.808763 seconds and try again... (tryings = 18, bot id = 8737871300)
2026-07-19 14:56:34 | ERROR    | aiogram.dispatcher | Failed to fetch updates - TelegramConflictError: Telegram server says - Conflict: terminated by other getUpdates request; make sure that only one bot instance is running
2026-07-19 14:56:34 | WARNING  | aiogram.dispatcher | Sleep for 4.982315 seconds and try again... (tryings = 19, bot id = 8737871300)
2026-07-19 14:56:44 | ERROR    | aiogram.dispatcher | Failed to fetch updates - TelegramConflictError: Telegram server says - Conflict: terminated by other getUpdates request; make sure that only one bot instance is running
2026-07-19 14:56:44 | WARNING  | aiogram.dispatcher | Sleep for 4.943745 seconds and try again... (tryings = 20, bot id = 8737871300)
2026-07-19 14:56:59 | ERROR    | aiogram.dispatcher | Failed to fetch updates - TelegramConflictError: Telegram server says - Conflict: terminated by other getUpdates request; make sure that only one bot instance is running
2026-07-19 14:56:59 | WARNING  | aiogram.dispatcher | Sleep for 4.859268 seconds and try again... (tryings = 21, bot id = 8737871300)
2026-07-19 14:57:09 | ERROR    | aiogram.dispatcher | Failed to fetch updates - TelegramConflictError: Telegram server says - Conflict: terminated by other getUpdates request; make sure that only one bot instance is running
2026-07-19 14:57:09 | WARNING  | aiogram.dispatcher | Sleep for 5.170020 seconds and try again... (tryings = 22, bot id = 8737871300)
2026-07-19 14:57:19 | ERROR    | aiogram.dispatcher | Failed to fetch updates - TelegramConflictError: Telegram server says - Conflict: terminated by other getUpdates request; make sure that only one bot instance is running
2026-07-19 14:57:19 | WARNING  | aiogram.dispatcher | Sleep for 4.934802 seconds and try again... (tryings = 23, bot id = 8737871300)
2026-07-19 14:57:29 | ERROR    | aiogram.dispatcher | Failed to fetch updates - TelegramConflictError: Telegram server says - Conflict: terminated by other getUpdates request; make sure that only one bot instance is running
2026-07-19 14:57:29 | WARNING  | aiogram.dispatcher | Sleep for 5.048289 seconds and try again... (tryings = 24, bot id = 8737871300)
2026-07-19 14:57:40 | ERROR    | aiogram.dispatcher | Failed to fetch updates - TelegramConflictError: Telegram server says - Conflict: terminated by other getUpdates request; make sure that only one bot instance is running
2026-07-19 14:57:40 | WARNING  | aiogram.dispatcher | Sleep for 4.947144 seconds and try again... (tryings = 25, bot id = 8737871300)
2026-07-19 14:57:49 | ERROR    | aiogram.dispatcher | Failed to fetch updates - TelegramConflictError: Telegram server says - Conflict: terminated by other getUpdates request; make sure that only one bot instance is running
2026-07-19 14:57:49 | WARNING  | aiogram.dispatcher | Sleep for 5.082876 seconds and try again... (tryings = 26, bot id = 8737871300)
2026-07-19 14:57:59 | ERROR    | aiogram.dispatcher | Failed to fetch updates - TelegramConflictError: Telegram server says - Conflict: terminated by other getUpdates request; make sure that only one bot instance is running
2026-07-19 14:57:59 | WARNING  | aiogram.dispatcher | Sleep for 5.046405 seconds and try again... (tryings = 27, bot id = 8737871300)
2026-07-19 14:58:09 | ERROR    | aiogram.dispatcher | Failed to fetch updates - TelegramConflictError: Telegram server says - Conflict: terminated by other getUpdates request; make sure that only one bot instance is running
2026-07-19 14:58:09 | WARNING  | aiogram.dispatcher | Sleep for 4.999395 seconds and try again... (tryings = 28, bot id = 8737871300)
2026-07-19 14:58:20 | ERROR    | aiogram.dispatcher | Failed to fetch updates - TelegramConflictError: Telegram server says - Conflict: terminated by other getUpdates request; make sure that only one bot instance is running
2026-07-19 14:58:20 | WARNING  | aiogram.dispatcher | Sleep for 5.105954 seconds and try again... (tryings = 29, bot id = 8737871300)
2026-07-19 14:58:30 | ERROR    | aiogram.dispatcher | Failed to fetch updates - TelegramConflictError: Telegram server says - Conflict: terminated by other getUpdates request; make sure that only one bot instance is running
2026-07-19 14:58:30 | WARNING  | aiogram.dispatcher | Sleep for 5.101389 seconds and try again... (tryings = 30, bot id = 8737871300)
2026-07-19 14:58:40 | ERROR    | aiogram.dispatcher | Failed to fetch updates - TelegramConflictError: Telegram server says - Conflict: terminated by other getUpdates request; make sure that only one bot instance is running
2026-07-19 14:58:40 | WARNING  | aiogram.dispatcher | Sleep for 4.848235 seconds and try again... (tryings = 31, bot id = 8737871300)
2026-07-19 14:58:50 | ERROR    | aiogram.dispatcher | Failed to fetch updates - TelegramConflictError: Telegram server says - Conflict: terminated by other getUpdates request; make sure that only one bot instance is running
2026-07-19 14:58:50 | WARNING  | aiogram.dispatcher | Sleep for 4.858555 seconds and try again... (tryings = 32, bot id = 8737871300)
2026-07-19 14:59:01 | ERROR    | aiogram.dispatcher | Failed to fetch updates - TelegramConflictError: Telegram server says - Conflict: terminated by other getUpdates request; make sure that only one bot instance is running
2026-07-19 14:59:01 | WARNING  | aiogram.dispatcher | Sleep for 4.929145 seconds and try again... (tryings = 33, bot id = 8737871300)
2026-07-19 14:59:12 | ERROR    | aiogram.dispatcher | Failed to fetch updates - TelegramConflictError: Telegram server says - Conflict: terminated by other getUpdates request; make sure that only one bot instance is running
2026-07-19 14:59:12 | WARNING  | aiogram.dispatcher | Sleep for 5.072622 seconds and try again... (tryings = 34, bot id = 8737871300)
2026-07-19 14:59:22 | ERROR    | aiogram.dispatcher | Failed to fetch updates - TelegramConflictError: Telegram server says - Conflict: terminated by other getUpdates request; make sure that only one bot instance is running
2026-07-19 14:59:22 | WARNING  | aiogram.dispatcher | Sleep for 4.973084 seconds and try again... (tryings = 35, bot id = 8737871300)
2026-07-19 14:59:33 | ERROR    | aiogram.dispatcher | Failed to fetch updates - TelegramConflictError: Telegram server says - Conflict: terminated by other getUpdates request; make sure that only one bot instance is running
2026-07-19 14:59:33 | WARNING  | aiogram.dispatcher | Sleep for 5.110478 seconds and try again... (tryings = 36, bot id = 8737871300)
2026-07-19 14:59:43 | ERROR    | aiogram.dispatcher | Failed to fetch updates - TelegramConflictError: Telegram server says - Conflict: terminated by other getUpdates request; make sure that only one bot instance is running
2026-07-19 14:59:43 | WARNING  | aiogram.dispatcher | Sleep for 5.046007 seconds and try again... (tryings = 37, bot id = 8737871300)
2026-07-19 14:59:54 | ERROR    | aiogram.dispatcher | Failed to fetch updates - TelegramConflictError: Telegram server says - Conflict: terminated by other getUpdates request; make sure that only one bot instance is running
2026-07-19 14:59:54 | WARNING  | aiogram.dispatcher | Sleep for 4.869140 seconds and try again... (tryings = 38, bot id = 8737871300)
2026-07-19 15:00:04 | ERROR    | aiogram.dispatcher | Failed to fetch updates - TelegramConflictError: Telegram server says - Conflict: terminated by other getUpdates request; make sure that only one bot instance is running
2026-07-19 15:00:04 | WARNING  | aiogram.dispatcher | Sleep for 4.983049 seconds and try again... (tryings = 39, bot id = 8737871300)
2026-07-19 15:00:14 | ERROR    | aiogram.dispatcher | Failed to fetch updates - TelegramConflictError: Telegram server says - Conflict: terminated by other getUpdates request; make sure that only one bot instance is running
2026-07-19 15:00:14 | WARNING  | aiogram.dispatcher | Sleep for 4.949394 seconds and try again... (tryings = 40, bot id = 8737871300)
2026-07-19 15:00:25 | ERROR    | aiogram.dispatcher | Failed to fetch updates - TelegramConflictError: Telegram server says - Conflict: terminated by other getUpdates request; make sure that only one bot instance is running
2026-07-19 15:00:25 | WARNING  | aiogram.dispatcher | Sleep for 5.120009 seconds and try again... (tryings = 41, bot id = 8737871300)
2026-07-19 15:00:36 | ERROR    | aiogram.dispatcher | Failed to fetch updates - TelegramConflictError: Telegram server says - Conflict: terminated by other getUpdates request; make sure that only one bot instance is running
2026-07-19 15:00:36 | WARNING  | aiogram.dispatcher | Sleep for 4.986182 seconds and try again... (tryings = 42, bot id = 8737871300)
2026-07-19 15:00:52 | ERROR    | aiogram.dispatcher | Failed to fetch updates - TelegramConflictError: Telegram server says - Conflict: terminated by other getUpdates request; make sure that only one bot instance is running
2026-07-19 15:00:52 | WARNING  | aiogram.dispatcher | Sleep for 5.049311 seconds and try again... (tryings = 43, bot id = 8737871300)
2026-07-19 15:01:02 | ERROR    | aiogram.dispatcher | Failed to fetch updates - TelegramConflictError: Telegram server says - Conflict: terminated by other getUpdates request; make sure that only one bot instance is running
2026-07-19 15:01:02 | WARNING  | aiogram.dispatcher | Sleep for 4.875620 seconds and try again... (tryings = 44, bot id = 8737871300)
2026-07-19 15:01:11 | ERROR    | aiogram.dispatcher | Failed to fetch updates - TelegramConflictError: Telegram server says - Conflict: terminated by other getUpdates request; make sure that only one bot instance is running
2026-07-19 15:01:11 | WARNING  | aiogram.dispatcher | Sleep for 4.835754 seconds and try again... (tryings = 45, bot id = 8737871300)
2026-07-19 15:01:21 | ERROR    | aiogram.dispatcher | Failed to fetch updates - TelegramConflictError: Telegram server says - Conflict: terminated by other getUpdates request; make sure that only one bot instance is running
2026-07-19 15:01:21 | WARNING  | aiogram.dispatcher | Sleep for 5.020854 seconds and try again... (tryings = 46, bot id = 8737871300)
2026-07-19 15:01:32 | ERROR    | aiogram.dispatcher | Failed to fetch updates - TelegramConflictError: Telegram server says - Conflict: terminated by other getUpdates request; make sure that only one bot instance is running
2026-07-19 15:01:32 | WARNING  | aiogram.dispatcher | Sleep for 5.179760 seconds and try again... (tryings = 47, bot id = 8737871300)
2026-07-19 15:01:41 | ERROR    | aiogram.dispatcher | Failed to fetch updates - TelegramConflictError: Telegram server says - Conflict: terminated by other getUpdates request; make sure that only one bot instance is running
2026-07-19 15:01:41 | WARNING  | aiogram.dispatcher | Sleep for 4.806017 seconds and try again... (tryings = 48, bot id = 8737871300)
2026-07-19 15:01:50 | ERROR    | aiogram.dispatcher | Failed to fetch updates - TelegramConflictError: Telegram server says - Conflict: terminated by other getUpdates request; make sure that only one bot instance is running
2026-07-19 15:01:50 | WARNING  | aiogram.dispatcher | Sleep for 5.178750 seconds and try again... (tryings = 49, bot id = 8737871300)
2026-07-19 15:02:01 | ERROR    | aiogram.dispatcher | Failed to fetch updates - TelegramConflictError: Telegram server says - Conflict: terminated by other getUpdates request; make sure that only one bot instance is running
2026-07-19 15:02:01 | WARNING  | aiogram.dispatcher | Sleep for 4.913482 seconds and try again... (tryings = 50, bot id = 8737871300)
2026-07-19 15:02:11 | ERROR    | aiogram.dispatcher | Failed to fetch updates - TelegramConflictError: Telegram server says - Conflict: terminated by other getUpdates request; make sure that only one bot instance is running
2026-07-19 15:02:11 | WARNING  | aiogram.dispatcher | Sleep for 4.849884 seconds and try again... (tryings = 51, bot id = 8737871300)
2026-07-19 15:02:21 | ERROR    | aiogram.dispatcher | Failed to fetch updates - TelegramConflictError: Telegram server says - Conflict: terminated by other getUpdates request; make sure that only one bot instance is running
2026-07-19 15:02:21 | WARNING  | aiogram.dispatcher | Sleep for 5.012319 seconds and try again... (tryings = 52, bot id = 8737871300)
2026-07-19 15:02:32 | ERROR    | aiogram.dispatcher | Failed to fetch updates - TelegramConflictError: Telegram server says - Conflict: terminated by other getUpdates request; make sure that only one bot instance is running
2026-07-19 15:02:32 | WARNING  | aiogram.dispatcher | Sleep for 4.995041 seconds and try again... (tryings = 53, bot id = 8737871300)
2026-07-19 15:02:42 | ERROR    | aiogram.dispatcher | Failed to fetch updates - TelegramConflictError: Telegram server says - Conflict: terminated by other getUpdates request; make sure that only one bot instance is running
2026-07-19 15:02:42 | WARNING  | aiogram.dispatcher | Sleep for 4.996887 seconds and try again... (tryings = 54, bot id = 8737871300)
2026-07-19 15:02:53 | ERROR    | aiogram.dispatcher | Failed to fetch updates - TelegramConflictError: Telegram server says - Conflict: terminated by other getUpdates request; make sure that only one bot instance is running
2026-07-19 15:02:53 | WARNING  | aiogram.dispatcher | Sleep for 4.878447 seconds and try again... (tryings = 55, bot id = 8737871300)
2026-07-19 15:02:58 | INFO     | aiogram.dispatcher | Polling stopped
2026-07-19 15:02:58 | ERROR    | aiogram.dispatcher | Failed to fetch updates - TelegramNetworkError: HTTP Client says - ServerDisconnectedError: Server disconnected
2026-07-19 15:02:58 | WARNING  | aiogram.dispatcher | Sleep for 4.880390 seconds and try again... (tryings = 56, bot id = 8737871300)
2026-07-19 15:02:58 | INFO     | __main__ | Bot to'xtatildi.
2026-07-19 15:02:58 | INFO     | aiogram.dispatcher | Polling stopped for bot @uzbmediakino_bot id=8737871300 - 'UZB MEDIA'
2026-07-19 15:02:58 | INFO     | __main__ | Bot foydalanuvchi tomonidan to'xtatildi.
2026-07-19 15:03:08 | INFO     | __main__ | Baza ulandi: data/database.db
2026-07-19 15:03:08 | INFO     | aiogram.dispatcher | Start polling
2026-07-19 15:03:09 | INFO     | aiogram.dispatcher | Run polling for bot @uzbmediakino_bot id=8737871300 - 'UZB MEDIA'
2026-07-19 15:03:14 | ERROR    | aiogram.dispatcher | Failed to fetch updates - TelegramConflictError: Telegram server says - Conflict: terminated by other getUpdates request; make sure that only one bot instance is running
2026-07-19 15:03:14 | WARNING  | aiogram.dispatcher | Sleep for 1.000000 seconds and try again... (tryings = 0, bot id = 8737871300)
2026-07-19 15:03:23 | ERROR    | aiogram.dispatcher | Failed to fetch updates - TelegramConflictError: Telegram server says - Conflict: terminated by other getUpdates request; make sure that only one bot instance is running
2026-07-19 15:03:23 | WARNING  | aiogram.dispatcher | Sleep for 1.430107 seconds and try again... (tryings = 1, bot id = 8737871300)
2026-07-19 15:03:33 | ERROR    | aiogram.dispatcher | Failed to fetch updates - TelegramConflictError: Telegram server says - Conflict: terminated by other getUpdates request; make sure that only one bot instance is running
2026-07-19 15:03:33 | WARNING  | aiogram.dispatcher | Sleep for 1.797168 seconds and try again... (tryings = 2, bot id = 8737871300)
2026-07-19 15:03:43 | ERROR    | aiogram.dispatcher | Failed to fetch updates - TelegramConflictError: Telegram server says - Conflict: terminated by other getUpdates request; make sure that only one bot instance is running
2026-07-19 15:03:43 | WARNING  | aiogram.dispatcher | Sleep for 2.422806 seconds and try again... (tryings = 3, bot id = 8737871300)
2026-07-19 15:03:50 | ERROR    | aiogram.dispatcher | Failed to fetch updates - TelegramConflictError: Telegram server says - Conflict: terminated by other getUpdates request; make sure that only one bot instance is running
2026-07-19 15:03:50 | WARNING  | aiogram.dispatcher | Sleep for 3.203371 seconds and try again... (tryings = 4, bot id = 8737871300)
2026-07-19 15:03:58 | ERROR    | aiogram.dispatcher | Failed to fetch updates - TelegramConflictError: Telegram server says - Conflict: terminated by other getUpdates request; make sure that only one bot instance is running
2026-07-19 15:03:58 | WARNING  | aiogram.dispatcher | Sleep for 4.043562 seconds and try again... (tryings = 5, bot id = 8737871300)
2026-07-19 15:04:07 | ERROR    | aiogram.dispatcher | Failed to fetch updates - TelegramConflictError: Telegram server says - Conflict: terminated by other getUpdates request; make sure that only one bot instance is running
2026-07-19 15:04:07 | WARNING  | aiogram.dispatcher | Sleep for 4.885348 seconds and try again... (tryings = 6, bot id = 8737871300)
2026-07-19 15:04:16 | ERROR    | aiogram.dispatcher | Failed to fetch updates - TelegramConflictError: Telegram server says - Conflict: terminated by other getUpdates request; make sure that only one bot instance is running
2026-07-19 15:04:16 | WARNING  | aiogram.dispatcher | Sleep for 5.058089 seconds and try again... (tryings = 7, bot id = 8737871300)
2026-07-19 15:04:26 | ERROR    | aiogram.dispatcher | Failed to fetch updates - TelegramConflictError: Telegram server says - Conflict: terminated by other getUpdates request; make sure that only one bot instance is running
2026-07-19 15:04:26 | WARNING  | aiogram.dispatcher | Sleep for 5.048597 seconds and try again... (tryings = 8, bot id = 8737871300)
2026-07-19 15:04:36 | ERROR    | aiogram.dispatcher | Failed to fetch updates - TelegramConflictError: Telegram server says - Conflict: terminated by other getUpdates request; make sure that only one bot instance is running
2026-07-19 15:04:36 | WARNING  | aiogram.dispatcher | Sleep for 4.867241 seconds and try again... (tryings = 9, bot id = 8737871300)
2026-07-19 15:04:46 | ERROR    | aiogram.dispatcher | Failed to fetch updates - TelegramConflictError: Telegram server says - Conflict: terminated by other getUpdates request; make sure that only one bot instance is running
2026-07-19 15:04:46 | WARNING  | aiogram.dispatcher | Sleep for 4.943468 seconds and try again... (tryings = 10, bot id = 8737871300)
2026-07-19 15:04:58 | ERROR    | aiogram.dispatcher | Failed to fetch updates - TelegramConflictError: Telegram server says - Conflict: terminated by other getUpdates request; make sure that only one bot instance is running
2026-07-19 15:04:58 | WARNING  | aiogram.dispatcher | Sleep for 4.997659 seconds and try again... (tryings = 11, bot id = 8737871300)
2026-07-19 15:05:07 | ERROR    | aiogram.dispatcher | Failed to fetch updates - TelegramConflictError: Telegram server says - Conflict: terminated by other getUpdates request; make sure that only one bot instance is running
2026-07-19 15:05:07 | WARNING  | aiogram.dispatcher | Sleep for 5.041684 seconds and try again... (tryings = 12, bot id = 8737871300)
2026-07-19 15:05:17 | ERROR    | aiogram.dispatcher | Failed to fetch updates - TelegramConflictError: Telegram server says - Conflict: terminated by other getUpdates request; make sure that only one bot instance is running
2026-07-19 15:05:17 | WARNING  | aiogram.dispatcher | Sleep for 4.921469 seconds and try again... (tryings = 13, bot id = 8737871300)
2026-07-19 15:05:27 | ERROR    | aiogram.dispatcher | Failed to fetch updates - TelegramConflictError: Telegram server says - Conflict: terminated by other getUpdates request; make sure that only one bot instance is running
2026-07-19 15:05:27 | WARNING  | aiogram.dispatcher | Sleep for 5.024399 seconds and try again... (tryings = 14, bot id = 8737871300)
2026-07-19 15:05:38 | ERROR    | aiogram.dispatcher | Failed to fetch updates - TelegramConflictError: Telegram server says - Conflict: terminated by other getUpdates request; make sure that only one bot instance is running
2026-07-19 15:05:38 | WARNING  | aiogram.dispatcher | Sleep for 5.031333 seconds and try again... (tryings = 15, bot id = 8737871300)
2026-07-19 15:05:48 | ERROR    | aiogram.dispatcher | Failed to fetch updates - TelegramConflictError: Telegram server says - Conflict: terminated by other getUpdates request; make sure that only one bot instance is running
2026-07-19 15:05:48 | WARNING  | aiogram.dispatcher | Sleep for 5.057257 seconds and try again... (tryings = 16, bot id = 8737871300)
2026-07-19 15:05:59 | ERROR    | aiogram.dispatcher | Failed to fetch updates - TelegramConflictError: Telegram server says - Conflict: terminated by other getUpdates request; make sure that only one bot instance is running
2026-07-19 15:05:59 | WARNING  | aiogram.dispatcher | Sleep for 4.897728 seconds and try again... (tryings = 17, bot id = 8737871300)
2026-07-19 15:06:12 | ERROR    | aiogram.dispatcher | Failed to fetch updates - TelegramConflictError: Telegram server says - Conflict: terminated by other getUpdates request; make sure that only one bot instance is running
2026-07-19 15:06:12 | WARNING  | aiogram.dispatcher | Sleep for 4.854075 seconds and try again... (tryings = 18, bot id = 8737871300)
2026-07-19 15:06:22 | ERROR    | aiogram.dispatcher | Failed to fetch updates - TelegramConflictError: Telegram server says - Conflict: terminated by other getUpdates request; make sure that only one bot instance is running
2026-07-19 15:06:22 | WARNING  | aiogram.dispatcher | Sleep for 5.106111 seconds and try again... (tryings = 19, bot id = 8737871300)
2026-07-19 15:06:33 | ERROR    | aiogram.dispatcher | Failed to fetch updates - TelegramConflictError: Telegram server says - Conflict: terminated by other getUpdates request; make sure that only one bot instance is running
2026-07-19 15:06:33 | WARNING  | aiogram.dispatcher | Sleep for 4.992088 seconds and try again... (tryings = 20, bot id = 8737871300)
2026-07-19 15:06:44 | ERROR    | aiogram.dispatcher | Failed to fetch updates - TelegramConflictError: Telegram server says - Conflict: terminated by other getUpdates request; make sure that only one bot instance is running
2026-07-19 15:06:44 | WARNING  | aiogram.dispatcher | Sleep for 5.202342 seconds and try again... (tryings = 21, bot id = 8737871300)
2026-07-19 15:06:54 | ERROR    | aiogram.dispatcher | Failed to fetch updates - TelegramConflictError: Telegram server says - Conflict: terminated by other getUpdates request; make sure that only one bot instance is running
2026-07-19 15:06:54 | WARNING  | aiogram.dispatcher | Sleep for 4.936315 seconds and try again... (tryings = 22, bot id = 8737871300)
2026-07-19 15:07:04 | ERROR    | aiogram.dispatcher | Failed to fetch updates - TelegramConflictError: Telegram server says - Conflict: terminated by other getUpdates request; make sure that only one bot instance is running
2026-07-19 15:07:04 | WARNING  | aiogram.dispatcher | Sleep for 5.015734 seconds and try again... (tryings = 23, bot id = 8737871300)
2026-07-19 15:07:14 | ERROR    | aiogram.dispatcher | Failed to fetch updates - TelegramConflictError: Telegram server says - Conflict: terminated by other getUpdates request; make sure that only one bot instance is running
2026-07-19 15:07:14 | WARNING  | aiogram.dispatcher | Sleep for 4.989312 seconds and try again... (tryings = 24, bot id = 8737871300)
2026-07-19 15:07:25 | ERROR    | aiogram.dispatcher | Failed to fetch updates - TelegramConflictError: Telegram server says - Conflict: terminated by other getUpdates request; make sure that only one bot instance is running
2026-07-19 15:07:25 | WARNING  | aiogram.dispatcher | Sleep for 5.140296 seconds and try again... (tryings = 25, bot id = 8737871300)
2026-07-19 15:07:35 | ERROR    | aiogram.dispatcher | Failed to fetch updates - TelegramConflictError: Telegram server says - Conflict: terminated by other getUpdates request; make sure that only one bot instance is running
2026-07-19 15:07:35 | WARNING  | aiogram.dispatcher | Sleep for 4.915708 seconds and try again... (tryings = 26, bot id = 8737871300)
2026-07-19 15:07:46 | ERROR    | aiogram.dispatcher | Failed to fetch updates - TelegramConflictError: Telegram server says - Conflict: terminated by other getUpdates request; make sure that only one bot instance is running
2026-07-19 15:07:46 | WARNING  | aiogram.dispatcher | Sleep for 4.785065 seconds and try again... (tryings = 27, bot id = 8737871300)
2026-07-19 15:07:56 | ERROR    | aiogram.dispatcher | Failed to fetch updates - TelegramConflictError: Telegram server says - Conflict: terminated by other getUpdates request; make sure that only one bot instance is running
2026-07-19 15:07:56 | WARNING  | aiogram.dispatcher | Sleep for 5.003958 seconds and try again... (tryings = 28, bot id = 8737871300)
2026-07-19 15:08:07 | ERROR    | aiogram.dispatcher | Failed to fetch updates - TelegramConflictError: Telegram server says - Conflict: terminated by other getUpdates request; make sure that only one bot instance is running
2026-07-19 15:08:07 | WARNING  | aiogram.dispatcher | Sleep for 4.939375 seconds and try again... (tryings = 29, bot id = 8737871300)
2026-07-19 15:08:18 | ERROR    | aiogram.dispatcher | Failed to fetch updates - TelegramConflictError: Telegram server says - Conflict: terminated by other getUpdates request; make sure that only one bot instance is running
2026-07-19 15:08:18 | WARNING  | aiogram.dispatcher | Sleep for 4.981111 seconds and try again... (tryings = 30, bot id = 8737871300)
2026-07-19 15:08:28 | ERROR    | aiogram.dispatcher | Failed to fetch updates - TelegramConflictError: Telegram server says - Conflict: terminated by other getUpdates request; make sure that only one bot instance is running
2026-07-19 15:08:28 | WARNING  | aiogram.dispatcher | Sleep for 4.948088 seconds and try again... (tryings = 31, bot id = 8737871300)
2026-07-19 15:08:39 | ERROR    | aiogram.dispatcher | Failed to fetch updates - TelegramConflictError: Telegram server says - Conflict: terminated by other getUpdates request; make sure that only one bot instance is running
2026-07-19 15:08:39 | WARNING  | aiogram.dispatcher | Sleep for 5.047008 seconds and try again... (tryings = 32, bot id = 8737871300)
2026-07-19 15:08:49 | ERROR    | aiogram.dispatcher | Failed to fetch updates - TelegramConflictError: Telegram server says - Conflict: terminated by other getUpdates request; make sure that only one bot instance is running
2026-07-19 15:08:49 | WARNING  | aiogram.dispatcher | Sleep for 5.172497 seconds and try again... (tryings = 33, bot id = 8737871300)
2026-07-19 15:08:59 | ERROR    | aiogram.dispatcher | Failed to fetch updates - TelegramConflictError: Telegram server says - Conflict: terminated by other getUpdates request; make sure that only one bot instance is running
2026-07-19 15:08:59 | WARNING  | aiogram.dispatcher | Sleep for 5.038870 seconds and try again... (tryings = 34, bot id = 8737871300)
2026-07-19 15:09:10 | ERROR    | aiogram.dispatcher | Failed to fetch updates - TelegramConflictError: Telegram server says - Conflict: terminated by other getUpdates request; make sure that only one bot instance is running
2026-07-19 15:09:10 | WARNING  | aiogram.dispatcher | Sleep for 5.089225 seconds and try again... (tryings = 35, bot id = 8737871300)
2026-07-19 15:09:20 | ERROR    | aiogram.dispatcher | Failed to fetch updates - TelegramConflictError: Telegram server says - Conflict: terminated by other getUpdates request; make sure that only one bot instance is running
2026-07-19 15:09:20 | WARNING  | aiogram.dispatcher | Sleep for 4.868321 seconds and try again... (tryings = 36, bot id = 8737871300)
2026-07-19 15:09:31 | ERROR    | aiogram.dispatcher | Failed to fetch updates - TelegramConflictError: Telegram server says - Conflict: terminated by other getUpdates request; make sure that only one bot instance is running
2026-07-19 15:09:31 | WARNING  | aiogram.dispatcher | Sleep for 4.878636 seconds and try again... (tryings = 37, bot id = 8737871300)
2026-07-19 15:09:41 | ERROR    | aiogram.dispatcher | Failed to fetch updates - TelegramConflictError: Telegram server says - Conflict: terminated by other getUpdates request; make sure that only one bot instance is running
2026-07-19 15:09:41 | WARNING  | aiogram.dispatcher | Sleep for 4.891340 seconds and try again... (tryings = 38, bot id = 8737871300)
2026-07-19 15:09:52 | ERROR    | aiogram.dispatcher | Failed to fetch updates - TelegramConflictError: Telegram server says - Conflict: terminated by other getUpdates request; make sure that only one bot instance is running
2026-07-19 15:09:52 | WARNING  | aiogram.dispatcher | Sleep for 5.047148 seconds and try again... (tryings = 39, bot id = 8737871300)
2026-07-19 15:10:02 | ERROR    | aiogram.dispatcher | Failed to fetch updates - TelegramConflictError: Telegram server says - Conflict: terminated by other getUpdates request; make sure that only one bot instance is running
2026-07-19 15:10:02 | WARNING  | aiogram.dispatcher | Sleep for 5.164844 seconds and try again... (tryings = 40, bot id = 8737871300)
2026-07-19 15:10:13 | ERROR    | aiogram.dispatcher | Failed to fetch updates - TelegramConflictError: Telegram server says - Conflict: terminated by other getUpdates request; make sure that only one bot instance is running
2026-07-19 15:10:13 | WARNING  | aiogram.dispatcher | Sleep for 5.032240 seconds and try again... (tryings = 41, bot id = 8737871300)
2026-07-19 15:10:23 | ERROR    | aiogram.dispatcher | Failed to fetch updates - TelegramConflictError: Telegram server says - Conflict: terminated by other getUpdates request; make sure that only one bot instance is running
2026-07-19 15:10:23 | WARNING  | aiogram.dispatcher | Sleep for 5.017383 seconds and try again... (tryings = 42, bot id = 8737871300)
2026-07-19 15:10:34 | ERROR    | aiogram.dispatcher | Failed to fetch updates - TelegramConflictError: Telegram server says - Conflict: terminated by other getUpdates request; make sure that only one bot instance is running
2026-07-19 15:10:34 | WARNING  | aiogram.dispatcher | Sleep for 5.160496 seconds and try again... (tryings = 43, bot id = 8737871300)
2026-07-19 15:10:45 | ERROR    | aiogram.dispatcher | Failed to fetch updates - TelegramConflictError: Telegram server says - Conflict: terminated by other getUpdates request; make sure that only one bot instance is running
2026-07-19 15:10:45 | WARNING  | aiogram.dispatcher | Sleep for 5.040262 seconds and try again... (tryings = 44, bot id = 8737871300)
2026-07-19 15:10:55 | ERROR    | aiogram.dispatcher | Failed to fetch updates - TelegramConflictError: Telegram server says - Conflict: terminated by other getUpdates request; make sure that only one bot instance is running
2026-07-19 15:10:55 | WARNING  | aiogram.dispatcher | Sleep for 5.010362 seconds and try again... (tryings = 45, bot id = 8737871300)
2026-07-19 15:11:05 | ERROR    | aiogram.dispatcher | Failed to fetch updates - TelegramConflictError: Telegram server says - Conflict: terminated by other getUpdates request; make sure that only one bot instance is running
2026-07-19 15:11:05 | WARNING  | aiogram.dispatcher | Sleep for 5.151581 seconds and try again... (tryings = 46, bot id = 8737871300)
2026-07-19 15:11:16 | ERROR    | aiogram.dispatcher | Failed to fetch updates - TelegramConflictError: Telegram server says - Conflict: terminated by other getUpdates request; make sure that only one bot instance is running
2026-07-19 15:11:16 | WARNING  | aiogram.dispatcher | Sleep for 4.992830 seconds and try again... (tryings = 47, bot id = 8737871300)
2026-07-19 15:11:27 | ERROR    | aiogram.dispatcher | Failed to fetch updates - TelegramConflictError: Telegram server says - Conflict: terminated by other getUpdates request; make sure that only one bot instance is running
2026-07-19 15:11:27 | WARNING  | aiogram.dispatcher | Sleep for 5.001879 seconds and try again... (tryings = 48, bot id = 8737871300)
2026-07-19 15:11:37 | ERROR    | aiogram.dispatcher | Failed to fetch updates - TelegramConflictError: Telegram server says - Conflict: terminated by other getUpdates request; make sure that only one bot instance is running
2026-07-19 15:11:37 | WARNING  | aiogram.dispatcher | Sleep for 4.858250 seconds and try again... (tryings = 49, bot id = 8737871300)
2026-07-19 15:11:47 | ERROR    | aiogram.dispatcher | Failed to fetch updates - TelegramConflictError: Telegram server says - Conflict: terminated by other getUpdates request; make sure that only one bot instance is running
2026-07-19 15:11:47 | WARNING  | aiogram.dispatcher | Sleep for 5.053587 seconds and try again... (tryings = 50, bot id = 8737871300)
2026-07-19 15:11:58 | ERROR    | aiogram.dispatcher | Failed to fetch updates - TelegramConflictError: Telegram server says - Conflict: terminated by other getUpdates request; make sure that only one bot instance is running
2026-07-19 15:11:58 | WARNING  | aiogram.dispatcher | Sleep for 5.039922 seconds and try again... (tryings = 51, bot id = 8737871300)
2026-07-19 15:12:08 | ERROR    | aiogram.dispatcher | Failed to fetch updates - TelegramConflictError: Telegram server says - Conflict: terminated by other getUpdates request; make sure that only one bot instance is running
2026-07-19 15:12:08 | WARNING  | aiogram.dispatcher | Sleep for 4.781397 seconds and try again... (tryings = 52, bot id = 8737871300)
2026-07-19 15:12:18 | ERROR    | aiogram.dispatcher | Failed to fetch updates - TelegramConflictError: Telegram server says - Conflict: terminated by other getUpdates request; make sure that only one bot instance is running
2026-07-19 15:12:18 | WARNING  | aiogram.dispatcher | Sleep for 4.913598 seconds and try again... (tryings = 53, bot id = 8737871300)
2026-07-19 15:12:29 | ERROR    | aiogram.dispatcher | Failed to fetch updates - TelegramConflictError: Telegram server says - Conflict: terminated by other getUpdates request; make sure that only one bot instance is running
2026-07-19 15:12:29 | WARNING  | aiogram.dispatcher | Sleep for 5.098233 seconds and try again... (tryings = 54, bot id = 8737871300)
2026-07-19 15:12:39 | ERROR    | aiogram.dispatcher | Failed to fetch updates - TelegramConflictError: Telegram server says - Conflict: terminated by other getUpdates request; make sure that only one bot instance is running
2026-07-19 15:12:39 | WARNING  | aiogram.dispatcher | Sleep for 5.095864 seconds and try again... (tryings = 55, bot id = 8737871300)
2026-07-19 15:12:49 | ERROR    | aiogram.dispatcher | Failed to fetch updates - TelegramConflictError: Telegram server says - Conflict: terminated by other getUpdates request; make sure that only one bot instance is running
2026-07-19 15:12:49 | WARNING  | aiogram.dispatcher | Sleep for 4.918637 seconds and try again... (tryings = 56, bot id = 8737871300)
2026-07-19 15:13:00 | ERROR    | aiogram.dispatcher | Failed to fetch updates - TelegramConflictError: Telegram server says - Conflict: terminated by other getUpdates request; make sure that only one bot instance is running
2026-07-19 15:13:00 | WARNING  | aiogram.dispatcher | Sleep for 4.974456 seconds and try again... (tryings = 57, bot id = 8737871300)
2026-07-19 15:13:10 | ERROR    | aiogram.dispatcher | Failed to fetch updates - TelegramConflictError: Telegram server says - Conflict: terminated by other getUpdates request; make sure that only one bot instance is running
2026-07-19 15:13:10 | WARNING  | aiogram.dispatcher | Sleep for 5.030165 seconds and try again... (tryings = 58, bot id = 8737871300)
2026-07-19 15:13:20 | ERROR    | aiogram.dispatcher | Failed to fetch updates - TelegramConflictError: Telegram server says - Conflict: terminated by other getUpdates request; make sure that only one bot instance is running
2026-07-19 15:13:20 | WARNING  | aiogram.dispatcher | Sleep for 5.057174 seconds and try again... (tryings = 59, bot id = 8737871300)
2026-07-19 15:13:31 | ERROR    | aiogram.dispatcher | Failed to fetch updates - TelegramConflictError: Telegram server says - Conflict: terminated by other getUpdates request; make sure that only one bot instance is running
2026-07-19 15:13:31 | WARNING  | aiogram.dispatcher | Sleep for 4.874066 seconds and try again... (tryings = 60, bot id = 8737871300)
2026-07-19 15:13:41 | ERROR    | aiogram.dispatcher | Failed to fetch updates - TelegramConflictError: Telegram server says - Conflict: terminated by other getUpdates request; make sure that only one bot instance is running
2026-07-19 15:13:41 | WARNING  | aiogram.dispatcher | Sleep for 4.920415 seconds and try again... (tryings = 61, bot id = 8737871300)
2026-07-19 15:13:51 | ERROR    | aiogram.dispatcher | Failed to fetch updates - TelegramConflictError: Telegram server says - Conflict: terminated by other getUpdates request; make sure that only one bot instance is running
2026-07-19 15:13:51 | WARNING  | aiogram.dispatcher | Sleep for 4.764466 seconds and try again... (tryings = 62, bot id = 8737871300)
2026-07-19 15:14:04 | ERROR    | aiogram.dispatcher | Failed to fetch updates - TelegramConflictError: Telegram server says - Conflict: terminated by other getUpdates request; make sure that only one bot instance is running
2026-07-19 15:14:04 | WARNING  | aiogram.dispatcher | Sleep for 5.027472 seconds and try again... (tryings = 63, bot id = 8737871300)
2026-07-19 15:14:14 | ERROR    | aiogram.dispatcher | Failed to fetch updates - TelegramConflictError: Telegram server says - Conflict: terminated by other getUpdates request; make sure that only one bot instance is running
2026-07-19 15:14:14 | WARNING  | aiogram.dispatcher | Sleep for 5.035569 seconds and try again... (tryings = 64, bot id = 8737871300)
2026-07-19 15:14:26 | ERROR    | aiogram.dispatcher | Failed to fetch updates - TelegramConflictError: Telegram server says - Conflict: terminated by other getUpdates request; make sure that only one bot instance is running
2026-07-19 15:14:26 | WARNING  | aiogram.dispatcher | Sleep for 4.930159 seconds and try again... (tryings = 65, bot id = 8737871300)
2026-07-19 15:14:36 | ERROR    | aiogram.dispatcher | Failed to fetch updates - TelegramConflictError: Telegram server says - Conflict: terminated by other getUpdates request; make sure that only one bot instance is running
2026-07-19 15:14:36 | WARNING  | aiogram.dispatcher | Sleep for 5.100083 seconds and try again... (tryings = 66, bot id = 8737871300)
2026-07-19 15:14:46 | ERROR    | aiogram.dispatcher | Failed to fetch updates - TelegramConflictError: Telegram server says - Conflict: terminated by other getUpdates request; make sure that only one bot instance is running
2026-07-19 15:14:46 | WARNING  | aiogram.dispatcher | Sleep for 4.875211 seconds and try again... (tryings = 67, bot id = 8737871300)
2026-07-19 15:14:57 | ERROR    | aiogram.dispatcher | Failed to fetch updates - TelegramConflictError: Telegram server says - Conflict: terminated by other getUpdates request; make sure that only one bot instance is running
2026-07-19 15:14:57 | WARNING  | aiogram.dispatcher | Sleep for 5.042734 seconds and try again... (tryings = 68, bot id = 8737871300)
2026-07-19 15:15:07 | ERROR    | aiogram.dispatcher | Failed to fetch updates - TelegramConflictError: Telegram server says - Conflict: terminated by other getUpdates request; make sure that only one bot instance is running
2026-07-19 15:15:07 | WARNING  | aiogram.dispatcher | Sleep for 4.992567 seconds and try again... (tryings = 69, bot id = 8737871300)
2026-07-19 15:15:18 | ERROR    | aiogram.dispatcher | Failed to fetch updates - TelegramConflictError: Telegram server says - Conflict: terminated by other getUpdates request; make sure that only one bot instance is running
2026-07-19 15:15:18 | WARNING  | aiogram.dispatcher | Sleep for 5.051428 seconds and try again... (tryings = 70, bot id = 8737871300)
2026-07-19 15:15:28 | ERROR    | aiogram.dispatcher | Failed to fetch updates - TelegramConflictError: Telegram server says - Conflict: terminated by other getUpdates request; make sure that only one bot instance is running
2026-07-19 15:15:28 | WARNING  | aiogram.dispatcher | Sleep for 5.093134 seconds and try again... (tryings = 71, bot id = 8737871300)
2026-07-19 15:15:39 | ERROR    | aiogram.dispatcher | Failed to fetch updates - TelegramConflictError: Telegram server says - Conflict: terminated by other getUpdates request; make sure that only one bot instance is running
2026-07-19 15:15:39 | WARNING  | aiogram.dispatcher | Sleep for 5.119572 seconds and try again... (tryings = 72, bot id = 8737871300)
2026-07-19 15:15:56 | ERROR    | aiogram.dispatcher | Failed to fetch updates - TelegramConflictError: Telegram server says - Conflict: terminated by other getUpdates request; make sure that only one bot instance is running
2026-07-19 15:15:56 | WARNING  | aiogram.dispatcher | Sleep for 4.820862 seconds and try again... (tryings = 73, bot id = 8737871300)
2026-07-19 15:16:06 | ERROR    | aiogram.dispatcher | Failed to fetch updates - TelegramConflictError: Telegram server says - Conflict: terminated by other getUpdates request; make sure that only one bot instance is running
2026-07-19 15:16:06 | WARNING  | aiogram.dispatcher | Sleep for 5.050834 seconds and try again... (tryings = 74, bot id = 8737871300)
2026-07-19 15:16:15 | ERROR    | aiogram.dispatcher | Failed to fetch updates - TelegramConflictError: Telegram server says - Conflict: terminated by other getUpdates request; make sure that only one bot instance is running
2026-07-19 15:16:15 | WARNING  | aiogram.dispatcher | Sleep for 4.981752 seconds and try again... (tryings = 75, bot id = 8737871300)
2026-07-19 15:16:25 | ERROR    | aiogram.dispatcher | Failed to fetch updates - TelegramConflictError: Telegram server says - Conflict: terminated by other getUpdates request; make sure that only one bot instance is running
2026-07-19 15:16:25 | WARNING  | aiogram.dispatcher | Sleep for 5.058350 seconds and try again... (tryings = 76, bot id = 8737871300)
2026-07-19 15:16:36 | ERROR    | aiogram.dispatcher | Failed to fetch updates - TelegramConflictError: Telegram server says - Conflict: terminated by other getUpdates request; make sure that only one bot instance is running
2026-07-19 15:16:36 | WARNING  | aiogram.dispatcher | Sleep for 5.141094 seconds and try again... (tryings = 77, bot id = 8737871300)
2026-07-19 15:16:47 | ERROR    | aiogram.dispatcher | Failed to fetch updates - TelegramConflictError: Telegram server says - Conflict: terminated by other getUpdates request; make sure that only one bot instance is running
2026-07-19 15:16:47 | WARNING  | aiogram.dispatcher | Sleep for 5.196903 seconds and try again... (tryings = 78, bot id = 8737871300)
2026-07-19 15:16:56 | ERROR    | aiogram.dispatcher | Failed to fetch updates - TelegramConflictError: Telegram server says - Conflict: terminated by other getUpdates request; make sure that only one bot instance is running
2026-07-19 15:16:56 | WARNING  | aiogram.dispatcher | Sleep for 4.952253 seconds and try again... (tryings = 79, bot id = 8737871300)
2026-07-19 15:17:08 | ERROR    | aiogram.dispatcher | Failed to fetch updates - TelegramNetworkError: HTTP Client says - ClientOSError: [WinError 1236] Подключение к сети было разорвано локальной системой
2026-07-19 15:17:08 | WARNING  | aiogram.dispatcher | Sleep for 4.960752 seconds and try again... (tryings = 80, bot id = 8737871300)
2026-07-19 15:17:13 | ERROR    | aiogram.dispatcher | Failed to fetch updates - TelegramNetworkError: HTTP Client says - ClientConnectorError: Cannot connect to host api.telegram.org:443 ssl:default [Сетевая папка недоступна. За информацией о разрешении проблем в сети обратитесь к справочной системе Windows]
2026-07-19 15:17:13 | WARNING  | aiogram.dispatcher | Sleep for 5.035262 seconds and try again... (tryings = 81, bot id = 8737871300)
2026-07-19 15:17:18 | ERROR    | aiogram.dispatcher | Failed to fetch updates - TelegramNetworkError: HTTP Client says - ClientConnectorError: Cannot connect to host api.telegram.org:443 ssl:default [Сетевая папка недоступна. За информацией о разрешении проблем в сети обратитесь к справочной системе Windows]
2026-07-19 15:17:18 | WARNING  | aiogram.dispatcher | Sleep for 4.755961 seconds and try again... (tryings = 82, bot id = 8737871300)
2026-07-19 15:17:23 | ERROR    | aiogram.dispatcher | Failed to fetch updates - TelegramNetworkError: HTTP Client says - ClientConnectorError: Cannot connect to host api.telegram.org:443 ssl:default [Сетевая папка недоступна. За информацией о разрешении проблем в сети обратитесь к справочной системе Windows]
2026-07-19 15:17:23 | WARNING  | aiogram.dispatcher | Sleep for 4.930092 seconds and try again... (tryings = 83, bot id = 8737871300)
2026-07-19 15:17:28 | ERROR    | aiogram.dispatcher | Failed to fetch updates - TelegramNetworkError: HTTP Client says - ClientConnectorError: Cannot connect to host api.telegram.org:443 ssl:default [Сетевая папка недоступна. За информацией о разрешении проблем в сети обратитесь к справочной системе Windows]
2026-07-19 15:17:28 | WARNING  | aiogram.dispatcher | Sleep for 5.027224 seconds and try again... (tryings = 84, bot id = 8737871300)
2026-07-19 15:17:33 | ERROR    | aiogram.dispatcher | Failed to fetch updates - TelegramNetworkError: HTTP Client says - ClientConnectorError: Cannot connect to host api.telegram.org:443 ssl:default [Сетевая папка недоступна. За информацией о разрешении проблем в сети обратитесь к справочной системе Windows]
2026-07-19 15:17:33 | WARNING  | aiogram.dispatcher | Sleep for 5.047774 seconds and try again... (tryings = 85, bot id = 8737871300)
2026-07-19 15:17:38 | ERROR    | aiogram.dispatcher | Failed to fetch updates - TelegramNetworkError: HTTP Client says - ClientConnectorError: Cannot connect to host api.telegram.org:443 ssl:default [Сетевая папка недоступна. За информацией о разрешении проблем в сети обратитесь к справочной системе Windows]
2026-07-19 15:17:38 | WARNING  | aiogram.dispatcher | Sleep for 4.923977 seconds and try again... (tryings = 86, bot id = 8737871300)
2026-07-19 15:17:43 | ERROR    | aiogram.dispatcher | Failed to fetch updates - TelegramNetworkError: HTTP Client says - ClientConnectorError: Cannot connect to host api.telegram.org:443 ssl:default [Сетевая папка недоступна. За информацией о разрешении проблем в сети обратитесь к справочной системе Windows]
2026-07-19 15:17:43 | WARNING  | aiogram.dispatcher | Sleep for 4.988475 seconds and try again... (tryings = 87, bot id = 8737871300)
2026-07-19 15:17:48 | ERROR    | aiogram.dispatcher | Failed to fetch updates - TelegramNetworkError: HTTP Client says - ClientConnectorError: Cannot connect to host api.telegram.org:443 ssl:default [Сетевая папка недоступна. За информацией о разрешении проблем в сети обратитесь к справочной системе Windows]
2026-07-19 15:17:48 | WARNING  | aiogram.dispatcher | Sleep for 5.156630 seconds and try again... (tryings = 88, bot id = 8737871300)
2026-07-19 15:17:53 | ERROR    | aiogram.dispatcher | Failed to fetch updates - TelegramNetworkError: HTTP Client says - ClientConnectorError: Cannot connect to host api.telegram.org:443 ssl:default [Сетевая папка недоступна. За информацией о разрешении проблем в сети обратитесь к справочной системе Windows]
2026-07-19 15:17:53 | WARNING  | aiogram.dispatcher | Sleep for 5.002686 seconds and try again... (tryings = 89, bot id = 8737871300)
2026-07-19 15:17:58 | ERROR    | aiogram.dispatcher | Failed to fetch updates - TelegramNetworkError: HTTP Client says - ClientConnectorError: Cannot connect to host api.telegram.org:443 ssl:default [Сетевая папка недоступна. За информацией о разрешении проблем в сети обратитесь к справочной системе Windows]
2026-07-19 15:17:58 | WARNING  | aiogram.dispatcher | Sleep for 5.104098 seconds and try again... (tryings = 90, bot id = 8737871300)
2026-07-19 15:18:03 | ERROR    | aiogram.dispatcher | Failed to fetch updates - TelegramNetworkError: HTTP Client says - ClientConnectorError: Cannot connect to host api.telegram.org:443 ssl:default [Сетевая папка недоступна. За информацией о разрешении проблем в сети обратитесь к справочной системе Windows]
2026-07-19 15:18:03 | WARNING  | aiogram.dispatcher | Sleep for 4.949764 seconds and try again... (tryings = 91, bot id = 8737871300)
2026-07-19 15:18:08 | ERROR    | aiogram.dispatcher | Failed to fetch updates - TelegramNetworkError: HTTP Client says - ClientConnectorError: Cannot connect to host api.telegram.org:443 ssl:default [Сетевая папка недоступна. За информацией о разрешении проблем в сети обратитесь к справочной системе Windows]
2026-07-19 15:18:08 | WARNING  | aiogram.dispatcher | Sleep for 5.047947 seconds and try again... (tryings = 92, bot id = 8737871300)
2026-07-19 15:18:13 | ERROR    | aiogram.dispatcher | Failed to fetch updates - TelegramNetworkError: HTTP Client says - ClientConnectorError: Cannot connect to host api.telegram.org:443 ssl:default [Сетевая папка недоступна. За информацией о разрешении проблем в сети обратитесь к справочной системе Windows]
2026-07-19 15:18:13 | WARNING  | aiogram.dispatcher | Sleep for 5.162531 seconds and try again... (tryings = 93, bot id = 8737871300)
2026-07-19 15:18:19 | ERROR    | aiogram.dispatcher | Failed to fetch updates - TelegramNetworkError: HTTP Client says - ClientConnectorError: Cannot connect to host api.telegram.org:443 ssl:default [Сетевая папка недоступна. За информацией о разрешении проблем в сети обратитесь к справочной системе Windows]
2026-07-19 15:18:19 | WARNING  | aiogram.dispatcher | Sleep for 5.161451 seconds and try again... (tryings = 94, bot id = 8737871300)
2026-07-19 15:18:24 | ERROR    | aiogram.dispatcher | Failed to fetch updates - TelegramNetworkError: HTTP Client says - ClientConnectorError: Cannot connect to host api.telegram.org:443 ssl:default [Сетевая папка недоступна. За информацией о разрешении проблем в сети обратитесь к справочной системе Windows]
2026-07-19 15:18:24 | WARNING  | aiogram.dispatcher | Sleep for 5.108378 seconds and try again... (tryings = 95, bot id = 8737871300)
2026-07-19 15:18:29 | ERROR    | aiogram.dispatcher | Failed to fetch updates - TelegramNetworkError: HTTP Client says - ClientConnectorError: Cannot connect to host api.telegram.org:443 ssl:default [Сетевая папка недоступна. За информацией о разрешении проблем в сети обратитесь к справочной системе Windows]
2026-07-19 15:18:29 | WARNING  | aiogram.dispatcher | Sleep for 5.014985 seconds and try again... (tryings = 96, bot id = 8737871300)
2026-07-19 15:18:34 | ERROR    | aiogram.dispatcher | Failed to fetch updates - TelegramNetworkError: HTTP Client says - ClientConnectorError: Cannot connect to host api.telegram.org:443 ssl:default [Сетевая папка недоступна. За информацией о разрешении проблем в сети обратитесь к справочной системе Windows]
2026-07-19 15:18:34 | WARNING  | aiogram.dispatcher | Sleep for 4.982561 seconds and try again... (tryings = 97, bot id = 8737871300)
2026-07-19 15:18:39 | ERROR    | aiogram.dispatcher | Failed to fetch updates - TelegramNetworkError: HTTP Client says - ClientConnectorError: Cannot connect to host api.telegram.org:443 ssl:default [Сетевая папка недоступна. За информацией о разрешении проблем в сети обратитесь к справочной системе Windows]
2026-07-19 15:18:39 | WARNING  | aiogram.dispatcher | Sleep for 5.096208 seconds and try again... (tryings = 98, bot id = 8737871300)
2026-07-19 15:18:44 | ERROR    | aiogram.dispatcher | Failed to fetch updates - TelegramNetworkError: HTTP Client says - ClientConnectorError: Cannot connect to host api.telegram.org:443 ssl:default [Сетевая папка недоступна. За информацией о разрешении проблем в сети обратитесь к справочной системе Windows]
2026-07-19 15:18:44 | WARNING  | aiogram.dispatcher | Sleep for 4.877416 seconds and try again... (tryings = 99, bot id = 8737871300)
2026-07-19 15:18:49 | ERROR    | aiogram.dispatcher | Failed to fetch updates - TelegramNetworkError: HTTP Client says - ClientConnectorError: Cannot connect to host api.telegram.org:443 ssl:default [Сетевая папка недоступна. За информацией о разрешении проблем в сети обратитесь к справочной системе Windows]
2026-07-19 15:18:49 | WARNING  | aiogram.dispatcher | Sleep for 4.956121 seconds and try again... (tryings = 100, bot id = 8737871300)
2026-07-19 15:18:54 | ERROR    | aiogram.dispatcher | Failed to fetch updates - TelegramNetworkError: HTTP Client says - ClientConnectorError: Cannot connect to host api.telegram.org:443 ssl:default [Сетевая папка недоступна. За информацией о разрешении проблем в сети обратитесь к справочной системе Windows]
2026-07-19 15:18:54 | WARNING  | aiogram.dispatcher | Sleep for 5.019461 seconds and try again... (tryings = 101, bot id = 8737871300)
2026-07-19 15:18:59 | ERROR    | aiogram.dispatcher | Failed to fetch updates - TelegramNetworkError: HTTP Client says - ClientConnectorError: Cannot connect to host api.telegram.org:443 ssl:default [Сетевая папка недоступна. За информацией о разрешении проблем в сети обратитесь к справочной системе Windows]
2026-07-19 15:18:59 | WARNING  | aiogram.dispatcher | Sleep for 5.040579 seconds and try again... (tryings = 102, bot id = 8737871300)
2026-07-19 15:19:04 | ERROR    | aiogram.dispatcher | Failed to fetch updates - TelegramNetworkError: HTTP Client says - ClientConnectorError: Cannot connect to host api.telegram.org:443 ssl:default [Сетевая папка недоступна. За информацией о разрешении проблем в сети обратитесь к справочной системе Windows]
2026-07-19 15:19:04 | WARNING  | aiogram.dispatcher | Sleep for 4.992230 seconds and try again... (tryings = 103, bot id = 8737871300)
2026-07-19 15:19:09 | ERROR    | aiogram.dispatcher | Failed to fetch updates - TelegramNetworkError: HTTP Client says - ClientConnectorError: Cannot connect to host api.telegram.org:443 ssl:default [Сетевая папка недоступна. За информацией о разрешении проблем в сети обратитесь к справочной системе Windows]
2026-07-19 15:19:09 | WARNING  | aiogram.dispatcher | Sleep for 5.036275 seconds and try again... (tryings = 104, bot id = 8737871300)
2026-07-19 15:19:14 | ERROR    | aiogram.dispatcher | Failed to fetch updates - TelegramNetworkError: HTTP Client says - ClientConnectorError: Cannot connect to host api.telegram.org:443 ssl:default [Сетевая папка недоступна. За информацией о разрешении проблем в сети обратитесь к справочной системе Windows]
2026-07-19 15:19:14 | WARNING  | aiogram.dispatcher | Sleep for 5.019949 seconds and try again... (tryings = 105, bot id = 8737871300)
2026-07-19 15:19:19 | ERROR    | aiogram.dispatcher | Failed to fetch updates - TelegramNetworkError: HTTP Client says - ClientConnectorError: Cannot connect to host api.telegram.org:443 ssl:default [Сетевая папка недоступна. За информацией о разрешении проблем в сети обратитесь к справочной системе Windows]
2026-07-19 15:19:19 | WARNING  | aiogram.dispatcher | Sleep for 5.146379 seconds and try again... (tryings = 106, bot id = 8737871300)
2026-07-19 15:19:24 | ERROR    | aiogram.dispatcher | Failed to fetch updates - TelegramNetworkError: HTTP Client says - ClientConnectorError: Cannot connect to host api.telegram.org:443 ssl:default [Сетевая папка недоступна. За информацией о разрешении проблем в сети обратитесь к справочной системе Windows]
2026-07-19 15:19:24 | WARNING  | aiogram.dispatcher | Sleep for 5.057801 seconds and try again... (tryings = 107, bot id = 8737871300)
2026-07-19 15:19:29 | ERROR    | aiogram.dispatcher | Failed to fetch updates - TelegramNetworkError: HTTP Client says - ClientConnectorError: Cannot connect to host api.telegram.org:443 ssl:default [Сетевая папка недоступна. За информацией о разрешении проблем в сети обратитесь к справочной системе Windows]
2026-07-19 15:19:29 | WARNING  | aiogram.dispatcher | Sleep for 4.919992 seconds and try again... (tryings = 108, bot id = 8737871300)
2026-07-19 15:19:34 | ERROR    | aiogram.dispatcher | Failed to fetch updates - TelegramNetworkError: HTTP Client says - ClientConnectorError: Cannot connect to host api.telegram.org:443 ssl:default [Сетевая папка недоступна. За информацией о разрешении проблем в сети обратитесь к справочной системе Windows]
2026-07-19 15:19:34 | WARNING  | aiogram.dispatcher | Sleep for 4.911179 seconds and try again... (tryings = 109, bot id = 8737871300)
2026-07-19 15:19:39 | ERROR    | aiogram.dispatcher | Failed to fetch updates - TelegramNetworkError: HTTP Client says - ClientConnectorError: Cannot connect to host api.telegram.org:443 ssl:default [Сетевая папка недоступна. За информацией о разрешении проблем в сети обратитесь к справочной системе Windows]
2026-07-19 15:19:39 | WARNING  | aiogram.dispatcher | Sleep for 5.042061 seconds and try again... (tryings = 110, bot id = 8737871300)
2026-07-19 15:19:44 | ERROR    | aiogram.dispatcher | Failed to fetch updates - TelegramNetworkError: HTTP Client says - ClientConnectorError: Cannot connect to host api.telegram.org:443 ssl:default [Сетевая папка недоступна. За информацией о разрешении проблем в сети обратитесь к справочной системе Windows]
2026-07-19 15:19:44 | WARNING  | aiogram.dispatcher | Sleep for 5.012811 seconds and try again... (tryings = 111, bot id = 8737871300)
2026-07-19 15:19:49 | ERROR    | aiogram.dispatcher | Failed to fetch updates - TelegramNetworkError: HTTP Client says - ClientConnectorError: Cannot connect to host api.telegram.org:443 ssl:default [Сетевая папка недоступна. За информацией о разрешении проблем в сети обратитесь к справочной системе Windows]
2026-07-19 15:19:49 | WARNING  | aiogram.dispatcher | Sleep for 5.075790 seconds and try again... (tryings = 112, bot id = 8737871300)
2026-07-19 15:19:54 | ERROR    | aiogram.dispatcher | Failed to fetch updates - TelegramNetworkError: HTTP Client says - ClientConnectorError: Cannot connect to host api.telegram.org:443 ssl:default [Сетевая папка недоступна. За информацией о разрешении проблем в сети обратитесь к справочной системе Windows]
2026-07-19 15:19:54 | WARNING  | aiogram.dispatcher | Sleep for 4.866290 seconds and try again... (tryings = 113, bot id = 8737871300)
2026-07-19 15:19:59 | ERROR    | aiogram.dispatcher | Failed to fetch updates - TelegramNetworkError: HTTP Client says - ClientConnectorError: Cannot connect to host api.telegram.org:443 ssl:default [Сетевая папка недоступна. За информацией о разрешении проблем в сети обратитесь к справочной системе Windows]
2026-07-19 15:19:59 | WARNING  | aiogram.dispatcher | Sleep for 4.910910 seconds and try again... (tryings = 114, bot id = 8737871300)
2026-07-19 15:20:04 | ERROR    | aiogram.dispatcher | Failed to fetch updates - TelegramNetworkError: HTTP Client says - ClientConnectorError: Cannot connect to host api.telegram.org:443 ssl:default [Сетевая папка недоступна. За информацией о разрешении проблем в сети обратитесь к справочной системе Windows]
2026-07-19 15:20:04 | WARNING  | aiogram.dispatcher | Sleep for 4.978678 seconds and try again... (tryings = 115, bot id = 8737871300)
2026-07-19 15:20:09 | ERROR    | aiogram.dispatcher | Failed to fetch updates - TelegramNetworkError: HTTP Client says - ClientConnectorError: Cannot connect to host api.telegram.org:443 ssl:default [Сетевая папка недоступна. За информацией о разрешении проблем в сети обратитесь к справочной системе Windows]
2026-07-19 15:20:09 | WARNING  | aiogram.dispatcher | Sleep for 4.923508 seconds and try again... (tryings = 116, bot id = 8737871300)
2026-07-19 15:20:14 | ERROR    | aiogram.dispatcher | Failed to fetch updates - TelegramNetworkError: HTTP Client says - ClientConnectorError: Cannot connect to host api.telegram.org:443 ssl:default [Сетевая папка недоступна. За информацией о разрешении проблем в сети обратитесь к справочной системе Windows]
2026-07-19 15:20:14 | WARNING  | aiogram.dispatcher | Sleep for 5.050891 seconds and try again... (tryings = 117, bot id = 8737871300)
2026-07-19 15:20:19 | ERROR    | aiogram.dispatcher | Failed to fetch updates - TelegramNetworkError: HTTP Client says - ClientConnectorError: Cannot connect to host api.telegram.org:443 ssl:default [Сетевая папка недоступна. За информацией о разрешении проблем в сети обратитесь к справочной системе Windows]
2026-07-19 15:20:19 | WARNING  | aiogram.dispatcher | Sleep for 5.084533 seconds and try again... (tryings = 118, bot id = 8737871300)
2026-07-19 15:20:24 | ERROR    | aiogram.dispatcher | Failed to fetch updates - TelegramNetworkError: HTTP Client says - ClientConnectorError: Cannot connect to host api.telegram.org:443 ssl:default [Сетевая папка недоступна. За информацией о разрешении проблем в сети обратитесь к справочной системе Windows]
2026-07-19 15:20:24 | WARNING  | aiogram.dispatcher | Sleep for 4.980214 seconds and try again... (tryings = 119, bot id = 8737871300)
2026-07-19 15:20:29 | ERROR    | aiogram.dispatcher | Failed to fetch updates - TelegramNetworkError: HTTP Client says - ClientConnectorError: Cannot connect to host api.telegram.org:443 ssl:default [Сетевая папка недоступна. За информацией о разрешении проблем в сети обратитесь к справочной системе Windows]
2026-07-19 15:20:29 | WARNING  | aiogram.dispatcher | Sleep for 5.100510 seconds and try again... (tryings = 120, bot id = 8737871300)
2026-07-19 15:20:34 | ERROR    | aiogram.dispatcher | Failed to fetch updates - TelegramNetworkError: HTTP Client says - ClientConnectorError: Cannot connect to host api.telegram.org:443 ssl:default [Сетевая папка недоступна. За информацией о разрешении проблем в сети обратитесь к справочной системе Windows]
2026-07-19 15:20:34 | WARNING  | aiogram.dispatcher | Sleep for 5.070294 seconds and try again... (tryings = 121, bot id = 8737871300)
2026-07-19 15:20:39 | ERROR    | aiogram.dispatcher | Failed to fetch updates - TelegramNetworkError: HTTP Client says - ClientConnectorError: Cannot connect to host api.telegram.org:443 ssl:default [Сетевая папка недоступна. За информацией о разрешении проблем в сети обратитесь к справочной системе Windows]
2026-07-19 15:20:39 | WARNING  | aiogram.dispatcher | Sleep for 5.049507 seconds and try again... (tryings = 122, bot id = 8737871300)
2026-07-19 15:20:44 | ERROR    | aiogram.dispatcher | Failed to fetch updates - TelegramNetworkError: HTTP Client says - ClientConnectorError: Cannot connect to host api.telegram.org:443 ssl:default [Сетевая папка недоступна. За информацией о разрешении проблем в сети обратитесь к справочной системе Windows]
2026-07-19 15:20:44 | WARNING  | aiogram.dispatcher | Sleep for 4.792912 seconds and try again... (tryings = 123, bot id = 8737871300)
2026-07-19 15:20:49 | ERROR    | aiogram.dispatcher | Failed to fetch updates - TelegramNetworkError: HTTP Client says - ClientConnectorError: Cannot connect to host api.telegram.org:443 ssl:default [Сетевая папка недоступна. За информацией о разрешении проблем в сети обратитесь к справочной системе Windows]
2026-07-19 15:20:49 | WARNING  | aiogram.dispatcher | Sleep for 4.967295 seconds and try again... (tryings = 124, bot id = 8737871300)
2026-07-19 15:20:54 | ERROR    | aiogram.dispatcher | Failed to fetch updates - TelegramNetworkError: HTTP Client says - ClientConnectorError: Cannot connect to host api.telegram.org:443 ssl:default [Сетевая папка недоступна. За информацией о разрешении проблем в сети обратитесь к справочной системе Windows]
2026-07-19 15:20:54 | WARNING  | aiogram.dispatcher | Sleep for 4.857182 seconds and try again... (tryings = 125, bot id = 8737871300)
2026-07-19 15:20:59 | ERROR    | aiogram.dispatcher | Failed to fetch updates - TelegramNetworkError: HTTP Client says - ClientConnectorError: Cannot connect to host api.telegram.org:443 ssl:default [Сетевая папка недоступна. За информацией о разрешении проблем в сети обратитесь к справочной системе Windows]
2026-07-19 15:20:59 | WARNING  | aiogram.dispatcher | Sleep for 4.961871 seconds and try again... (tryings = 126, bot id = 8737871300)
2026-07-19 15:21:04 | ERROR    | aiogram.dispatcher | Failed to fetch updates - TelegramNetworkError: HTTP Client says - ClientConnectorError: Cannot connect to host api.telegram.org:443 ssl:default [Сетевая папка недоступна. За информацией о разрешении проблем в сети обратитесь к справочной системе Windows]
2026-07-19 15:21:04 | WARNING  | aiogram.dispatcher | Sleep for 4.836493 seconds and try again... (tryings = 127, bot id = 8737871300)
2026-07-19 15:21:09 | ERROR    | aiogram.dispatcher | Failed to fetch updates - TelegramNetworkError: HTTP Client says - ClientConnectorError: Cannot connect to host api.telegram.org:443 ssl:default [Сетевая папка недоступна. За информацией о разрешении проблем в сети обратитесь к справочной системе Windows]
2026-07-19 15:21:09 | WARNING  | aiogram.dispatcher | Sleep for 5.101982 seconds and try again... (tryings = 128, bot id = 8737871300)
2026-07-19 15:21:14 | ERROR    | aiogram.dispatcher | Failed to fetch updates - TelegramNetworkError: HTTP Client says - ClientConnectorError: Cannot connect to host api.telegram.org:443 ssl:default [Сетевая папка недоступна. За информацией о разрешении проблем в сети обратитесь к справочной системе Windows]
2026-07-19 15:21:14 | WARNING  | aiogram.dispatcher | Sleep for 5.025541 seconds and try again... (tryings = 129, bot id = 8737871300)
2026-07-19 15:21:19 | ERROR    | aiogram.dispatcher | Failed to fetch updates - TelegramNetworkError: HTTP Client says - ClientConnectorError: Cannot connect to host api.telegram.org:443 ssl:default [Сетевая папка недоступна. За информацией о разрешении проблем в сети обратитесь к справочной системе Windows]
2026-07-19 15:21:19 | WARNING  | aiogram.dispatcher | Sleep for 5.009158 seconds and try again... (tryings = 130, bot id = 8737871300)
2026-07-19 15:28:51 | ERROR    | aiogram.dispatcher | Failed to fetch updates - TelegramNetworkError: HTTP Client says - ClientConnectorError: Cannot connect to host api.telegram.org:443 ssl:default [Сетевая папка недоступна. За информацией о разрешении проблем в сети обратитесь к справочной системе Windows]
2026-07-19 15:28:51 | WARNING  | aiogram.dispatcher | Sleep for 4.893213 seconds and try again... (tryings = 131, bot id = 8737871300)
2026-07-19 15:28:56 | ERROR    | aiogram.dispatcher | Failed to fetch updates - TelegramNetworkError: HTTP Client says - ClientConnectorError: Cannot connect to host api.telegram.org:443 ssl:default [Сетевая папка недоступна. За информацией о разрешении проблем в сети обратитесь к справочной системе Windows]
2026-07-19 15:28:56 | WARNING  | aiogram.dispatcher | Sleep for 4.850712 seconds and try again... (tryings = 132, bot id = 8737871300)
2026-07-19 15:29:01 | ERROR    | aiogram.dispatcher | Failed to fetch updates - TelegramNetworkError: HTTP Client says - ClientConnectorError: Cannot connect to host api.telegram.org:443 ssl:default [Сетевая папка недоступна. За информацией о разрешении проблем в сети обратитесь к справочной системе Windows]
2026-07-19 15:29:01 | WARNING  | aiogram.dispatcher | Sleep for 4.933231 seconds and try again... (tryings = 133, bot id = 8737871300)
2026-07-19 15:29:08 | ERROR    | aiogram.dispatcher | Failed to fetch updates - TelegramNetworkError: HTTP Client says - ClientConnectorError: Cannot connect to host api.telegram.org:443 ssl:default [Подключение к сети было разорвано локальной системой]
2026-07-19 15:29:08 | WARNING  | aiogram.dispatcher | Sleep for 4.920302 seconds and try again... (tryings = 134, bot id = 8737871300)
2026-07-19 15:29:13 | ERROR    | aiogram.dispatcher | Failed to fetch updates - TelegramNetworkError: HTTP Client says - ClientConnectorError: Cannot connect to host api.telegram.org:443 ssl:default [Сетевая папка недоступна. За информацией о разрешении проблем в сети обратитесь к справочной системе Windows]
2026-07-19 15:29:13 | WARNING  | aiogram.dispatcher | Sleep for 5.043414 seconds and try again... (tryings = 135, bot id = 8737871300)
2026-07-19 15:29:23 | ERROR    | aiogram.dispatcher | Failed to fetch updates - TelegramConflictError: Telegram server says - Conflict: terminated by other getUpdates request; make sure that only one bot instance is running
2026-07-19 15:29:23 | WARNING  | aiogram.dispatcher | Sleep for 4.988152 seconds and try again... (tryings = 136, bot id = 8737871300)
2026-07-19 15:29:33 | ERROR    | aiogram.dispatcher | Failed to fetch updates - TelegramConflictError: Telegram server says - Conflict: terminated by other getUpdates request; make sure that only one bot instance is running
2026-07-19 15:29:33 | WARNING  | aiogram.dispatcher | Sleep for 5.079799 seconds and try again... (tryings = 137, bot id = 8737871300)
2026-07-19 15:29:43 | ERROR    | aiogram.dispatcher | Failed to fetch updates - TelegramConflictError: Telegram server says - Conflict: terminated by other getUpdates request; make sure that only one bot instance is running
2026-07-19 15:29:43 | WARNING  | aiogram.dispatcher | Sleep for 5.066972 seconds and try again... (tryings = 138, bot id = 8737871300)
2026-07-19 15:29:54 | ERROR    | aiogram.dispatcher | Failed to fetch updates - TelegramConflictError: Telegram server says - Conflict: terminated by other getUpdates request; make sure that only one bot instance is running
2026-07-19 15:29:54 | WARNING  | aiogram.dispatcher | Sleep for 5.027540 seconds and try again... (tryings = 139, bot id = 8737871300)
2026-07-19 15:30:02 | ERROR    | aiogram.dispatcher | Failed to fetch updates - TelegramConflictError: Telegram server says - Conflict: terminated by other getUpdates request; make sure that only one bot instance is running
2026-07-19 15:30:02 | WARNING  | aiogram.dispatcher | Sleep for 4.974985 seconds and try again... (tryings = 140, bot id = 8737871300)
2026-07-19 15:30:11 | ERROR    | aiogram.dispatcher | Failed to fetch updates - TelegramConflictError: Telegram server says - Conflict: terminated by other getUpdates request; make sure that only one bot instance is running
2026-07-19 15:30:11 | WARNING  | aiogram.dispatcher | Sleep for 4.928587 seconds and try again... (tryings = 141, bot id = 8737871300)
2026-07-19 15:30:22 | ERROR    | aiogram.dispatcher | Failed to fetch updates - TelegramConflictError: Telegram server says - Conflict: terminated by other getUpdates request; make sure that only one bot instance is running
2026-07-19 15:30:22 | WARNING  | aiogram.dispatcher | Sleep for 4.917544 seconds and try again... (tryings = 142, bot id = 8737871300)
2026-07-19 15:31:22 | INFO     | __main__ | Baza ulandi: data/database.db
2026-07-19 15:31:22 | INFO     | aiogram.dispatcher | Start polling
2026-07-19 15:31:22 | INFO     | aiogram.dispatcher | Run polling for bot @uzbmediakino_bot id=8737871300 - 'UZB MEDIA'
2026-07-19 15:31:27 | ERROR    | aiogram.dispatcher | Failed to fetch updates - TelegramConflictError: Telegram server says - Conflict: terminated by other getUpdates request; make sure that only one bot instance is running
2026-07-19 15:31:27 | WARNING  | aiogram.dispatcher | Sleep for 1.000000 seconds and try again... (tryings = 0, bot id = 8737871300)
2026-07-19 15:31:31 | ERROR    | aiogram.dispatcher | Failed to fetch updates - TelegramConflictError: Telegram server says - Conflict: terminated by other getUpdates request; make sure that only one bot instance is running
2026-07-19 15:31:31 | WARNING  | aiogram.dispatcher | Sleep for 1.473276 seconds and try again... (tryings = 1, bot id = 8737871300)
2026-07-19 15:31:36 | ERROR    | aiogram.dispatcher | Failed to fetch updates - TelegramConflictError: Telegram server says - Conflict: terminated by other getUpdates request; make sure that only one bot instance is running
2026-07-19 15:31:36 | WARNING  | aiogram.dispatcher | Sleep for 1.788640 seconds and try again... (tryings = 2, bot id = 8737871300)
2026-07-19 15:31:38 | INFO     | aiogram.dispatcher | Connection established (tryings = 3, bot id = 8737871300)
2026-07-19 15:31:40 | INFO     | aiogram.event | Update id=905840478 is handled. Duration 1374 ms by bot id=8737871300
2026-07-19 15:31:43 | ERROR    | aiogram.dispatcher | Failed to fetch updates - TelegramConflictError: Telegram server says - Conflict: terminated by other getUpdates request; make sure that only one bot instance is running
2026-07-19 15:31:43 | WARNING  | aiogram.dispatcher | Sleep for 1.000000 seconds and try again... (tryings = 0, bot id = 8737871300)
2026-07-19 15:31:48 | ERROR    | aiogram.dispatcher | Failed to fetch updates - TelegramConflictError: Telegram server says - Conflict: terminated by other getUpdates request; make sure that only one bot instance is running
2026-07-19 15:31:48 | WARNING  | aiogram.dispatcher | Sleep for 1.271739 seconds and try again... (tryings = 1, bot id = 8737871300)
2026-07-19 15:31:53 | ERROR    | aiogram.dispatcher | Failed to fetch updates - TelegramConflictError: Telegram server says - Conflict: terminated by other getUpdates request; make sure that only one bot instance is running
2026-07-19 15:31:53 | WARNING  | aiogram.dispatcher | Sleep for 1.636488 seconds and try again... (tryings = 2, bot id = 8737871300)
2026-07-19 15:31:59 | INFO     | aiogram.dispatcher | Connection established (tryings = 3, bot id = 8737871300)
2026-07-19 15:31:59 | INFO     | aiogram.event | Update id=905840480 is handled. Duration 718 ms by bot id=8737871300
2026-07-19 15:32:00 | ERROR    | aiogram.dispatcher | Failed to fetch updates - TelegramConflictError: Telegram server says - Conflict: terminated by other getUpdates request; make sure that only one bot instance is running
2026-07-19 15:32:00 | WARNING  | aiogram.dispatcher | Sleep for 1.000000 seconds and try again... (tryings = 0, bot id = 8737871300)
2026-07-19 15:32:06 | ERROR    | aiogram.dispatcher | Failed to fetch updates - TelegramConflictError: Telegram server says - Conflict: terminated by other getUpdates request; make sure that only one bot instance is running
2026-07-19 15:32:06 | WARNING  | aiogram.dispatcher | Sleep for 1.286976 seconds and try again... (tryings = 1, bot id = 8737871300)
2026-07-19 15:32:11 | ERROR    | aiogram.dispatcher | Failed to fetch updates - TelegramConflictError: Telegram server says - Conflict: terminated by other getUpdates request; make sure that only one bot instance is running
2026-07-19 15:32:11 | WARNING  | aiogram.dispatcher | Sleep for 1.720579 seconds and try again... (tryings = 2, bot id = 8737871300)
2026-07-19 15:32:17 | ERROR    | aiogram.dispatcher | Failed to fetch updates - TelegramConflictError: Telegram server says - Conflict: terminated by other getUpdates request; make sure that only one bot instance is running
2026-07-19 15:32:17 | WARNING  | aiogram.dispatcher | Sleep for 2.354195 seconds and try again... (tryings = 3, bot id = 8737871300)
2026-07-19 15:32:23 | ERROR    | aiogram.dispatcher | Failed to fetch updates - TelegramConflictError: Telegram server says - Conflict: terminated by other getUpdates request; make sure that only one bot instance is running
2026-07-19 15:32:23 | WARNING  | aiogram.dispatcher | Sleep for 3.155243 seconds and try again... (tryings = 4, bot id = 8737871300)
2026-07-19 15:32:31 | ERROR    | aiogram.dispatcher | Failed to fetch updates - TelegramConflictError: Telegram server says - Conflict: terminated by other getUpdates request; make sure that only one bot instance is running
2026-07-19 15:32:31 | WARNING  | aiogram.dispatcher | Sleep for 4.258419 seconds and try again... (tryings = 5, bot id = 8737871300)
2026-07-19 15:32:40 | ERROR    | aiogram.dispatcher | Failed to fetch updates - TelegramConflictError: Telegram server says - Conflict: terminated by other getUpdates request; make sure that only one bot instance is running
2026-07-19 15:32:40 | WARNING  | aiogram.dispatcher | Sleep for 4.923025 seconds and try again... (tryings = 6, bot id = 8737871300)
2026-07-19 15:32:48 | ERROR    | aiogram.dispatcher | Failed to fetch updates - TelegramConflictError: Telegram server says - Conflict: terminated by other getUpdates request; make sure that only one bot instance is running
2026-07-19 15:32:48 | WARNING  | aiogram.dispatcher | Sleep for 5.093435 seconds and try again... (tryings = 7, bot id = 8737871300)
2026-07-19 15:32:58 | ERROR    | aiogram.dispatcher | Failed to fetch updates - TelegramConflictError: Telegram server says - Conflict: terminated by other getUpdates request; make sure that only one bot instance is running
2026-07-19 15:32:58 | WARNING  | aiogram.dispatcher | Sleep for 4.939237 seconds and try again... (tryings = 8, bot id = 8737871300)
2026-07-19 15:33:03 | INFO     | aiogram.dispatcher | Connection established (tryings = 9, bot id = 8737871300)
2026-07-19 15:33:04 | INFO     | aiogram.event | Update id=905840494 is handled. Duration 367 ms by bot id=8737871300
2026-07-19 15:33:07 | ERROR    | aiogram.dispatcher | Failed to fetch updates - TelegramConflictError: Telegram server says - Conflict: terminated by other getUpdates request; make sure that only one bot instance is running
2026-07-19 15:33:07 | WARNING  | aiogram.dispatcher | Sleep for 1.000000 seconds and try again... (tryings = 0, bot id = 8737871300)
2026-07-19 15:33:13 | ERROR    | aiogram.dispatcher | Failed to fetch updates - TelegramConflictError: Telegram server says - Conflict: terminated by other getUpdates request; make sure that only one bot instance is running
2026-07-19 15:33:13 | WARNING  | aiogram.dispatcher | Sleep for 1.279185 seconds and try again... (tryings = 1, bot id = 8737871300)
2026-07-19 15:33:19 | ERROR    | aiogram.dispatcher | Failed to fetch updates - TelegramConflictError: Telegram server says - Conflict: terminated by other getUpdates request; make sure that only one bot instance is running
2026-07-19 15:33:19 | WARNING  | aiogram.dispatcher | Sleep for 1.646378 seconds and try again... (tryings = 2, bot id = 8737871300)
2026-07-19 15:33:25 | ERROR    | aiogram.dispatcher | Failed to fetch updates - TelegramConflictError: Telegram server says - Conflict: terminated by other getUpdates request; make sure that only one bot instance is running
2026-07-19 15:33:25 | WARNING  | aiogram.dispatcher | Sleep for 2.020535 seconds and try again... (tryings = 3, bot id = 8737871300)
2026-07-19 15:33:31 | ERROR    | aiogram.dispatcher | Failed to fetch updates - TelegramConflictError: Telegram server says - Conflict: terminated by other getUpdates request; make sure that only one bot instance is running
2026-07-19 15:33:31 | WARNING  | aiogram.dispatcher | Sleep for 2.490853 seconds and try again... (tryings = 4, bot id = 8737871300)
2026-07-19 15:33:38 | ERROR    | aiogram.dispatcher | Failed to fetch updates - TelegramConflictError: Telegram server says - Conflict: terminated by other getUpdates request; make sure that only one bot instance is running
2026-07-19 15:33:38 | WARNING  | aiogram.dispatcher | Sleep for 3.286632 seconds and try again... (tryings = 5, bot id = 8737871300)
2026-07-19 15:33:45 | ERROR    | aiogram.dispatcher | Failed to fetch updates - TelegramConflictError: Telegram server says - Conflict: terminated by other getUpdates request; make sure that only one bot instance is running
2026-07-19 15:33:45 | WARNING  | aiogram.dispatcher | Sleep for 4.378207 seconds and try again... (tryings = 6, bot id = 8737871300)
2026-07-19 15:33:55 | ERROR    | aiogram.dispatcher | Failed to fetch updates - TelegramConflictError: Telegram server says - Conflict: terminated by other getUpdates request; make sure that only one bot instance is running
2026-07-19 15:33:55 | WARNING  | aiogram.dispatcher | Sleep for 4.917360 seconds and try again... (tryings = 7, bot id = 8737871300)
2026-07-19 15:34:04 | ERROR    | aiogram.dispatcher | Failed to fetch updates - TelegramConflictError: Telegram server says - Conflict: terminated by other getUpdates request; make sure that only one bot instance is running
2026-07-19 15:34:04 | WARNING  | aiogram.dispatcher | Sleep for 5.109301 seconds and try again... (tryings = 8, bot id = 8737871300)
2026-07-19 15:34:13 | ERROR    | aiogram.dispatcher | Failed to fetch updates - TelegramConflictError: Telegram server says - Conflict: terminated by other getUpdates request; make sure that only one bot instance is running
2026-07-19 15:34:13 | WARNING  | aiogram.dispatcher | Sleep for 4.977653 seconds and try again... (tryings = 9, bot id = 8737871300)
2026-07-19 15:34:22 | ERROR    | aiogram.dispatcher | Failed to fetch updates - TelegramConflictError: Telegram server says - Conflict: terminated by other getUpdates request; make sure that only one bot instance is running
2026-07-19 15:34:22 | WARNING  | aiogram.dispatcher | Sleep for 4.994996 seconds and try again... (tryings = 10, bot id = 8737871300)
2026-07-19 15:34:31 | ERROR    | aiogram.dispatcher | Failed to fetch updates - TelegramConflictError: Telegram server says - Conflict: terminated by other getUpdates request; make sure that only one bot instance is running
2026-07-19 15:34:31 | WARNING  | aiogram.dispatcher | Sleep for 5.040187 seconds and try again... (tryings = 11, bot id = 8737871300)
2026-07-19 15:34:41 | ERROR    | aiogram.dispatcher | Failed to fetch updates - TelegramConflictError: Telegram server says - Conflict: terminated by other getUpdates request; make sure that only one bot instance is running
2026-07-19 15:34:41 | WARNING  | aiogram.dispatcher | Sleep for 5.028682 seconds and try again... (tryings = 12, bot id = 8737871300)
2026-07-19 15:34:50 | ERROR    | aiogram.dispatcher | Failed to fetch updates - TelegramConflictError: Telegram server says - Conflict: terminated by other getUpdates request; make sure that only one bot instance is running
2026-07-19 15:34:50 | WARNING  | aiogram.dispatcher | Sleep for 5.000795 seconds and try again... (tryings = 13, bot id = 8737871300)
2026-07-19 15:35:00 | ERROR    | aiogram.dispatcher | Failed to fetch updates - TelegramConflictError: Telegram server says - Conflict: terminated by other getUpdates request; make sure that only one bot instance is running
2026-07-19 15:35:00 | WARNING  | aiogram.dispatcher | Sleep for 5.075564 seconds and try again... (tryings = 14, bot id = 8737871300)
2026-07-19 15:35:09 | ERROR    | aiogram.dispatcher | Failed to fetch updates - TelegramConflictError: Telegram server says - Conflict: terminated by other getUpdates request; make sure that only one bot instance is running
2026-07-19 15:35:09 | WARNING  | aiogram.dispatcher | Sleep for 4.820038 seconds and try again... (tryings = 15, bot id = 8737871300)
2026-07-19 15:35:18 | ERROR    | aiogram.dispatcher | Failed to fetch updates - TelegramConflictError: Telegram server says - Conflict: terminated by other getUpdates request; make sure that only one bot instance is running
2026-07-19 15:35:18 | WARNING  | aiogram.dispatcher | Sleep for 4.885633 seconds and try again... (tryings = 16, bot id = 8737871300)
2026-07-19 15:35:28 | ERROR    | aiogram.dispatcher | Failed to fetch updates - TelegramConflictError: Telegram server says - Conflict: terminated by other getUpdates request; make sure that only one bot instance is running
2026-07-19 15:35:28 | WARNING  | aiogram.dispatcher | Sleep for 5.037626 seconds and try again... (tryings = 17, bot id = 8737871300)
2026-07-19 15:35:37 | ERROR    | aiogram.dispatcher | Failed to fetch updates - TelegramConflictError: Telegram server says - Conflict: terminated by other getUpdates request; make sure that only one bot instance is running
2026-07-19 15:35:37 | WARNING  | aiogram.dispatcher | Sleep for 5.138626 seconds and try again... (tryings = 18, bot id = 8737871300)
2026-07-19 15:35:47 | ERROR    | aiogram.dispatcher | Failed to fetch updates - TelegramConflictError: Telegram server says - Conflict: terminated by other getUpdates request; make sure that only one bot instance is running
2026-07-19 15:35:47 | WARNING  | aiogram.dispatcher | Sleep for 4.928720 seconds and try again... (tryings = 19, bot id = 8737871300)
2026-07-19 15:35:56 | ERROR    | aiogram.dispatcher | Failed to fetch updates - TelegramConflictError: Telegram server says - Conflict: terminated by other getUpdates request; make sure that only one bot instance is running
2026-07-19 15:35:56 | WARNING  | aiogram.dispatcher | Sleep for 5.014897 seconds and try again... (tryings = 20, bot id = 8737871300)
2026-07-19 15:36:05 | ERROR    | aiogram.dispatcher | Failed to fetch updates - TelegramConflictError: Telegram server says - Conflict: terminated by other getUpdates request; make sure that only one bot instance is running
2026-07-19 15:36:05 | WARNING  | aiogram.dispatcher | Sleep for 5.005639 seconds and try again... (tryings = 21, bot id = 8737871300)
2026-07-19 15:36:15 | ERROR    | aiogram.dispatcher | Failed to fetch updates - TelegramConflictError: Telegram server says - Conflict: terminated by other getUpdates request; make sure that only one bot instance is running
2026-07-19 15:36:15 | WARNING  | aiogram.dispatcher | Sleep for 4.943822 seconds and try again... (tryings = 22, bot id = 8737871300)
2026-07-19 15:36:25 | ERROR    | aiogram.dispatcher | Failed to fetch updates - TelegramConflictError: Telegram server says - Conflict: terminated by other getUpdates request; make sure that only one bot instance is running
2026-07-19 15:36:25 | WARNING  | aiogram.dispatcher | Sleep for 5.076777 seconds and try again... (tryings = 23, bot id = 8737871300)
2026-07-19 15:36:34 | ERROR    | aiogram.dispatcher | Failed to fetch updates - TelegramConflictError: Telegram server says - Conflict: terminated by other getUpdates request; make sure that only one bot instance is running
2026-07-19 15:36:34 | WARNING  | aiogram.dispatcher | Sleep for 5.032989 seconds and try again... (tryings = 24, bot id = 8737871300)
2026-07-19 15:36:43 | ERROR    | aiogram.dispatcher | Failed to fetch updates - TelegramConflictError: Telegram server says - Conflict: terminated by other getUpdates request; make sure that only one bot instance is running
2026-07-19 15:36:43 | WARNING  | aiogram.dispatcher | Sleep for 4.891029 seconds and try again... (tryings = 25, bot id = 8737871300)
2026-07-19 15:36:53 | ERROR    | aiogram.dispatcher | Failed to fetch updates - TelegramConflictError: Telegram server says - Conflict: terminated by other getUpdates request; make sure that only one bot instance is running
2026-07-19 15:36:53 | WARNING  | aiogram.dispatcher | Sleep for 4.994993 seconds and try again... (tryings = 26, bot id = 8737871300)
2026-07-19 15:37:02 | ERROR    | aiogram.dispatcher | Failed to fetch updates - TelegramConflictError: Telegram server says - Conflict: terminated by other getUpdates request; make sure that only one bot instance is running
2026-07-19 15:37:02 | WARNING  | aiogram.dispatcher | Sleep for 4.942526 seconds and try again... (tryings = 27, bot id = 8737871300)
2026-07-19 15:37:12 | ERROR    | aiogram.dispatcher | Failed to fetch updates - TelegramConflictError: Telegram server says - Conflict: terminated by other getUpdates request; make sure that only one bot instance is running
2026-07-19 15:37:12 | WARNING  | aiogram.dispatcher | Sleep for 4.807240 seconds and try again... (tryings = 28, bot id = 8737871300)
2026-07-19 15:37:20 | ERROR    | aiogram.dispatcher | Failed to fetch updates - TelegramConflictError: Telegram server says - Conflict: terminated by other getUpdates request; make sure that only one bot instance is running
2026-07-19 15:37:20 | WARNING  | aiogram.dispatcher | Sleep for 4.757345 seconds and try again... (tryings = 29, bot id = 8737871300)
2026-07-19 15:37:30 | ERROR    | aiogram.dispatcher | Failed to fetch updates - TelegramConflictError: Telegram server says - Conflict: terminated by other getUpdates request; make sure that only one bot instance is running
2026-07-19 15:37:30 | WARNING  | aiogram.dispatcher | Sleep for 4.956383 seconds and try again... (tryings = 30, bot id = 8737871300)
2026-07-19 15:37:39 | ERROR    | aiogram.dispatcher | Failed to fetch updates - TelegramConflictError: Telegram server says - Conflict: terminated by other getUpdates request; make sure that only one bot instance is running
2026-07-19 15:37:39 | WARNING  | aiogram.dispatcher | Sleep for 5.145433 seconds and try again... (tryings = 31, bot id = 8737871300)
2026-07-19 15:37:49 | ERROR    | aiogram.dispatcher | Failed to fetch updates - TelegramConflictError: Telegram server says - Conflict: terminated by other getUpdates request; make sure that only one bot instance is running
2026-07-19 15:37:49 | WARNING  | aiogram.dispatcher | Sleep for 4.887657 seconds and try again... (tryings = 32, bot id = 8737871300)
2026-07-19 15:37:57 | ERROR    | aiogram.dispatcher | Failed to fetch updates - TelegramConflictError: Telegram server says - Conflict: terminated by other getUpdates request; make sure that only one bot instance is running
2026-07-19 15:37:57 | WARNING  | aiogram.dispatcher | Sleep for 4.938817 seconds and try again... (tryings = 33, bot id = 8737871300)
2026-07-19 15:38:07 | ERROR    | aiogram.dispatcher | Failed to fetch updates - TelegramConflictError: Telegram server says - Conflict: terminated by other getUpdates request; make sure that only one bot instance is running
2026-07-19 15:38:07 | WARNING  | aiogram.dispatcher | Sleep for 4.943145 seconds and try again... (tryings = 34, bot id = 8737871300)
2026-07-19 15:39:23 | ERROR    | aiogram.dispatcher | Failed to fetch updates - TelegramNetworkError: HTTP Client says - Request timeout error
2026-07-19 15:39:23 | WARNING  | aiogram.dispatcher | Sleep for 5.012326 seconds and try again... (tryings = 35, bot id = 8737871300)
2026-07-19 15:39:33 | ERROR    | aiogram.dispatcher | Failed to fetch updates - TelegramConflictError: Telegram server says - Conflict: terminated by other getUpdates request; make sure that only one bot instance is running
2026-07-19 15:39:33 | WARNING  | aiogram.dispatcher | Sleep for 4.973289 seconds and try again... (tryings = 36, bot id = 8737871300)
2026-07-19 15:39:42 | ERROR    | aiogram.dispatcher | Failed to fetch updates - TelegramConflictError: Telegram server says - Conflict: terminated by other getUpdates request; make sure that only one bot instance is running
2026-07-19 15:39:42 | WARNING  | aiogram.dispatcher | Sleep for 4.929912 seconds and try again... (tryings = 37, bot id = 8737871300)
2026-07-19 15:39:52 | ERROR    | aiogram.dispatcher | Failed to fetch updates - TelegramConflictError: Telegram server says - Conflict: terminated by other getUpdates request; make sure that only one bot instance is running
2026-07-19 15:39:52 | WARNING  | aiogram.dispatcher | Sleep for 4.968634 seconds and try again... (tryings = 38, bot id = 8737871300)
2026-07-19 15:40:06 | INFO     | __main__ | Baza ulandi: data/database.db
2026-07-19 15:40:06 | INFO     | aiogram.dispatcher | Start polling
2026-07-19 15:40:06 | INFO     | aiogram.dispatcher | Run polling for bot @uzbmediakino_bot id=8737871300 - 'UZB MEDIA'
2026-07-19 15:40:09 | ERROR    | aiogram.dispatcher | Failed to fetch updates - TelegramConflictError: Telegram server says - Conflict: terminated by other getUpdates request; make sure that only one bot instance is running
2026-07-19 15:40:09 | WARNING  | aiogram.dispatcher | Sleep for 1.000000 seconds and try again... (tryings = 0, bot id = 8737871300)
2026-07-19 15:40:14 | ERROR    | aiogram.dispatcher | Failed to fetch updates - TelegramConflictError: Telegram server says - Conflict: terminated by other getUpdates request; make sure that only one bot instance is running
2026-07-19 15:40:14 | WARNING  | aiogram.dispatcher | Sleep for 1.309721 seconds and try again... (tryings = 1, bot id = 8737871300)
2026-07-19 15:40:18 | ERROR    | aiogram.dispatcher | Failed to fetch updates - TelegramConflictError: Telegram server says - Conflict: terminated by other getUpdates request; make sure that only one bot instance is running
2026-07-19 15:40:18 | WARNING  | aiogram.dispatcher | Sleep for 1.774903 seconds and try again... (tryings = 2, bot id = 8737871300)
2026-07-19 15:40:24 | ERROR    | aiogram.dispatcher | Failed to fetch updates - TelegramConflictError: Telegram server says - Conflict: terminated by other getUpdates request; make sure that only one bot instance is running
2026-07-19 15:40:24 | WARNING  | aiogram.dispatcher | Sleep for 2.148805 seconds and try again... (tryings = 3, bot id = 8737871300)
2026-07-19 15:40:28 | ERROR    | aiogram.dispatcher | Failed to fetch updates - TelegramConflictError: Telegram server says - Conflict: terminated by other getUpdates request; make sure that only one bot instance is running
2026-07-19 15:40:28 | WARNING  | aiogram.dispatcher | Sleep for 2.884198 seconds and try again... (tryings = 4, bot id = 8737871300)
2026-07-19 15:40:35 | ERROR    | aiogram.dispatcher | Failed to fetch updates - TelegramConflictError: Telegram server says - Conflict: terminated by other getUpdates request; make sure that only one bot instance is running
2026-07-19 15:40:35 | WARNING  | aiogram.dispatcher | Sleep for 3.894110 seconds and try again... (tryings = 5, bot id = 8737871300)
2026-07-19 15:40:45 | ERROR    | aiogram.dispatcher | Failed to fetch updates - TelegramConflictError: Telegram server says - Conflict: terminated by other getUpdates request; make sure that only one bot instance is running
2026-07-19 15:40:45 | WARNING  | aiogram.dispatcher | Sleep for 4.850864 seconds and try again... (tryings = 6, bot id = 8737871300)
2026-07-19 15:40:53 | ERROR    | aiogram.dispatcher | Failed to fetch updates - TelegramConflictError: Telegram server says - Conflict: terminated by other getUpdates request; make sure that only one bot instance is running
2026-07-19 15:40:53 | WARNING  | aiogram.dispatcher | Sleep for 5.103229 seconds and try again... (tryings = 7, bot id = 8737871300)
2026-07-19 15:41:10 | INFO     | __main__ | Baza ulandi: data/database.db
2026-07-19 15:41:10 | INFO     | aiogram.dispatcher | Start polling
2026-07-19 15:41:10 | INFO     | aiogram.dispatcher | Run polling for bot @uzbmediakino_bot id=8737871300 - 'UZB MEDIA'
2026-07-19 15:41:13 | INFO     | aiogram.event | Update id=905840499 is handled. Duration 758 ms by bot id=8737871300
2026-07-19 15:41:15 | ERROR    | aiogram.dispatcher | Failed to fetch updates - TelegramConflictError: Telegram server says - Conflict: terminated by other getUpdates request; make sure that only one bot instance is running
2026-07-19 15:41:15 | WARNING  | aiogram.dispatcher | Sleep for 1.000000 seconds and try again... (tryings = 0, bot id = 8737871300)
2026-07-19 15:41:24 | ERROR    | aiogram.dispatcher | Failed to fetch updates - TelegramConflictError: Telegram server says - Conflict: terminated by other getUpdates request; make sure that only one bot instance is running
2026-07-19 15:41:24 | WARNING  | aiogram.dispatcher | Sleep for 1.240851 seconds and try again... (tryings = 1, bot id = 8737871300)
2026-07-19 15:41:34 | ERROR    | aiogram.dispatcher | Failed to fetch updates - TelegramConflictError: Telegram server says - Conflict: terminated by other getUpdates request; make sure that only one bot instance is running
2026-07-19 15:41:34 | WARNING  | aiogram.dispatcher | Sleep for 1.588563 seconds and try again... (tryings = 2, bot id = 8737871300)
2026-07-19 15:41:44 | ERROR    | aiogram.dispatcher | Failed to fetch updates - TelegramConflictError: Telegram server says - Conflict: terminated by other getUpdates request; make sure that only one bot instance is running
2026-07-19 15:41:44 | WARNING  | aiogram.dispatcher | Sleep for 2.010617 seconds and try again... (tryings = 3, bot id = 8737871300)
2026-07-19 15:41:55 | ERROR    | aiogram.dispatcher | Failed to fetch updates - TelegramConflictError: Telegram server says - Conflict: terminated by other getUpdates request; make sure that only one bot instance is running
2026-07-19 15:41:55 | WARNING  | aiogram.dispatcher | Sleep for 2.721602 seconds and try again... (tryings = 4, bot id = 8737871300)
2026-07-19 15:42:06 | ERROR    | aiogram.dispatcher | Failed to fetch updates - TelegramConflictError: Telegram server says - Conflict: terminated by other getUpdates request; make sure that only one bot instance is running
2026-07-19 15:42:06 | WARNING  | aiogram.dispatcher | Sleep for 3.626344 seconds and try again... (tryings = 5, bot id = 8737871300)
2026-07-19 15:42:11 | INFO     | aiogram.dispatcher | Connection established (tryings = 6, bot id = 8737871300)
2026-07-19 15:42:12 | INFO     | aiogram.event | Update id=905840500 is handled. Duration 867 ms by bot id=8737871300
2026-07-19 15:42:15 | ERROR    | aiogram.dispatcher | Failed to fetch updates - TelegramConflictError: Telegram server says - Conflict: terminated by other getUpdates request; make sure that only one bot instance is running
2026-07-19 15:42:15 | WARNING  | aiogram.dispatcher | Sleep for 1.000000 seconds and try again... (tryings = 0, bot id = 8737871300)
2026-07-19 15:42:15 | INFO     | aiogram.event | Update id=905840501 is handled. Duration 697 ms by bot id=8737871300
2026-07-19 15:42:19 | INFO     | aiogram.dispatcher | Connection established (tryings = 1, bot id = 8737871300)
2026-07-19 15:42:19 | INFO     | aiogram.event | Update id=905840502 is handled. Duration 723 ms by bot id=8737871300
2026-07-19 15:42:24 | ERROR    | aiogram.dispatcher | Failed to fetch updates - TelegramConflictError: Telegram server says - Conflict: terminated by other getUpdates request; make sure that only one bot instance is running
2026-07-19 15:42:24 | WARNING  | aiogram.dispatcher | Sleep for 1.000000 seconds and try again... (tryings = 0, bot id = 8737871300)
2026-07-19 15:42:34 | ERROR    | aiogram.dispatcher | Failed to fetch updates - TelegramConflictError: Telegram server says - Conflict: terminated by other getUpdates request; make sure that only one bot instance is running
2026-07-19 15:42:34 | WARNING  | aiogram.dispatcher | Sleep for 1.143931 seconds and try again... (tryings = 1, bot id = 8737871300)
2026-07-19 15:42:43 | ERROR    | aiogram.dispatcher | Failed to fetch updates - TelegramConflictError: Telegram server says - Conflict: terminated by other getUpdates request; make sure that only one bot instance is running
2026-07-19 15:42:43 | WARNING  | aiogram.dispatcher | Sleep for 1.246127 seconds and try again... (tryings = 2, bot id = 8737871300)
2026-07-19 15:42:53 | ERROR    | aiogram.dispatcher | Failed to fetch updates - TelegramConflictError: Telegram server says - Conflict: terminated by other getUpdates request; make sure that only one bot instance is running
2026-07-19 15:42:53 | WARNING  | aiogram.dispatcher | Sleep for 1.603731 seconds and try again... (tryings = 3, bot id = 8737871300)
2026-07-19 15:43:03 | ERROR    | aiogram.dispatcher | Failed to fetch updates - TelegramConflictError: Telegram server says - Conflict: terminated by other getUpdates request; make sure that only one bot instance is running
2026-07-19 15:43:03 | WARNING  | aiogram.dispatcher | Sleep for 2.107641 seconds and try again... (tryings = 4, bot id = 8737871300)
2026-07-19 15:43:13 | ERROR    | aiogram.dispatcher | Failed to fetch updates - TelegramConflictError: Telegram server says - Conflict: terminated by other getUpdates request; make sure that only one bot instance is running
2026-07-19 15:43:13 | WARNING  | aiogram.dispatcher | Sleep for 2.773338 seconds and try again... (tryings = 5, bot id = 8737871300)
2026-07-19 15:43:22 | ERROR    | aiogram.dispatcher | Failed to fetch updates - TelegramConflictError: Telegram server says - Conflict: terminated by other getUpdates request; make sure that only one bot instance is running
2026-07-19 15:43:22 | WARNING  | aiogram.dispatcher | Sleep for 3.564300 seconds and try again... (tryings = 6, bot id = 8737871300)
2026-07-19 15:43:31 | ERROR    | aiogram.dispatcher | Failed to fetch updates - TelegramConflictError: Telegram server says - Conflict: terminated by other getUpdates request; make sure that only one bot instance is running
2026-07-19 15:43:31 | WARNING  | aiogram.dispatcher | Sleep for 4.695989 seconds and try again... (tryings = 7, bot id = 8737871300)
2026-07-19 15:43:34 | INFO     | aiogram.dispatcher | Polling stopped
2026-07-19 15:43:34 | INFO     | __main__ | Bot to'xtatildi.
2026-07-19 15:43:34 | INFO     | aiogram.dispatcher | Polling stopped for bot @uzbmediakino_bot id=8737871300 - 'UZB MEDIA'
2026-07-19 15:43:34 | INFO     | __main__ | Bot foydalanuvchi tomonidan to'xtatildi.
2026-07-19 15:43:50 | INFO     | __main__ | Baza ulandi: data/database.db
2026-07-19 15:43:50 | INFO     | aiogram.dispatcher | Start polling
2026-07-19 15:43:50 | INFO     | aiogram.dispatcher | Run polling for bot @uzbmediakino_bot id=8737871300 - 'UZB MEDIA'
2026-07-19 15:44:04 | INFO     | aiogram.event | Update id=905840503 is handled. Duration 50 ms by bot id=8737871300
2026-07-19 15:44:05 | INFO     | aiogram.event | Update id=905840504 is handled. Duration 1396 ms by bot id=8737871300
2026-07-19 15:44:08 | INFO     | aiogram.event | Update id=905840505 is handled. Duration 816 ms by bot id=8737871300
2026-07-19 15:44:12 | INFO     | aiogram.event | Update id=905840506 is handled. Duration 730 ms by bot id=8737871300
2026-07-19 15:44:16 | INFO     | aiogram.event | Update id=905840507 is handled. Duration 1078 ms by bot id=8737871300
2026-07-19 15:51:15 | ERROR    | aiogram.dispatcher | Failed to fetch updates - TelegramNetworkError: HTTP Client says - Request timeout error
2026-07-19 15:51:15 | WARNING  | aiogram.dispatcher | Sleep for 1.000000 seconds and try again... (tryings = 0, bot id = 8737871300)
2026-07-19 15:51:16 | ERROR    | aiogram.dispatcher | Failed to fetch updates - TelegramNetworkError: HTTP Client says - ClientConnectorError: Cannot connect to host api.telegram.org:443 ssl:default [Сетевая папка недоступна. За информацией о разрешении проблем в сети обратитесь к справочной системе Windows]
2026-07-19 15:51:16 | WARNING  | aiogram.dispatcher | Sleep for 1.107625 seconds and try again... (tryings = 1, bot id = 8737871300)
2026-07-19 15:51:28 | INFO     | aiogram.dispatcher | Connection established (tryings = 2, bot id = 8737871300)
2026-07-19 15:51:51 | INFO     | aiogram.event | Update id=905840508 is handled. Duration 530 ms by bot id=8737871300
2026-07-19 15:51:54 | INFO     | aiogram.event | Update id=905840509 is handled. Duration 189 ms by bot id=8737871300
2026-07-19 15:51:57 | INFO     | aiogram.event | Update id=905840510 is handled. Duration 548 ms by bot id=8737871300
2026-07-19 15:52:01 | INFO     | aiogram.event | Update id=905840511 is handled. Duration 214 ms by bot id=8737871300
2026-07-19 15:52:06 | INFO     | aiogram.event | Update id=905840512 is handled. Duration 210 ms by bot id=8737871300
2026-07-19 15:52:10 | INFO     | aiogram.event | Update id=905840513 is handled. Duration 307 ms by bot id=8737871300
2026-07-19 15:52:12 | INFO     | aiogram.event | Update id=905840514 is handled. Duration 203 ms by bot id=8737871300
2026-07-19 15:52:14 | INFO     | aiogram.event | Update id=905840515 is handled. Duration 387 ms by bot id=8737871300
2026-07-19 15:52:20 | INFO     | aiogram.event | Update id=905840516 is handled. Duration 202 ms by bot id=8737871300
2026-07-19 15:52:26 | INFO     | aiogram.event | Update id=905840517 is handled. Duration 190 ms by bot id=8737871300
2026-07-19 15:52:31 | INFO     | aiogram.event | Update id=905840518 is handled. Duration 205 ms by bot id=8737871300
2026-07-19 15:52:39 | INFO     | aiogram.event | Update id=905840519 is handled. Duration 203 ms by bot id=8737871300
2026-07-19 15:52:44 | INFO     | aiogram.event | Update id=905840520 is handled. Duration 189 ms by bot id=8737871300
2026-07-19 15:52:46 | INFO     | aiogram.event | Update id=905840521 is handled. Duration 193 ms by bot id=8737871300
2026-07-19 15:52:52 | INFO     | aiogram.event | Update id=905840522 is handled. Duration 528 ms by bot id=8737871300
2026-07-19 15:52:56 | INFO     | aiogram.event | Update id=905840523 is handled. Duration 593 ms by bot id=8737871300
2026-07-19 15:53:06 | INFO     | aiogram.event | Update id=905840524 is handled. Duration 608 ms by bot id=8737871300
2026-07-19 15:53:23 | INFO     | aiogram.event | Update id=905840525 is handled. Duration 663 ms by bot id=8737871300
2026-07-19 15:53:29 | INFO     | aiogram.event | Update id=905840526 is handled. Duration 992 ms by bot id=8737871300
2026-07-19 15:55:15 | INFO     | aiogram.event | Update id=905840527 is handled. Duration 203 ms by bot id=8737871300
2026-07-19 15:55:17 | INFO     | aiogram.event | Update id=905840528 is handled. Duration 267 ms by bot id=8737871300
2026-07-19 15:55:19 | INFO     | aiogram.event | Update id=905840529 is handled. Duration 218 ms by bot id=8737871300
2026-07-19 15:55:23 | INFO     | aiogram.event | Update id=905840530 is handled. Duration 190 ms by bot id=8737871300
2026-07-19 15:55:29 | INFO     | aiogram.event | Update id=905840531 is handled. Duration 305 ms by bot id=8737871300
2026-07-19 15:55:32 | INFO     | aiogram.event | Update id=905840532 is handled. Duration 274 ms by bot id=8737871300
2026-07-19 15:55:34 | INFO     | aiogram.event | Update id=905840533 is handled. Duration 412 ms by bot id=8737871300
2026-07-19 15:55:37 | INFO     | aiogram.event | Update id=905840534 is handled. Duration 376 ms by bot id=8737871300
2026-07-19 15:55:43 | INFO     | aiogram.event | Update id=905840535 is handled. Duration 264 ms by bot id=8737871300
2026-07-19 15:55:43 | INFO     | aiogram.event | Update id=905840536 is handled. Duration 285 ms by bot id=8737871300
2026-07-19 15:55:45 | INFO     | aiogram.event | Update id=905840537 is handled. Duration 204 ms by bot id=8737871300
2026-07-19 15:55:48 | INFO     | aiogram.event | Update id=905840538 is handled. Duration 243 ms by bot id=8737871300
2026-07-19 15:55:50 | INFO     | aiogram.event | Update id=905840539 is handled. Duration 200 ms by bot id=8737871300
2026-07-19 15:55:50 | INFO     | aiogram.event | Update id=905840540 is handled. Duration 285 ms by bot id=8737871300
2026-07-19 15:55:52 | INFO     | aiogram.event | Update id=905840541 is handled. Duration 237 ms by bot id=8737871300
2026-07-19 15:55:54 | INFO     | aiogram.event | Update id=905840542 is handled. Duration 203 ms by bot id=8737871300
2026-07-19 15:55:55 | INFO     | aiogram.event | Update id=905840543 is handled. Duration 257 ms by bot id=8737871300
2026-07-19 15:56:12 | INFO     | aiogram.event | Update id=905840544 is handled. Duration 208 ms by bot id=8737871300
2026-07-19 15:56:17 | INFO     | aiogram.event | Update id=905840545 is handled. Duration 438 ms by bot id=8737871300
2026-07-19 15:56:23 | INFO     | aiogram.event | Update id=905840546 is handled. Duration 582 ms by bot id=8737871300
2026-07-19 15:56:26 | INFO     | aiogram.event | Update id=905840547 is handled. Duration 294 ms by bot id=8737871300
2026-07-19 15:56:28 | INFO     | aiogram.event | Update id=905840548 is handled. Duration 214 ms by bot id=8737871300
2026-07-19 15:57:16 | INFO     | aiogram.event | Update id=905840549 is handled. Duration 423 ms by bot id=8737871300
2026-07-19 15:57:20 | INFO     | aiogram.event | Update id=905840550 is not handled. Duration 15 ms by bot id=8737871300
2026-07-19 15:57:23 | INFO     | aiogram.event | Update id=905840551 is handled. Duration 244 ms by bot id=8737871300
2026-07-19 15:57:25 | INFO     | aiogram.event | Update id=905840552 is handled. Duration 217 ms by bot id=8737871300
2026-07-19 15:57:27 | INFO     | aiogram.event | Update id=905840553 is handled. Duration 213 ms by bot id=8737871300
2026-07-19 15:57:32 | INFO     | aiogram.event | Update id=905840554 is handled. Duration 420 ms by bot id=8737871300
2026-07-19 15:59:09 | INFO     | __main__ | Baza ulandi: data/database.db
2026-07-19 15:59:09 | INFO     | aiogram.dispatcher | Start polling
2026-07-19 15:59:10 | INFO     | aiogram.dispatcher | Run polling for bot @uzbmediakino_bot id=8737871300 - 'UZB MEDIA'
2026-07-19 15:59:49 | INFO     | aiogram.event | Update id=905840555 is handled. Duration 1094 ms by bot id=8737871300
2026-07-19 15:59:52 | INFO     | aiogram.event | Update id=905840556 is handled. Duration 259 ms by bot id=8737871300
2026-07-19 15:59:52 | INFO     | aiogram.event | Update id=905840557 is handled. Duration 229 ms by bot id=8737871300
2026-07-19 15:59:55 | INFO     | aiogram.event | Update id=905840558 is handled. Duration 202 ms by bot id=8737871300
2026-08-27 12:28:46 | INFO     | __main__ | Baza ulandi: data/database.db
2026-08-27 12:28:46 | INFO     | aiogram.dispatcher | Start polling
2026-08-27 12:28:46 | INFO     | aiogram.dispatcher | Run polling for bot @uzbmediakino_bot id=8737871300 - 'UZB MEDIA'
2026-08-27 12:29:18 | INFO     | aiogram.event | Update id=905840971 is handled. Duration 715 ms by bot id=8737871300
2026-08-27 12:29:42 | INFO     | aiogram.event | Update id=905840972 is handled. Duration 197 ms by bot id=8737871300
2026-08-27 12:29:58 | INFO     | aiogram.event | Update id=905840973 is handled. Duration 215 ms by bot id=8737871300
2026-08-27 12:30:01 | INFO     | aiogram.event | Update id=905840974 is handled. Duration 144 ms by bot id=8737871300
2026-08-27 12:30:04 | INFO     | aiogram.event | Update id=905840975 is handled. Duration 174 ms by bot id=8737871300
2026-08-27 12:30:07 | INFO     | aiogram.event | Update id=905840976 is handled. Duration 429 ms by bot id=8737871300
2026-08-27 12:30:11 | INFO     | aiogram.event | Update id=905840977 is handled. Duration 462 ms by bot id=8737871300
2026-08-27 12:30:13 | INFO     | aiogram.event | Update id=905840978 is handled. Duration 204 ms by bot id=8737871300
2026-08-27 12:30:15 | INFO     | aiogram.event | Update id=905840979 is handled. Duration 383 ms by bot id=8737871300
2026-08-27 12:30:39 | INFO     | aiogram.event | Update id=905840980 is handled. Duration 380 ms by bot id=8737871300
2026-08-27 12:30:43 | INFO     | aiogram.event | Update id=905840981 is handled. Duration 152 ms by bot id=8737871300
2026-08-27 12:30:50 | INFO     | aiogram.event | Update id=905840982 is handled. Duration 439 ms by bot id=8737871300
2026-08-27 12:30:51 | INFO     | aiogram.event | Update id=905840983 is handled. Duration 364 ms by bot id=8737871300
2026-08-27 12:30:53 | INFO     | aiogram.event | Update id=905840984 is handled. Duration 625 ms by bot id=8737871300
2026-08-27 12:31:00 | INFO     | aiogram.event | Update id=905840985 is handled. Duration 159 ms by bot id=8737871300
2026-08-27 12:31:02 | INFO     | aiogram.event | Update id=905840986 is handled. Duration 290 ms by bot id=8737871300
2026-08-27 12:31:03 | INFO     | aiogram.event | Update id=905840987 is handled. Duration 308 ms by bot id=8737871300
2026-08-27 12:31:05 | INFO     | aiogram.event | Update id=905840988 is handled. Duration 201 ms by bot id=8737871300
2026-08-27 12:31:07 | INFO     | aiogram.event | Update id=905840989 is handled. Duration 266 ms by bot id=8737871300
2026-08-27 12:31:09 | INFO     | aiogram.event | Update id=905840990 is handled. Duration 593 ms by bot id=8737871300
2026-08-27 12:31:13 | INFO     | aiogram.event | Update id=905840991 is handled. Duration 175 ms by bot id=8737871300
2026-08-27 12:31:15 | INFO     | aiogram.event | Update id=905840992 is handled. Duration 168 ms by bot id=8737871300
2026-08-27 12:31:20 | INFO     | aiogram.event | Update id=905840993 is handled. Duration 165 ms by bot id=8737871300
2026-08-27 12:31:26 | INFO     | aiogram.event | Update id=905840994 is handled. Duration 466 ms by bot id=8737871300
2026-08-27 12:32:13 | INFO     | aiogram.event | Update id=905840995 is handled. Duration 144 ms by bot id=8737871300
2026-08-27 12:32:15 | INFO     | aiogram.event | Update id=905840996 is handled. Duration 201 ms by bot id=8737871300
